Lcontext10,Lcontext9,Lcontext8,Lcontext7,Lcontext6,Lcontex5,Lcontext4,Lcontext3,Lcontext2,Lcontext1,target word,Rcontext1,Rcontext2,Rcontext3,Rcontext4,Rcontext5,Rcontext6,Rcontext7,Rcontext8,Rcontext9,Rcontext10,class
tafaTro,.hab,TbaqAnA,lmA,bAlamuyA,kulA,danu,saw,sarA,cgro,darasa,mahonu,galxa,bAlafa,Hama,hEktAr,maCafCafAnnA,qATalo,darasa,mahonu,HabrArtawAl,happen
sna,srHqE,mafaxamu,tanAgrawAl,HakAbAbi,.hzb,miTla,kra,znAb,sAbiyA,darasa,dngata,gorf,HadagA,bEtasabocunnA,HqEnsasAtu,maTabaq,tagabi,TnqAqE,mAdrag,HqEndAla,happen
sabl,`Aynato,mrmr,tagbArA,nAwana,mahonu,HastAwaqa,TT,takl,gudA,darasa,tabAy,makalAkal,yAsclu,kEmikAlo,mrmr,malayatA,galxuAl,mA`kalu,matamA,waradA,happen
CAt,taklo,mahonAcawu,HasradtawAl,maDamariyA,daraDA,tmhrt,bEt,.hnxA,gudA,darasa,smnt,rEwocnA,fyalo,gorf,mawasadA,hAlAfi,tanAgrawAl,HadagA,tagodu,Harso,reach
sarAtaNo,HawATta,bAnk,gabi,HadrgawAl,TEnA,muyAtaNo,waCi,maSafa,gudA,darasa,HakAbAbi,mAsamArA,mazagADatu,mAhbaru,HastAwquAl,kll,samE,zon,ngdnA,zarf,reach
taHsamA,Tlq,haza,maglaxnA,kll,mangHstnA,.hzb,HagArna,maglaT,gudA,darasa,wagano,malso,mAquAquA,midaraga,rbrb,b.hErAwi,kllAwi,mangHstnA,.hzb,kll,reach
zEnA,Hagalglo,galaTa,kllAwi,mangHstu,wanzu,mulA,HsAbiyA,sawnA,HqEnssA,darasa,gudA,mAzanu,HastAwquAl,kllAwi,mangstnA,.hzb,tagoDi,zalaqEtA,quAquAmu,dras,happen
gonA,miqomu,maglaxA,HamalkatuAl,kllAwi,mangHs,qada,sil,Hagaritu,kllo,darasa,tamasAsAy,gudAto,Tabaq,dgAf,mAdragu,yAstAwaqa,maglaCA,tagoDi,zalaqEtA,mAquAquA,happen
wAnA,HinpEktar,zArE,HityoPyA,zEnA,Hagalglo,HqEndAstAwaqu,taSkarkAri,tagalbTo,Hadagaa,darasa,bulE,horA,tanasto,katamA,madras,Hamst,kilo,mEtr,qara,smu,happen
kfl,hAlAfi,mktl,HinspEktar,zArE,HatyoPyA,zEnA,Hagalglo,galaxu,HadagA,darasa,tArgA,quTru,kod,nadAD,mAmalAlaSA,botE,makinA,natasAbi,qabalE,gabarE,happen
SElto,nadAD,qadu,dnga,HqElAyA,mawdaqu,blawAl,HadagA,HakAl,gudA,darasa,sawu,dadar,hospitAl,.hkmnA,HqErdAtA,tadaragalA,mahonu,hAlAfi,galxa,polis,happen
HadagA,mansaHE,mATArA,mahonu,tanAgrawAl,TAbiyA,gnbAtA,TanAqaq,mangA,sabl,darasa,gudA,makalAkal,miradAnA,qada,gorabE,Hagar,manasA,yAdarsa,fta,gudA,happen
sil,galxuAl,bAlE,zon,gobA,waradA,qabalE,gorf,HadagA,gudA,darasa,gabarE,HqEhl,zaytnA,bAsA,makafAfalA,waradA,HqErdAtA,HastabAbAri,komitE,HastAwaqa,reach
mStu,sost,sa`A,TAla,znAb,bAskatala,marE,nAdA,HadagA,gudA,darasa,sawu,TEnA,TAbiyA,.hkmnA,HqErdAtA,tadaragalA,mahonu,HastAwqawAl,qabalE,darasa,reach
waradA,migaNu,gaTar,qabalE,minoru,Harbto,HadarocnA,fil,Harbto,Hadaro,darasa,gudA,Hasmalkto,yAgaNa,maraDA,qrbu,yfA,miyAdarg,HastAwqawAl,hagarA,HakAbAbi,happen
gudA,Hasmalkto,yAgaNa,maraDA,qrbu,yfA,miyAdarg,HastAwqawAl,hagarA,HakAbAbi,darasa,gorf,HadagA,tagodu,wagano,marDA,sarAtaNocnA,.hbratasab,kflo,war,damoz,reach
mAquAquA,taDamara,Trat,taTanAkro,liqaTl,ygabAl,blawAl,katamA,gorf,gudA,darasa,wagano,marDA,HqEskA,naTb,miliyo,brnA,qusAqus,HqErdAtA,magaNatu,HastadAdaru,reach
halAfi,HityoPyA,zEnA,Hagalglo,galaxu,`Ama,`dmE,yAlA,HqEraNo,HadagA,darasa,znAb,maTalal,quATNu,Hsr,waqt,quATNu,tafanqlo,manAdu,?,?,happen
viZ,HityoPyA,tabAla,mangstAwi,yAlhona,drD,katamA,gorf,sAbiyA,gudA,darasa,tamAri,wlu,tmhrt,masAriyA,`rdAtA,masTatu,gizEyAwi,HastadAdaru,kAwnslu,HadagA,reach
tamo,gaNu,nawAri,`drocnA,xara,HEds,kbab,HabAlA,Hagaritu,kflo,darasa,gorf,HadagA,bEt,nbratA,tafanAqalu,wagano,marDA,wl,`rdAtA,saTu,happen
zaTa,`Ama,kll,samE,zon,waradA,.hxAnA,motnA,HakAl,gudA,darasa,mahonu,waradA,mAstAwqiyA,x.hfa,bEt,galaxa,wadqo,yAgaNu,bomb,qaTaqTu,reach
`Amatu,wadiyAwnu,mot,zaTa,`Amatu,`Aynu,mATAtunnA,HakAlu,maqusal,HadagA,darasa,mahonu,x.hfa,bEtu,prEsnA,HinformE,tawakAy,zArE,HityoPyA,zEnA,Hagalglo,happen
mikasata,makinA,HadagA,sawu,mimotunA,miliyo,nbra,miwad,galTawAl,kllu,darasa,makinA,HadagA,Hamatu,naTb,mato,mamTAtu,HasradtawAl,talay,Hasr,Hama,happen
bEtu,HinformE,dEsk,hAlAfi,HityoPyA,zEnA,Hagalglo,HqEndAstAwaqu,gorf,bl,darasa,mangad,Tagno,Hagalglotu,mAsqaTal,kllu,gaTar,mangado,bAlaslTA,TganA,kAhEda,happen
ybsA,walE,safarA,TAbayA,bEtasab,HabAl,honu,sost,sawu,gudAtu,darasa,ngAtu,sa`A,Dbu,safarA,TAbiyA,miga,manoriyA,bEt,dnga,gabA,happen
msr,gZi,tafaxama,qrbu,ykafAfalAl,HityoPyA,drEda,katamA,bAlafa,kra,darasa,gorf,HadagA,nbratA,glasab,lT,kAsA,kfyA,faxama,waradA,darasa,happen
ybsA,walE,safarA,TAbayA,bEtasab,HabAl,honu,sost,sawu,gudAtu,darasa,ngAtu,sa`A,Dbu,safarA,TAbiyA,miga,manoriyA,bEt,dnga,gabA,happen
katamA,gaNu,maradADA,HqEdrocnA,glasabo,qrbu,HakAbAbi,guarf,HadagA,gudA,darasa,wagano,marDA,wl,mAwATA,bAnk,gabi,Hadaragu,wanz,HaqTACA,qayara,reach
honu,Harbto,Hadaro,yAkAhidu,masno,HqErSA,wanz,mulA,miyAskatla,maTlaqlaq,darasa,gudA,maqanas,kll,HadagA,makalAkalnA,zgDuna,biro,qdmiyA,mAsTanqaqiyA,mamriyA,happen
zEnA,Hagalglo,galaxu,tamA,wha,maTlaqlaquAnA,mangado,mazagAtA,HqEnssAtnA,nbra,darasa,gudA,mAwaq,tacAla,tamAnA,HakAbAbi,mS,yAlamAquAraT,sa`A,TAla,znAb,happen
zEnA,Hagalglo,galaxu,tamA,wha,maTlaqlaquAnA,mangado,mazagAtA,HqEnssAtnA,nbra,darasa,gudA,mAwaq,tacAla,tamAnA,HakAbAbi,mS,yAlamAquAraT,sa`A,TAla,znAb,happen
Cna,HasAfro,yguAz,Cna,makinA,tagalbTo,gadal,wusT,magbAtu,darasawu,darasa,sawu,sawu,gudA,madrasu,zonu,polis,mamriyA,HastAwaqa,mamriyA,hzb,happen
zEnA,Hagalgalo,galaxu,tArgA,quTru,kod,HaHa,Cna,makinA,HadagAwu,darasa,lElitu,zaTa,sa`A,mHsrAq,zon,waradA,tabAla,sfrA,bAltAwaqa,tagalbTo,happen
hywat,fAnA,hospitAl,hkmnA,tadaragalA,migaNu,HasradtawAl,tamasAsAy,kll,stiyA,darasa,makinA,HadagA,sawu,sawu,HakAl,gudA,madrasu,kllu,polis,komi,reach
maqoTATariyA,kfl,hAlAfi,HinspEktar,zArE,HityoPyA,zEnA,Hagalglo,galalaxu,gudA,darasa,HasAfro,katamA,lArE,yguAz,nabarawnA,salEdA,quTru,kod,mistibuSi,bAlahula,happen
galaxu,mansHE,bAltAwaqa,hunEtA,lElitu,sdst,takul,tEwodros,gabayA,HadArA,darasa,qATalo,suqocu,namulu,nbratA,Tq,HadrguAl,mktl,Sumu,HqEndAstAwaqu,tamA,happen
darasa,qATalo,suqocu,namulu,nbratA,Tq,HadrguAl,mktl,Sumu,HqEndAstAwaqu,darasa,darasa,HadagA,bEtocnnA,gmtu,yAltAwaqa,nbra,HawdmuAl,Tla,znAb,gudA,happen
darasa,HadagA,bEtocnnA,gmtu,yAltAwaqa,nbra,HawdmuAl,Tla,znAb,gudA,darasa,gorf,maqalbaSA,boyo,srA,mAkAhEd,zgD,tadaraga,mahonu,HamalktawAl,bAlafa,reach
zonu,HayAlfA,tablo,miTarA,sfrA,fTna,maguAz,Cna,makino,magACatA,darasa,HasaqAqi,HadagA,sawu,wadiyAwanu,mamotAcawnnA,hospitAl,mawasad,HqEndAla,hywatu,mAlafu,happen
mamriyA,hzb,gnNuna,bAlamuyA,bEta,HityoPyA,zEnA,Hagalglo,galxawAl,HadagA,darasa,HqEhl,Cno,maguAz,turbo,makinA,mAmrA,Cna,makinA,magACatu,bAlamuyA,happen
maguAz,turbo,makinA,mAmrA,Cna,makinA,magACatu,bAlamuyA,HasradtawAl,HadagA,darasa,gudA,darasabAcawnA,hzbu,rbrb,Cna,makinA,tagotta,waTu,sawu,HqErdAtA,happen
biro,mktl,halAfi,doktar,HityoPyA,zEnA,Hagalglo,galaTu,godE,gudAtu,darasa,HakAbAbi,lAka,qolo,mASlA,saliTnA,boloqE,mrT,zar,biro,yAsarACa,happen
biro,mktl,halAfi,doktar,HityoPyA,zEnA,Hagalglo,galaTu,godE,gudAtu,darasa,HakAbAbi,lAka,qolo,mASlA,saliTnA,boloqE,mrT,zar,biro,yAsarACa,happen
boloqE,mrT,zar,biro,yAsarACa,mrT,zar,wanz,mulA,gudA,darasa,.hEktAr,lT,HqErSA,marE,malso,mAlmA,miyAscl,galTawAl,wanzu,mulA,reach
lT,HqErSA,marE,malso,mAlmA,miyAscl,galTawAl,wanzu,mulA,gudA,darasa,wagano,mAquAquAmiyA,mangstAwinA,mangstAwi,yAlhonu,drDtocnA,.hbratasab,kflo,HqErdAtA,mAdrag,reach
hAlAfi,radA,HinispEktar,HityoPyA,zEnA,Hagalglo,galaxu,tabAla,qabalE,HadagA,darasa,mS,sostu,lDo,bEt,zagtAbA,bunA,maTaTA,gorabE,hEda,waqt,happen
HqEsA,lDA,mabasACa,bEtu,mAqATal,sut,HqEsA,manoriyA,bEto,tazAmto,darasa,HadagA,Harso,Hadaro,yAlamaTalayA,maqratA,waradA,polis,HamalktuAl,tanasA,?,happen
dngAy,taqarxo,tatakala,yKE,tArikAwi,.hawl,Cna,makinA,tagaCto,gudA,darasa,bAlafa,mAksaNo,mS,tamA,ma.hAl,qomo,nabarawnA,mEtr,HqErzma,.hawl,reach
nabarawnA,mEtr,HqErzma,.hawl,.hawl,msl,taqarxo,tanAgrawAl,.hawl,gudAtu,darasa,HaSkarkAri,quTTr,sr,wAla,hAlA,wAs,malaqaqu,srA,HaskiyADu,galxa,happen
wAs,malaqaqu,srA,HaskiyADu,galxa,wAl,kll,wanz,mulA,gudA,darasa,waradA,qabalE,nawAri,fEdarAl,HadagA,makalAkalnA,zgDuna,HEDEnsi,dgAf,daraglA,reach
HaSkarkAriwnA,radAtu,Hayna,gudA,sAydarsbA,matrafA,HastAwqawAl,bAdnA,qalAl,gudA,darasa,HadvEntis,tawasda,hkmnA,HqErdAtA,tadaragalA,mahonu,Cna,HasAfro,maguAz,HadagA,reach
sdst,qabalE,kramtu,znAb,mabzA,sAbiyA,wanz,molto,HaqTACA,masA,darasa,maTlaqlaq,tafanAqalu,bEtasabocA,maTalayA,TAbiyA,ygaNAlu,hAlAfi,galaxA,makinA,tasAfra,happen
sost,hEktAr,mibalT,marE,mizarA,galTa,mAhbaru,qada,lm,gudAtu,darasa,waradA,nawAri,yAlA,bEt,qusAqus,mAkafAfalu,tanAgrawAl,waradA,sdst,qabalE,happen
hywat,wadiyAwnu,yAlf,SofEru,Camro,honu,tasAfAri,bAdnA,qalAl,gudA,darasa,HasradtawAl,HadagA,tagodu,mHsrAq,hospitAl,talka,hkmnA,tadaragalA,mahonu,Taqomu,happen
Hagalglo,galaxu,makinA,HadagA,darasa,qanu,tabAla,qabalE,HadagA,gudA,darasa,sawu,hospitAl,taNta,matAka,honu,galaxu,hAlAfi,qalAl,gudA,darasabA,reach
darasabA,sawu,hospitAl,taNta,matAka,honu,galaxu,hAlAfi,qalAl,gudA,darasa,sawu,maDamariyA,hkmnA,HqErdAtA,tadargualA,wadayabEtA,mamalasA,HasatAwqawAl,HadagA,yAdarasa,reach
HasatAwqawAl,HadagA,yAdarasa,makinA,HaSkarkAri,tadagAgAmi,TfA,sas,mahonunnA,HadagA,darasa,HqEla,TawA,HasAfro,guAz,tamA,trAfik,polisa,tayzo,ks,cArD,happen
hywat,wadiyAwnu,yAlf,SofEru,Camro,honu,tasAfAri,bAdnA,qalAl,gudA,darasa,HasradtawAl,HadagA,tagodu,mHsrAq,hospitAl,talka,hkmnA,tadaragalA,mahonu,Taqomu,reach
daraga,mahonu,galxawAl,talay,TrA,TrEnA,sablo,mr,masabsab,waqt,darasa,bknatnA,TrA,maguAdal,mAsqara,Harso,Hadaru,dhra,mr,tEknoloDi,tmhrt,happen
zEnA,Hagalglo,galaTu,kod,tArgA,quTr,lAnd,kruzar,makinA,HadagA,darasa,HasAfro,guAz,HakAbAbi,HqEgr,maguAz,sost,sEto,taSkarkAri,magaCatA,wadiyAwnu,happen
taSkarkAri,HadagA,magalbaT,yAgATma,SafEru,CaNro,wsTu,sawu,Hayna,gudA,darasa,galTawAl,HadagA,hyawatA,yAlafa,sawu,HaskarE,hospitAl,malAku,HastAwqawAl,?,reach
hab,TbaqAnA,HqEnkbkAbE,gnzAbE,Hanasta,mahonu,`Amatu,.hEktAr,tafaTro,wdma,darasa,zonu,gbrnAnA,gaTar,lmA,mamriyA,HastAwaqa,mamriyA,dannA,dur,HqEnsasA,happen
bAlamuyA,`AlamAya,`Alamu,HityoPyA,zEnA,Hagalglo,galaxu,hbratasabu,zonu,hab,darasa,fta,wdma,sAbiyA,`Amatu,znAb,mAylayA,HakabAbi,`Ama,yAgaNu,znAb,happen
tamanAmana,mamTAtu,HanAbsto,mandaro,zalqa,mag,sawnA,bEt,HqEnsasA,gudA,darasa,mahonu,`AlamAhugalxawAl,hbratasabu,HakAbAbi,migaNa,hab,wdma,yAdarsa,TAwlA,mAmra,reach
mangstAwi,bAlhonu,drDtocnA,hbratasabu,`Amatu,Hamst,miliyo,zAf,cgNo,bitakalu,darasa,kAla,wdma,HanxAr,Hanasta,blawAl,zonu,hab,wdma,makalAkal,?,happen
HakAbAbi,galabaT,tanasA,HqEsA,SofEru,wadiyAwanu,motuAl,HqEkula,lEli,maqArabiyA,darasa,HadagA,sAbiyA,tanasA,HqEsA,mATfA,mokaru,malablab,gudA,darsobA,hywat,happen
konstrAk,drD,galbAC,taSkarkAri,magalbaTu,sosa,sawu,qalAl,HakAl,gudA,darasa,taSkarkAri,HadagA,darasu,mansHE,maTArA,miga,radA,HinspEktar,galxawAl,?,reach
mAstAwaqiyA,zon,samE,waradA,kAbinE,HabAlAtnA,mangHs,HsarAtaNo,gorf,gudA,darasa,wagano,marDA,damawazA,Hamst,mato,mato,HqErdAtA,masTa,mawasanA,waradA,reach
HqEndAsradu,fta,waCi,tasarA,HasfAl,mangad,marE,masanaTaq,sAbiyA,gudA,darasa,mahonu,HaSkarkAriwocnA,mangadu,taTaqAmi,Hamalakatu,HaSkarkAriwocunA,tagalgAyocu,HityoPyA,zEnA,Hagalglo,reach
fta,bl,tadArguAl,mangadu,talay,tabAla,HakAbAbi,bAlafa,kra,botA,darasa,masanTaq,mEtr,lAyna,Tlqa,yAlawu,gudguAd,mafTaru,taSkarkAri,magalbaT,hywatnA,happen
polis,bAldarabA,lElocu,HastayAya,saCi,galxawAl,TEnA,bAla,mangad,masanaTATaq,darasa,mangad,TganA,kAlAgaNa,Hagalglo,liho,yclAl,sgA,HqEndAlA,tagalgAyo,tanAgrawAl,happen
whA,mulA,makababA,kllu,HadagA,makalAkalnA,zgDuna,biro,HastAwaqa,stayA,darasa,whA,mulA,takababu,mAwTA,yAgalagl,DalbA,sfrA,talkuAl,biro,qdma,happen
bEtA,wasT,yAgaNu,bomb,qaTaqTu,bEtasab,HabAlA,motnA,HakAl,gudA,darasa,mahonu,mAstAwaqiyA,x.hfa,bEtnA,polis,galaTa,waradA,mAstAwaqiyA,x.hfa,bEt,reach
gamata,sawu,nbra,tabAla,wanz,molto,Hilo,qabalE,gabarE,mAhbar,darasa,gudA,yKa,wanz,doro,gocnA,fyalo,mawsadu,Taqomu,halAfi,hEktAr,happen
buqAyA,mAwdamu,tanAgrawAl,halAfi,maglaCA,HadagA,maTa,migabA,marmro,gudA,darasa,gabarE,HqErdAtA,mAsgaNa,cAl,waradA,mgb,wAstnAnA,HadagA,makalAkal,sarA,reach
gorf,sndE,TEf,gabsnA,sabl,Haynato,Tq,waradA,Hamst,qabalE,darasa,gorf,Tq,gabarE,nbra,sabl,HasradatawAl,gorfu,darasa,gudAtu,maTa,happen
tamA,HaquArTo,yAlfa,yK,wanz,nawAri,bEt,HqEnsasAtnA,manoriyA,bEto,darasa,gudA,mAsqara,kAhEda,gorf,makalAkal,gdb,HsrA,Hahunu,waqt,gmA,happen
dnq,mAnnatA,yAbaqA,HqEnkbkAbEnA,fqr,komakomu,Hadagu,wandmAmAcocu,hAzannA,dngATE,darasa,HasAdAgiwocA,kfl,tamAri,sAlu,mot,talayu,waqt,HaznawnA,dangTa,Halqaru,happen
hanA,HaTtuAl,hEmingwEy,waTA,Torna,gAzETa,hono,sarA,HqEgru,HadagA,darasa,stAstAmma,fqr,wadaqalA,sEt,HaTtuAl,mATA,waTAto,SaklA,SaklA,Hafar,happen
fEdarESnu,dolAr,ykafAfalAl,bunA,HasalTA,wbatu,budnu,lig,CawAtA,mugar,darasa,Snfa,takatlo,dagAfi,taqAwmo,tayAyAza,malqaq,wasno,sAmnt,wsAnE,maqayar,happen
HsfrA,Hayta,maTA,samcAla,tkkl,samE,tarAro,HakAbAbi,hEDE,HadagA,darasa,sfrA,HaycEHala,HandAnd,fnCo,HagNcE,tamalSAla,sbrbAri,?,?,?,happen
musnA,wanDal,mafaxa,mukarA,bidarag,makSafu,mAhbaru,`Ayna,ganzab,bkna,darasa,Taqsa,tadaraga,mATArA,hida,qdmiyA,likafal,br,mAtrafA,`rdAtA,HqEhl,happen
waqt,HafrikA,HaquA,wasA,galaxAla,warA,HafAr,kll,gub,turisto,darasa,HadagA,HErtrA,dagafu,haylo,taTayAqi,yAla,HityoPyA,mangs,gudAtu,yAdarasa,happen
yugAndA,mtgaNa,gulu,katamA,miga,tafanAqAyo,kAmp,mtnor,Handi,sEt,darasa,gf,saw,lifaxma,mAycl,HaramanEyAwi,stl,galxAwAla,koni,HazAZocu,t`zAz,happen
Trat,qaTala,gudAyu,mangadaNo,tafaxama,TqA,sawu,hywat,maTfAtunnA,gudA,darasa,TqAtu,Sfto,tafaxama,tabluAl,TqAtu,faxama,HakAl,frd,mAqrab,daraga,reach
kAHsA,bitAsab,`AmatA,gudA,sAydars,qarto,noro,HsartA,tAga,ganzabnA,darasa,gudA,HqEndtAwaTA,mtgadadA,HadAdis,waCi,Camro,HaTaqAlAy,br,HsAnti,gudA,happen
rabu`,mSa,polisocnA,kontrobAnd,nagAdE,tAkosu,Hadaru,tadaraga,takus,lwwT,darasa,gudA,maTa,mAwaq,bAycAl,hxA,maqusalu,kllu,polis,HastAwquAl,tamA,happen
Tababa,HqElAchuAla,Cnqa,Cnqa,sho,HalAsAz,HqEskazArE,mAwqa,bAl,banE,darasa,Halwadadku,HalAlkuA,masalA,HafqAri,darasa,maDamariyA,fqr,dabdAbE,btAyu,nabarA,happen
makinA,yAla,HalulA,harmani,zoro,HalAwaqa,HqEhtu,yAwaqA,lDnatA,HawAqina,darasa,mAnnatA,nagar,tarasAstuAl,tarArquAl,talayAytuAl,dro,habtAmna,yasu,dro,bArna,happen
tadarso,tAsara,HaltaTarATara,Had.hari,HqEhtu,sAyAgAlT,guyA,dabquA,maqamaTu,qTAtu,darasa,HaltaTarATara,HadarA,lDE,HadarA,Hala,HamAnuHEl,hospitAlu,haki,masAy,saw,happen
Hayar,dbdabA,zArE,rafAdu,HakAbAbi,sost,bEto,mafrasA,salAmAwi,zEgo,darasa,gudA,Halamanoru,maraDA,mnCo,mAmalkatA,ministEru,galxuAl,HamErikA,Hayar,TqA,happen
maraDA,mnCo,mAmalkatA,ministEru,galxuAl,HamErikA,Hayar,TqA,HalSabAb,HamarAr,darasa,gudA,HaSabArinatnnA,HakrArina,mawAgA,midaraga,tgl,dl,HanxAru,HalSabAb,Snfa,happen
gbrnAnA,gaTar,lmA,ministr,marA,lHukA,budn,gorf,HadagA,gudA,darasa,DDgA,tamA,zArE,gobaNa,Hadisu,gasa,marA,lHukA,budnu,bAhlnA,reach
kllu,r`samastadAdr,HabdulAhi,hasannA,bAlaslTanA,HaqabAbal,HadrgawlAcawAl,lHukA,budnu,gudA,darasa,hbratasab,kflo,yAnagAgara,kllu,HadagA,makalAkalnA,zgDuna,xhfa,bEt,tagoDi,reach
mangad,mAskEd,yAsclu,tubo,lAyfaTarulA,yclAl,masmar,mknyAto,tanasA,gudA,darasa,zar,fasA,tkkla,fTnatnA,maTa,wadasEtuA,bl,mAskEd,mAycl,lD,reach
DagnocnA,naxAna,tawAgi,HqEsrAHElo,SbrtaNo,bnl,drgitu,salAmAwi,zEgo,gudA,darasa,Sbr,ybAlAl,fanDi,Tor,maHsAriyAnA,masAsalu,maHsAriyA,watAdarAwi,taquAmAtnA,`ilAmA,reach
bAla,mangad,mangHs,tNA,skuAr,proDak,HakAbAbi,nawAri,`Ayna,CAnA,darasa,mAla,dfnu,mAstabAbal,bAlafa,qarbu,mAsraDA,lmA,mAydagfu,polatikA,qumArtaNo,happen
.haza,dbAb,Hagaritu,tafaTarawnA,yAsdanagaTa,`AbAy,rahA,rafAdu,sa`A,gadamA,darasa,zagnANnA,qAlA,ligalax,mAycla,makinA,HadagA,Hadis,HababA,go.h,sAyqad,happen
rqa,samAnyA,mEtr,Tlqa,magalbaTu,HarbA,tasAfAri,.hywa,qaTfuAl,muAcocu,darasa,qATalo,nadawAl,wAl,`AbAy,dldy,HakAbAbi,hbratasabunA,poliso,rbrb,HqEsA,happen
`A,mAlEli,lEninAwi,lig,tgrAy,taquAqumo,`A,HakAbAbi,mHsrAq,HawroPA,darasa,wT,fars,madaragu,galxawAl,nagaru,`A,mAlEli,Halnabara,Hi.hdE,marA,happen
dastA,maglaCA,ganata,l`ul,bEta,mangHs,dho,ganzabsTotA,mAdrag,tagaNa,darasa,bonb,TqA,fASistunnA,Cfrocu,fta,qusla,dAragA,TqA,yAdarasu,HqErmaNocu,happen
bzAtnA,sfA,HqEnAsb,yAlaqa,Hagar,wadAd,HityoPyAwi,DagnA,wd,.hywatnA,darasa,HakAl,gudlatnA,nbra,TfA,tAlAq,saqoqAnA,.haza,magama,yAdAg,hono,happen
gmbAr,HityoPyA,HabyotAwi,HsarAwituA,tadaragu,HayAlE,TornatocnA,yAlaqa,wagan,TornA,darasa,TaqlAlA,Hagar,hAb,TfAtnA,ksra,`la,`la,takamAcu,mAstAwaSA,mamarkoz,happen
Carso,bAltawasu,HayAlE,Tornato,.hywa,HqElqi,HakAl,magudalnA,nbra,TfA,darasa,TaqlAlA,kiHsArA,mAsabnA,magama,zaga,tztA,hono,HasAzA,`wnato,HasAzANu,happen
muyA,samAru,HasAzANnA,HasaqAqi,.hywa,tArik,HityoPyA,.hzb,maglax,HErtrA,darasa,SnfatnA,watAdarAwi,`lqi,wAnA,taTayAqi,dargmangHs,fta,vilnA,litari,bAlaHslTAnA,happen
mokrawAl,darAsi,hEdu,rusyA,HsarA,gAz,makinA,fanD,tamatto,HadagA,darasa,watAdarocA,taruAruTa,HalaqA,wadaqu,Hansta,HabuArA,HarAgfa,darasabA,gudA,mAwaq,happen
saw,HqEdl,hono,lD,mAswalad,bicl,HqEnku,tawaladawa,wand,lD,darasa,TEnA,cgr,lDu,litalAlaf,yclAl,hormo,mazA,wando,hormo,mazA,happen
rado,qalAqlo,TAla,znAb,hEktAr,mAsA,sabl,mAwdamunnA,mAsA,tolo,darasa,zar,maSafa,Trat,tadaraga,mahonu,waradA,gbrnAnA,gaTar,lmA,xhfa,happen
sost,`AmatA,mA`kalu,Harso,Hadaro,mAsAnA,gl,HqErSA,tamokro,HaCr,darasa,mrtAmAnA,tabAy,qalAlu,mAyTaqA,mahonu,taragAgaTa,HasradtawAl,talay,zonu,sost,happen
gorf,sAbiyA,tabalASa,buqAyA,tagalbTo,taSafana,HqEnada,SnbrAnA,Hayna,faTno,darasa,sabl,zryA,qolo,zryA,bAlafu,xhfa,bEt,galaxa,x.hfa,bEtu,reach
gorf,sAbiyA,tabalASa,buqAyA,tagalbTo,taSafana,HqEnada,SnbrAnA,Hayna,faTno,darasa,sabl,zryA,qolo,zryA,bAlafu,sost,`AmatA,mA`kalu,Harso,Hadaro,reach
gazto,masTa,taSAla,gabi,yAgaNu,HascluAl,Harso,Hadarocu,mAHqEklu,zaTanA,darasa,waCi,gazto,saTA,goc,bAgaNu,HqEndAstAwaqa,tEknoloDi,mrmr,wTEtu,mAstawAwaq,happen
magzA,nuroHa,mASASAl,mahonA,HastAwquAl,Tq,mAsA,hEktAr,tagalbTo,tolo,darasa,bAla,sabl,matakA,zar,mazrA,srA,maDamaru,galxawAl,HadagA,darasa,happen
bEt,magalgayA,qusAqus,dgAf,tadargoluAcawAl,Harso,Hadarocu,wadamabA,sabl,tolo,darasa,bAla,SmbrA,masAsAlu,HqEhl,zar,Safnu,Trat,tadaraga,mahonu,hAlAfi,happen
qanA,wadi,taSaTa,doro,wAgA,matAyatu,tanAgrawAl,ySaT,bag,maSaTu,darasa,matAyatunnA,yAwaTA,sangA,maSaTu,matAyatu,HasradtawAl,msrAq,walagA,zon,ngd,happen
masTatA,taTaqumuAl,waradA,HqEskaHa,takanAwana,Trat,hEktAr,marE,tArso,faTno,darasa,bAla,sabl,maSafanu,HasradtawAl,?,?,?,?,?,?,reach
hEktAr,mibalT,mAsA,sabl,mahonu,Taqomu,.hzb,gnNuna,makonnu,faTno,darasa,bAla,Hazr`,matakA,makafAfal,gaNa,zar,kuntAl,TagA,HamalktawAl,?,reach
mamotA,tAwaqa,tanAgarawAl,wha,maTlaqlaq,sAbiyA,HqEskA,HakAbAbi,sawu,quTr,darasa,blawAl,yhunnA,zonu,gorogutu,qarsAnA,waradA,migaNu,gabarE,HaCr,darasa,happen
darasa,blawAl,yhunnA,zonu,gorogutu,qarsAnA,waradA,migaNu,gabarE,HaCr,darasa,bAla,kuntAl,SmbrAnA,qolo,Hazr`,makafAfalA,tanAgaru,rAD,gabarE,tasaTuA,happen
Hagalglo,Haramu,tafaTro,tasfAfA,mahonu,saw,hayl,mAswagad,mAycAl,daraDA,darasa,nawu,sgA,mAsAdaru,HastAwqawAl,xhfa,bEtu,bAlamuyA,baSE,HityoPyA,zEnA,happen
TEfnA,qolo,sabl,Tq,mAdrgu,galaxu,bAlamuyA,TafA,sabl,tolo,darasa,bAla,sabl,matakA,cAl,SmbrA,zar,mAqrab,zgD,tadaraga,mahonu,happen
sarto,mAsAyA,mask,gub,srA,HaskiyADu,salomo,ngAtu,galaTu,zryA,darasa,yAlawu,drqnA,StA,taquAqumo,zryA,znAb,HaTar,honunA,qolAmA,HakAbAbi,happen
HaskiyADu,HastAwqawAl,Harso,Hadar,burqA,galcu,saTu,HastayAya,.hEktAr,zarta,darasa,zryA,buqAyA,qada,sil,mrmr,taquAmA,wasda,taTaqamu,qolo,zryA,happen
mahonA,maragAgaTu,HamaktawAl,mrT,zarocu,nabAr,sndE,zriyA,sost,HqETf,darasa,yAlawu,mr,maTa,masTa,miclu,hAlAfi,galxa,gabarE,mAsA,mrmr,happen
sost,waradA,sost,.hEktAr,mibalT,HqErSA,marE,takasata,CAkA,HanbaTA,darasa,mASlA,gudA,darasa,hunEtA,bAlamuyA,budn,sfrA,tagaNto,TanA,mahonu,happen
tablo,mAmalAlaSA,bEtu,hAlAfi,mahadi,HityoPyA,zEnA,Hagalglo,galaxu,HadagA,darasa,zArE,TawA,sa`A,takul,HasAfro,yguAz,salEdA,quTru,kod,Haysuzu,happen
mibalT,marE,sabl,HaTNi,budn,maragAgaTu,HamalktawAl,mahonu,HarsoHadarocu,faTno,darasa,yAlawu,sabl,Hayna,mazrA,clu,kuntAl,zar,dgAf,miyAsfalg,TnA,reach
Hagalglo,watAdarAwi,kflo,HagaNa,zEnA,Taqso,zagaba,HamErikA,HityoPyAnA,kEnyA,darasa,watAdarAwi,smmna,maHsara,qAHidA,HaSabAri,marab,mabaTATas,midaraga,Haqaf,Trat,happen
HityoPyA,zEnA,Hagalglo,HqEndAstAwaqu,gabarE,tasaTA,kuntAl,SmbrA,guAyAnA,faTno,darasa,bAla,sabl,zar,zaru,naTb,miliya,gazA,warld,viZ,HityoPyA,reach
bAlabE,honu,HabraKa,zArE,HityoPyA,zEnA,Hagalglo,galaxu,bAlafa,HsAm,darasa,kilo,rbarE,Hahunu,waqt,zq,bluAl,HandAnd,rbarE,nagAdE,saTu,happen
tarA,sAmnt,katamA,sAmnt,wAla,gabayA,mgb,sabl,rbarEnA,HqEhlo,darasa,wAgA,CmAri,matAyatu,nagAdEwocnA,SamAco,Hamalakatu,tamA,qdAmE,gabayAnA,HqEhl,happen
tarA,sAmnt,wAla,gabayA,bAlafa,sAmnt,kuntAlu,nug,wAgA,sAmnt,darasa,blawAl,suf,goma,zar,kuntAl,maSaTu,kAlafa,sAmnt,wAgA,CmAri,happen
kuntAl,SaT,wluAl,ruz,zq,sil,zaman,malawaCA,`Al,Camro,darasa,galTawAl,HqEhlnA,TrATrE,sAmnt,wadi,`Ayna,CmAri,sAyAsAy,tamasAsAy,wAgA,happen
sfrA,birowu,tafAsas,bAlaslTA,tanagAgara,mahonu,galTawAl,HadagAwu,qabalE,hEktAr,darasa,qolonA,TT,mr,maTfAtu,qand,btocnA,quTrAcawu,wul,yAltAwaqa,gocnA,happen
HityoPyA,zEnA,Hagalglo,HqEndAstAwaqu,taSkarkAri,tagalabaTa,Hadaga,dars,makinAwu,katamA,darasa,bulE,horA,tanasto,Hamst,kilo,mEtr,qara,smu,quTr,Hsos,happen
wadada,TalA,qamaru,qan,qanA,sAmnt,sAmntA,war,waladu,`Ama,darasa,`Ama,HarogE,tabAla,`AmatA,takA,zaman,korcA,yAsqamaTawAl,saw,HagbAbu,happen
hEktAr,Hamst,kuntAl,yga,mr,dAgusA,kuntAl,Hocoloni,kuntAl,mAdras,darasa,tanAgrawAl,Hakuri,Hatar,qada,sil,hEktAr,smnt,kuntAl,yga,hunEtA,happen
HakAbAbi,fta,waCi,zamanAwi,proDakto,takanAwnA,sabl,lmA,Camro,tolo,darasa,yAlawu,HatkaltnA,frAfrE,mAlmA,taTaqAmi,honu,mamTAtA,Hofisaru,TaqumawAl,warld,happen
gub,srA,HaskiyADu,salomo,ngAtu,galaTu,zryA,drqnA,StA,taquAqumo,darasa,zryA,znAb,HaTar,honunA,qolAmA,HakAbAbi,Hayar,xabAy,tasmAmi,mahonu,happen
gabarE,.hEktAr,marE,qolo,mASlA,boloqE,sndEnA,`AlamAyA,yunivarsiti,HaCr,darasa,fta,mr,HsaTu,sabl,zryA,mAbAzA,mahonu,HastAwaqa,yunivarsiti,zArE,reach
HaskiyADu,HastAwqawAl,Harso,Hadar,burqA,galcu,saTu,HastayAya,.hEktAr,zarta,darasa,zryA,buqAyA,qada,sil,mrmr,taquAmA,wasda,taTaqamu,qolo,zryA,happen
Camr,gnbAr,qada,minA,taCAwata,qolo,zryA,Harso,Hadaru,HagbAbu,darasa,Tru,hunEtA,mimacA,galTawAl,Harsi,nagalE,waradA,mktl,HastadAdAri,tibEso,happen
doktar,salamo,HasafA,xut,mrmr,taquAmA,waTu,zryA,Harso,Hadaru,darasa,bAladrSA,HakAlA,yAdargu,Trat,taTanAkro,maqaTal,talay,fAsiliti,for,canD,happen
canD,tabAla,mangstAwi,yAlhona,drD,Hakuri,Hatar,mrT,zar,HarsoHadaru,darasa,lmAtu,sfAfAnA,zar,HqETra,qAlal,daraga,Trat,HabaratA,mahonu,galTa,happen
mAHqEkalA,takAhEda,TnA,mrtAnatA,taragAgaTa,mahonA,HastabAbAri,TaqumawAl,zryA,mr,darasa,sabu,waradA,mrT,zar,miyAsfalgA,gabarE,mikafAfal,muluqa,galTa,HaCr,happen
sabu,waradA,mrT,zar,miyAsfalgA,gabarE,mikafAfal,muluqa,galTa,HaCr,darasa,HatkltnA,frAfrE,zar,mAlmA,mAsarACa,Trat,tadaraga,mahonu,tanAgrawAl,mbA,happen
x.hfa,bEtu,dagA,habur,HakAbAbi,gaNu,yAhl,nawAri,bAyl,Hagalglo,darasa,masAriyA,takalA,mAkanAwa,srA,HaskiyADu,kll,bAlafa,Hama,tadaraga,HqEnqsqAsE,happen
sEktar,masriyA,bEto,taqanADta,mrT,zryAwocnA,gbrnA,tEknoloDi,Harso,Hadaru,darasa,yAdargu,Trat,hAgaritu,mgb,wAstnA,HaCr,gzE,mAragAgaT,mtAdarga,Trat,happen
bEt,`Ama,tamo,mobAyl,slk,gaTar,qabalE,gamad,slk,Hagalglo,darasa,HqEnqsqAsE,maDamaru,HastAwaqa,xhfa,bEtu,HsrA,HaskiyAD,zmAmu,HityoPyA,zEnA,happen
mAHqEkalu,bunA,frE,baStA,taquAquma,fta,mr,saTu,bunA,zryA,darasa,HawTto,mAsarACatunnA,bAlafa,Hama,yAwaTA,dAmo,HakAbAbi,zryA,Harso,Hadaro,happen
bEtu,HqETf,liyAdg,micl,tanAgrawAl,zryA,talay,StA,maquAquA,HaCr,darasa,gabayA,tafalAgi,mahonu,taSAla,gabi,miyAsgaNulA,Harso,Hadarocu,tanAgrawAl,xhfa,happen
qanA,saT,slTanA,TanAqaq,galaxu,xagu,hagaro,zArE,darasawu,HqEdga,darasa,lidarsu,cAlu,gbrnA,zarf,tkura,masTatA,salTANo,slTanA,qasamu,HqEwqa,happen
taquAmAtnA,daraDA,tmhar,.hxAnA,mAdAras,tayAza,HqEqd,masarat,walADo,HqEdmE,darasa,.hxa,wadatmhr,bEt,lku,TayqawAl,wandocnA,sEt,tamAri,lyuna,mAmaTATa,happen
HakAlA,drSA,mahonu,nabil,HasganzabwAl,.hzbo,kll,zon,HqEdmEHa,tmhar,darasa,sEto,sEt,tamAri,quTr,Hahunu,waqt,mato,darasa,x.hfa,bEtu,happen
Trat,tmhrt,zaman,yAhl,daraDA,tmhrt,bEto,quTr,Hahunu,waqt,darasa,tamAri,quTr,mahonu,HastAwqawAl,kllu,tmhrt,SfAn,mato,mato,mAdagu,happen
kllu,sost,`Ama,daraDA,tmhrt,bEto,bihonu,takatAtAy,takAhEda,Trat,darasa,tamAri,quTr,liho,macAlu,galTawAl,yAhl,masanAdo,tamAri,quTr,darasanA,reach
darasa,tamAri,quTr,liho,macAlu,galTawAl,yAhl,masanAdo,tamAri,quTr,darasa,tEkniknA,muyA,tamAri,quTr,mAdagu,HabAdulA,riportA,HamalktawAl,?,?,happen
tasAtfo,mAdrag,mahonu,HastAwqawAl,bAlafa,`Ama,kllu,daraDA,tamAri,quTr,darasa,sEt,tamAri,quTr,madrasu,galTawAl,daraDA,tamAri,quTr,mablaTu,Hamalkta,happen
madrasu,galTawAl,daraDA,tamAri,quTr,mablaTu,Hamalkta,sEt,tamAri,quTr,darasa,HastAwqawAl,kllu,taquAquAmu,HamArAC,masaratAwi,tmhar,masCA,TAbiyA,yAzna,`Ama,happen
taqablo,muyA,mAsalTa,mazagADatu,tanAgaru,profEsaru,Hahunu,waqt,tamAri,quTr,darasa,mamTAtu,galTawAl,yunivarsti,zandro,qabalA,tamAri,maDamariyAnA,digri,progrAmo,miyAsalaT,happen
sost,HamatA,wadi,zonu,qolAmA,waradA,daraDA,tmhar,bEto,masarAtnA,darasa,Hagalglo,saTu,mAdaragu,tagalTuAl,bAlafa,Hama,mato,bAlE,zon,tmhrt,happen
progrA,tmhrt,zEgA,mAdAras,takAhEda,HqEnqsqAsE,daraDA,tmhrt,SfAn,mato,darasa,mahonu,zonu,tmhrt,x.hfa,bEt,galaTa,x.hfa,bEtu,tmhrt,HqEqd,reach
tamAri,taTaqAmi,mihonu,tanAgaru,halAfi,zonu,tmhrt,SfAn,mato,mato,darasa,hbratasabu,tmhrt,proDaktocu,gnbAtA,naTb,miliyo,gul,qusAqusnA,ganzab,HastawAxHo,happen
mrmarAnA,mkr,Hagalglo,flAgo,mAdagu,sawu,maramaru,mrmarA,mA`kalAtu,bzA,darasa,mahonu,makalAkalnA,maqoTATar,srA,mAgazu,tanAgrawAl,kllu,HandAnd,HakAbAbi,mAhbasab,reach
lAlibalA,sAtAyu,qxru,bEta,bla,TayqawNAl,guzo,mAstAwaSA,sxf,botA,darasa,rAsE,yAyawu,qda,takatal,taka,tArik,tAnaxa,zaman,qda,takatal,happen
sAqu,gabu,DarbA,yAlu,mArfadA,HalunA,HamArar,mangad,qaTal,marsA,darasa,nfAs,warad,marsA,gEt,lut,HandAndo,waldiyA,bEnzi,qom,bEnzi,happen
guandar,byE,HanbAbiwocE,guandar,darSE,mArAki,t`y,HasnabbE,HafE,molcE,darasa,darso,yhE,byE,manAgarE,dfra,shta,kilo,mEtro,yAhl,rqA,happen
tlAntanA,guAda,hulatA,yat,mAsAlaf,HqEndAlab,takarAkar,HqEl,HasCarA,wyy,darasa,ntrk,smmna,tadarasa,fil,yan,mAsAlaf,fil,mAya,saHatu,mAsAlaf,happen
HatakArA,faTro,takafala,maqoyatu,lb,wsAnE,TAmu,tacagara,maCaraSA,wsAnE,darasa,tacAla,dmx,blCA,clotu,yn,smmna,tadarasa,HawrA,TAt,magdal,happen
DalbA,masAy,saragalA,Hassarta,magAlab,guzowu,HasgarAmi,maho,Damara,polAnd,darasa,rado,sAmnt,yAhl,lEt,qan,ward,sanbtuAl,mangad,taSafno,zAfocnA,happen
qalabatA,gudAyu,taTayAqi,liho,micl,sAwaTAnA,sAward,hasabu,Ha`mro,DmnAstik,darasa,Hawo,wadADE,mastaguAgual,taTayAqi,HagNcEla,wadADEnnA,fqra,dastA,qanA,mawqas,happen
bAlabEtuA,sAyTaqs,mAlafiyA,gT,fEs,buku,HasfruAl,bAlaqnE,lorE,xagA,darasa,gTmu,mAynagA,hl,sAl,mAyd,baStA,sAk,mAyAdg,cg,sAr,happen
HqEnqlf,nasto,TAru,qAl,Tabaqka,qAl,`dA,dAnHEl,HamlAk,faTno,darasa,yAlu,miTafA,bla,HqEndAwaDka,fqr,Hazima,tagbAr,kAlAsaba,mot,wandmk,reach
dAynAsors,HqElAy,HanZAbuAl,hnxA,qulqul,yAyAtAl,xara,musnA,hnxA,yAzku,darasa,sarA,bAhrnA,trAnzi,hnxA,lAhu,salaqatku,lAt,gzuf,hzbAwinA,mangstAwi,happen
sarA,HakstE,mAgNa,sawu,Taqomu,masarat,quTr,Hawtobs,tasAfro,dabrazay,darasa,Hayar,hAyl,gbi,sdars,TbaqA,sawu,falag,saw,HanAwqa,mAlatA,happen
danagaTnnA,kotabE,kolED,yunivarsiti,mahEd,malqaqiyA,dabdAbE,Hasgabta,qoyu,maCaraSA,darasa,tAyto,mil,din,tamarA,dabdAbE,Hayar,qara,din,biro,magbiyA,happen
miwardu,sdst,sawu,yAstanAgdAl,mawTAtnA,mawrad,midarag,Trat,waTo,CAf,darasa,tabAla,mimaTu,gamad,mangadaNo,manAd,kAh,gaTamA,yKa,gamadu,Hsosta,happen
bAlabEtuA,mikiyAs,tawanu,bAlatAksi,tasaNa,fil,banE,qrb,wadADocE,smmna,darasa,qonDo,fil,mahonu,lnAmasagnA,gd,ylanAl,tabalASa,maTaga,dakama,mAbartA,happen
lDocu,liyAy,bEta,mangHstu,waTto,ymaTAl,maDamariyA,yAgaNawAl,tagosaquAquluAl,HqEhs,darasa,ylawAl,nguHsu,lDu,HabAtE,saTaKa,ganzab,taznAnA,Carasku,bAdo,?,happen
liz,HawADunnA,mangHs,bEto,HakarAy,takarAy,mamaryA,msAlEna,TaqAqsawAl,`Ala,darasa,HanxAr,HityoPyA,gaZi,pArti,tax`no,naxA,.hga,mangHs,makatal,HakAhEd,happen
whA,lmAtu,HsrA,maqo,qoma,yAla,HqEndnhEd,yAdargAl,mato,mato,darasa,whA,SfAn,HsrA,kAlAkalnbatnA,sdst,warA,bntAgasa,mato,hono,mnAgaNa,happen
sAnrasA,yAlA,HityoPyA,war,qan,qara,zandro,Holimpik,zgD,HqEmn,darasa,HqEskA,HawrA,HityoPyA,Holimpik,komitE,takatAtAy,tnf,mAlatu,HaltasamA,HityoPyA,happen
takor,mAzanbalu,tafaTara,wzgb,fEdErESnu,fifAnA,kAf,.hggA,bAlamakatalu,matAgad,darasa,hunEtA,lAla,daraDA,HadrsotAl,saw,zarAwnyACdAlnA,dANocA,yat,darasu,mns,happen
wAnCA,dANna,stAsalf,kAf,TansASuA,HityoPyA,HqEgr,kuAs,HadrASA,yat,darasa,tadagAgAmi,HafrikA,wAnCA,fxAmE,CawAtA,maru,HityoPyAwi,HqEndAlnabaru,zandro,dANnatu,happen
yAltakA.hEda,TnA,galxAla,gAzETo,rAdiyo,tElEviZ,TAbiyA,manaxr,HaytA,dmdAmE,darasa,nagaru,sAyA,mknyAtAwi,hono,manAgar,lmAd,yAlA,Haymasl,luAt,HqEwna,happen
HafrikA,Handna,cArtar,tafarama,HaHad,hl,noro,HafrikA,hbra,maTaryAna,darasa,nawnA,nguHsa,nagaHstu,wlatA,.hawl,mAqo,lAlamazakar,sababu,mnd,nagaru,happen
HaltasAkAlwo,dahnA,lac,mtAradA,tangalAtA,HsrA,slk,yAkanAwna,maraDA,wAwaTa,darasa,ksra,taTayAqi,Hamst,brnA,br,kArdo,mAHsarACatA,Cnqnqu,tafaTruAl,sAmnt,happen
br,gadamA,zqta,damawaz,maTa,zArE,sa`A,rAnd,br,gadamA,darasa,yTaqumAlu,hono,kfyA,yAltadarADu,dabub,HafrikA,skuAr,Hindustri,HsarAtaNo,mAgNa,happen
sost,qanA,nabarawu,rarA,HqEgalglo,HqElatu,mAdrag,HityoPyAnA,luftAnzA,smmna,darasa,HityoPyA,Hayar,mangad,hzb,gnNuna,hAlAfi,lHul,takla,mad,zArE,happen
yAlafa,twld,fta,dam,HaT,maswA`tna,flo,zArE,mnga,daraDA,darasa,waTAtu,twald,tglu,HaTanAkro,maqaTal,HqEndAla,kllo,srA,hAlAfi,HasAsabu,happen
tagaNa,minibAs,makinA,raf,SunnA,HadkAmi,guzo,HaTanAqA,tAlamalA,HsfrA,darasa,qanu,zaTa,sa`A,takul,rahAbnA,whA,Tmu,yAsaqA,gAzETa,HqErSA,happen
Hall,yAnEnA,zArE,mahAl,Handi,guAda,fxu,Hayna,fqr,dabdAbE,darasa,samtAchuNAl,Habo,snasrHa,ynurA,hulatA,lDo,Hayna,dabdAbE,kAs,nagaru,happen
faw,SaTu,lDo,HqEndAlu,samA,smu,kaNA,yAw,HqEngdi,guAda,darasa,dabdAbE,tagazA,mahonu,yhE,tArikA,maDamariyA,maCaraSA,HqEndAymaslA,?,?,happen
lD,mahEd,suAnnA,rAsE,dabdAbE,wasadkunA,HadrgE,saw,darsuAl,lanE,darasa,kopi,byE,malaskula,ziyAs,Hatlu,ziyAmA,malsu,dabdAbE,maTAl,maDamariyA,happen
CbT,gabayA,HqEndAdAkama,maraDA,yTaqumAlu,DuliyA,robarts,maCaraSA,twanA,zamanuA,darasa,hAyAsiyA,maglaxA,Taqasa,forbs,maxhE,tawAnAytuA,bAlafu,`AmatA,sarAcA,Hamst,happen
gazu,barE,Harda,qrCA,HsgA,ykafAfalu,zaman,qrb,HqETA,taTlo,darasa,qrCA,HsgA,trinA,zanbil,HaSakmo,bEtu,dars,HabAwarA,mAya,zArE,happen
HazAwntu,qas,bla,DamarunA,golA,bAla,dmx,qaTalu,samAya,samAyA,darasa,hab,nATaTa,Hagar,hoNE,HqEDE,mx,szaragA,mna,HalfarA,lDE,happen
HalqoraTu,dgAmi,mokaru,tamasAsAy,Hsosta,Trat,Hadaragu,maTA,xns,mawalaDA,darasa,mTu,maTA,fTna,dars,taTarA,HambulAnsu,dmxu,samA,nafsaTuruA,qAliti,happen
br,HafSE,mabAlu,tadasata,mdra,HastamAri,gbA,mAybAl,damawaz,CmAri,darasa,samAnA,Hakorafa,damawaz,liCamar,mabAlu,samto,HqEnDarA,lD,nan,Tayaqa,happen
taTanAqawla,Hadisu,bEtakrstiyA,.hnxA,gnbo,war,ymaraqAl,tabluAl,`Ama,liTanAqaq,darasa,Hadis,.hnxA,tamocnA,gaTar,nora,.hzb,tbbr,wTE,mAbqAtu,tamasgnobatAl,happen
CawAtA,tasAtAfi,sEto,HanduA,gon,taqamTAla,fituA,stAzor,farA,warE,darasa,gabA,hulE,tanasA,HarHqEs,mAmalT,zadE,maTaqa,mokarku,zadE,tarAqaqa,happen
ripor,maskara,wadi,wAgA,nratu,qanasa,maTto,Tr,war,mato,darasa,galxawAl,nacnA,maqanas,TyAqE,HqEnAnsA,mato,mAla,mAla,Tr,war,happen
hAyA,zaTa,qan,yhEnnmA,mAya,Halab,Halku,salfa,taqalAqalku,tarA,darasa,yAla,malHak,miyATagb,fagagtA,gAbaza,ngd,yAwATA,qan,taqablo,?,happen
masAy,mako,kotdivuAr,waqtAwi,hunEtA,tamalakata,zagabA,HqErgT,bAgbo,fxAmE,darasa,maCaraSA,sa`A,nagaro,bAgbo,DarbA,masTatA,warA,gonA,yAhl,watAdarocA,happen
bAlAfAsasa,mafanqla,mangHs,HslTAnA,`Am,prEzidantA,mrCA,tawadAdaru,zur,mrCA,darasa,Hsosta,marAC,dmx,mAgNatA,naga,`la,midaraga,gini,bisA,kAlu,happen
dras,zAm,zrzru,sAnmalaka,Hasqadma,nagar,HqErgT,lnla,tal`ko,mAsfAfA,darasa,HqEqd,TnqAqE,mnmalakata,tagbArAwi,yhonAl,tabAla,`qd,glx,bazA,bAhr,happen
bAlAfAsasa,mafanqla,mangHs,HslTAnA,`Am,prEzidantA,mrCA,tawadAdaru,zur,mrCA,darasa,Hsosta,marAC,dmx,mAgNatA,naga,`la,midaraga,gini,bisA,kAlu,happen
