Lcontext1,target word,Rcontext1,class
`Ayna,Hala,HabzA,say
lyuna,yAla,maglaCAwTaqlAy,say
SaT,Hala,gl,live
salaf,Hala,gl,live
HqEwqa,Hala,snl,say
taqAwAmi,Hala,HityoPyA,live
hm,Hala,HamAlEq,say
hm,Hala,mAdariyA,say
HqEnbi,Hala,linor,say
HqEnbi,Hala,sEwo,say
.hzb,Hala,Haro,say
khA,Hala,zamanA,say
yhu,Hala,brhA,say
ykfal,Hala,HqEgziHab.hEr,say
HqEmrAla,Hala,saw,live
qanHqEgziHab.hEr,Hala,whA,live
HqEgziHab.hEr,Hala,saw,say
HqEgziHab.hEr,Hala,mabl,say
HamlAk,Hala,saw,say
HadA,Hala,HaT,say
HqEgziHab.hEr,Hala,HqEndAtmotu,say
HalawHqErsu,Hala,bagana,live
mndr,HalA,sEtitu,live
HamlAk,Hala,HadA,live
HadA,Hala,st,say
HagaNa,Hala,wandmu,live
qAya,Hala,wand,live
ygadlaNAlHqEgziHab.hEr,Hala,HqEngdi,say
yhonAlu,Hala,warA,say
taxaxcEHalahunA,Hala,noh,say
noh,Hala,HsgA,live
kaf,Hala,tarAro,say
balbu,Hala,mdr,say
HayhonmHqEgziHab.hEr,Hala,bAla,say
HsgA,bAla,yAqo,say
yhunHqEndi,Hala,sEm,say
HqEsaTAla,Hala,tagalaTala,say
Tarto,Hala,yAdaraghb,say
loT,Hala,wandmAmA,say
HabrA,Hala,`Ay,live
nguHs,Hala,samAynnA,live
HEli`Ezar,Hala,HabrA,live
HqEgziHab.hEr,Hala,HabEtu,live
HabrA,Hala,zar,say
quTar,Hala,zar,live
HabrhA,Hala,st,live
yfrad,Hala,HabrA,live
wadaqabatHabrA,Hala,zar,say
HabazAhAla,Hala,HabrA,say
wadEts,HalA,HqEmabEtE,live
HabrhA,Hala,qAl,live
HalawHqEgziHab.hEr,Hala,baHqEwna,say
balbu,Hala,mato,say
hm,Hala,HabEtu,say
tAgaNAla,Hala,HsArA,say
HabrhA,Hala,kAraDa,live
HqEgziHab.hEr,Hala,mAdarga,say
nawHqEgziHab.hEr,Hala,sadomnA,live
HqEmrAla,Hala,HabrhA,say
hm,Hala,mnAl,say
HaHsr,Hala,HaHsru,say
zagAwHqEndi,Hala,wandmocE,say
bakatamAytu,yAla,sfrA,say
kAwaTuHa,Hala,Had,say
katamA,Hala,tanAgarhA,say
bamdr,HqEndAla,lmAd,say
HqEhtE,Hala,gErArA,say
mw,bAla,bAl,say
wandmE,Hala,balbE,say
Tarto,Hala,yAdaraghb,say
taqamaT,Hala,HsArA,say
ysqAl,Hala,HsArA,say
HabrhA,Hala,bAriyAhnA,live
HabrhA,Hala,bamtAdarga,live
HqEmlAla,Hala,HabimElEk,live
mndr,Hala,whA,say
HabrhA,Hala,Halayamtwada,live
HabAtE,Hala,lDE,live
HabrhA,Hala,Hala,live
hm,Hala,HqEgziHab.hEr,say
HazAZ,Hala,CnE,live
Hagar,Hala,HabrhA,live
hm,HalA,lD,say
sagadaHqEndi,Hala,carnatunnA,live
qomo,Hala,HqEgziHab.hEr,say
HalawHqErsu,Hala,HabrhA,say
lD,Hala,qala,say
HaTaTAla,Hala,TaTA,say
lD,Hala,qala,say
HqEhEdAla,Hala,HqEhtA,say
HqEhEdAla,Hala,HqEhtA,say
saw,Hala,lolE,say
hEdacHqEgziHab.hEr,HalA,wagano,live
dakmEHalahunA,Hala,smu,say
hm,Hala,gbx,say
HqEhtE,Hala,sfrA,say
HalawHabimElEk,Hala,yAdaraghb,say
barttahAlnA,Hala,ys.haq,say
hm,Hala,HabrhA,say
lDE,Hala,Hala,live
yA`qob,Hala,wand,say
HaydalamHqEnAtu,Hala,lDE,say
HabAtE,Hala,lDE,live
faTna,Hala,HqEgziHab.hEr,say
Haqrbl,Hala,Haqarabala,say
hm,Hala,lDE,say
danagaTaHqEndi,Hala,yAdana,live
yAhl,Hala,mAdariyA,live
Hala,Hala,Hala,live
HabrhA,Hala,kAraDa,live
wanz,Hala,mAquAraT,say
nagar,Hala,HityoPayA,say
.hzbo,Halu,tAdyA,say
yAltaqabara,Hala,Hakus,say
quAnquA,HalA,mAdrag,live
HqEsrAHEl,HalA,ziyAws,say
ba.hywa,Halu,bAriyA,live
gEtA,HalA,ways,live
babrhA,Hala,wandmu,live
yAhl,Hala,mAdariyA,live
yhu,Hala,yA`qob,live
HabAtA,Hala,Hagaru,say
ba.hywa,Halu,bAriyA,live
Hala,ba`Alatu,lAy,live
yCarsAl,HalA,sEfor,say
bamakAkalA,Hala,HqEgziHab.hEr,say
bamakAkal,Hala,nagar,say
bal,Hala,bazuriyA,live
saTtonAl,Hala,HqEgziHab.hEr,say
ba`ofrA,Hala,HqEgziHab.hEr,say
tawAgA,Hala,ga`Al,live
ybArk,Hala,mato,live
honahAl,Hala,lDo,say
baya`Amatu,Hala,Halu,live
HqErSA,Hala,HqEgziHab.hEr,say
mnAmaTAla,Hala,Hala,live
HqEsaTAla,Hala,zArE,live
sTa,Hala,kAhnu,live
ycAlAl,Hala,kAhnu,live
sayf,Hala,Hala,live
.hzb,Hala,.hzb,say
saw,Hala,HqEgru,live
saw,Hala,HqEgru,live
mEmfibostE,Hala,bAriyA,live
lDo,Hala,zArE,say
qanbar,Hala,nguHs,live
gudAy,Hala,Hala,live
HakiyA,Hala,HaHsr,live
sabsb,Hala,Hak`Ab,say
basafaru,Hala,Hala,live
.hzb,Hala,mdru,say
bamakAkalA,Hala,HqEgziHab.hEr,say
bamakAkal,Hala,nagar,say
saragalo,HalA,Halu,say
Halu,Hala,HamA,say
bazihs,Hala,Halu,live
lD,Hala,tAnASu,live
HasAytoNAl,Hala,HElsA`,live
HayAla,Hala,HiyorA,live
salAm,Hala,fah,live
salAm,Hala,HElzAbEl,live
`Ay,Hala,ways,say
Tq,Hala,hATiHa,live
knd,Hala,ways,say
bward,Hala,nsr,say
lbs,Hala,HalaqA,say
hm,bala,maqAbr,say
makli,Hala,Hala,live
qAl,Hala,HqENAs,say
HqEmna,Hala,HsrA,say
sm,Hala,motahmAl,live
HqEmna,Hala,HsrA,live
Haga,Hala,`EsA,live
HqEhEdAla,Hala,gEtA,live
nagar,Hala,Hala,live
malHqEk,Hala,Hala,live
hEdAchuAl,Hala,HqEnAntas,say
nuhAmi,Hala,lDocE,say
tasfA,Hala,bl,say
mnAmaTAla,Hala,blAtEnA,live
rubu,Hala,mangadA,live
lDo,Hala,sdaba,live
lDo,Hala,zArE,say
mabt,Hala,nguHsu,live
basalA,Hala,gudAy,live
tgadl,Hala,HElyAs,live
nguHs,Hala,HabAthnA,live
nagar,Hala,Hala,live
mangad,yAla,nawr,live
hAyAl,Hala,yTafAl,say
tawasdoHalnA,Hala,ylAl,say
CfrA,Hala,hid,say
nagar,Hala,Hala,live
Hiyasus,Hala,HqEndAtAHsaqAya,live
Hiyasus,Hala,HqEndAtHsAqaya,live
HqEko,Hala,sEt,live
mabl,Hala,HalA,say
mskr,Hala,Hab,say
nagar,Hala,dAru,say
HslTA,Hala,lAnaHsA,live
mnagrA,Hala,nagar,say
qAl,HalaNtA,lfArad,say
faqAd,HalaNnA,malkAmu,say
tmk,Hala,Ha.hzAb,live
damawaz,HalaNnA,yAla,say
manAd,Hala,kAh,live
HasbbatganA,Hala,lanE,say
quTr,Hala,ylAl,live
