Lcontext2,Lcontext1,target word,Rcontext1,Rcontext2,class
bAnk,`Ayna,Hala,HabzA,Handi,say
maHsaratAwi,lyuna,yAla,maglaCAwTaqlAy,ministr,say
yAwaTAnA,SaT,Hala,gl,Tq,live
TalA,salaf,Hala,gl,Tq,live
habtnA,HqEwqa,Hala,snl,gnhabtunnA,say
HatAlmu,taqAwAmi,Hala,HityoPyA,TfAtnA,live
Damar,hm,Hala,HamAlEq,Ha.hzAb,say
Damar,hm,Hala,mAdariyA,xanA,say
mAqo,HqEnbi,Hala,linor,wadada,say
yAlf,HqEnbi,Hala,sEwo,.hzbu,say
tAmaTA,.hzb,Hala,Haro,Hala,say
SEr,khA,Hala,zamanA,`Eli,say
HqEgziHab.hErmbrhA,yhu,Hala,brhA,honaHqEgziHab.hEr,say
bawhA,ykfal,Hala,HqEgziHab.hEr,Tafar,say
mmra,HqEmrAla,Hala,saw,Hayto,live
HarAta,qanHqEgziHab.hEr,Hala,whA,.hyA,live
Haya,HqEgziHab.hEr,Hala,saw,bamalkA,say
gzuHa,HqEgziHab.hEr,Hala,mabl,yhonA,say
tmotAlahnAHqEgziHab.hEr,HamlAk,Hala,saw,malkA,say
HamaTA,HadA,Hala,HaT,HaTntE,say
frE,HqEgziHab.hEr,Hala,HqEndAtmotu,Hatblu,say
Tarto,HalawHqErsu,Hala,bagana,dmx,live
yAdarag,mndr,HalA,sEtitu,Hala,live
HqEgziHab.hEr,HamlAk,Hala,HadA,malkAmnnA,live
yhonAl,HadA,Hala,st,qAl,say
HqEgziHab.hEr,HagaNa,Hala,wandmu,HabEl,live
gadalawmHqEgziHab.hEr,qAya,Hala,wand,HabEl,live
yAgaNa,ygadlaNAlHqEgziHab.hEr,Hala,HqEngdi,qAya,say
`Ama,yhonAlu,Hala,warA,nEfili,say
faTarhuA,taxaxcEHalahunA,Hala,noh,baHqEgziHab.hEr,say
nabarnAHqEgziHab.hEr,noh,Hala,HsgA,fxAmE,live
kaf,kaf,Hala,tarAro,taSafanubamdr,say
HqEgziHab.hEr,balbu,Hala,mdr,dAgma,say
whA,HayhonmHqEgziHab.hEr,Hala,bAla,ba.hyA,say
baminor,HsgA,bAla,yAqo,qAl,say
bAriyA,yhunHqEndi,Hala,sEm,HamlAk,say
zar,HqEsaTAla,Hala,tagalaTala,HqEgziHab.hEr,say
HabrA,Tarto,Hala,yAdaraghb,mndr,say
nabarHabrA,loT,Hala,wandmAmA,nannA,say
HqEgziHab.hEr,HabrA,Hala,`Ay,HanHsAnA,live
sado,nguHs,Hala,samAynnA,mdr,live
saw,HEli`Ezar,Hala,HabrA,zar,live
yAwaTA,HqEgziHab.hEr,Hala,HabEtu,HqEgziHab.hEr,live
wadaqa,HabrA,Hala,zar,bAlhona,say
tcl,quTar,Hala,zar,yhonAl,live
HafrsAlacnAHqEgziHab.hEr,HabrhA,Hala,st,HsorA,live
baHanta,yfrad,Hala,HabrA,HsorA,live
CalamA,wadaqabatHabrA,Hala,zar,bAlhona,say
HadargAla,HabazAhAla,Hala,HabrA,bagmbAru,say
HagAr,wadEts,HalA,HqEmabEtE,HsorA,live
HqEgziHab.hEr,HabrhA,Hala,qAl,kidAnE,live
bawadad,HalawHqEgziHab.hEr,Hala,baHqEwna,mis,say
sAqa,balbu,Hala,mato,`Ama,say
sagada,hm,Hala,HabEtu,bafiths,say
lD,tAgaNAla,Hala,HsArA,badnkuA,say
SamgloHalHqEgziHab.hEr,HabrhA,Hala,kAraDa,bawnu,live
hEda,HqEgziHab.hEr,Hala,mAdarga,HabrhA,say
yAmaTA,nawHqEgziHab.hEr,Hala,sadomnA,gamorA,live
sfrA,HqEmrAla,Hala,HabrhA,malasa,say
tanAgara,hm,Hala,mnAl,HarbA,say
mnAl,HaHsr,Hala,HaHsru,HalATafA,say
mazgiyA,zagAwHqEndi,Hala,wandmocE,nagar,say
btho,bakatamAytu,yAla,sfrA,HaswaTAcawHqE,say
mEdA,kAwaTuHa,Hala,Had,Haty,say
lAmlT,katamA,Hala,tanAgarhA,katamA,say
Samagala,bamdr,HqEndAla,lmAd,liganANa,say
HsArA,HqEhtE,Hala,gErArA,nguHs,say
sEt,mw,bAla,bAl,nAtnAHabimElEk,say
yAla,wandmE,Hala,balbE,qnnatnA,say
HabrhA,Tarto,Hala,yAdaraghb,mndr,say
bawadadKa,taqamaT,Hala,HsArA,HalA,say
samA,ysqAl,Hala,HsArA,lDo,say
HqEgziHab.hEr,HabrhA,Hala,bAriyAhnA,blAtEnA,live
fikol,HabrhA,Hala,bamtAdarga,HqEgziHab.hEr,live
HabrhA,HqEmlAla,Hala,HabimElEk,bAriyA,live
bago,mndr,Hala,whA,gudguAd,say
HabrhA,HabrhA,Hala,Halayamtwada,lD,live
tanAgara,HabAtE,Hala,lDE,Hala,live
HabrhA,HabrhA,Hala,Hala,bablAtEnA,live
TarA,hm,Hala,HqEgziHab.hEr,barAsE,say
btu,HazAZ,Hala,CnE,Hadrg,live
waTA,Hagar,Hala,HabrhA,Hala,live
HawaTA,hm,HalA,lD,ngari,say
HqEgziHab.hEr,sagadaHqEndi,Hala,carnatunnA,HqEwnatu,live
gmalocu,qomo,Hala,HqEgziHab.hEr,buruk,say
tanAgar,HalawHqErsu,Hala,HabrhA,lolE,say
bAtuHEl,lD,Hala,qala,HadaraghulA,say
gmalo,HaTaTAla,Hala,TaTA,gmalocE,say
bAtuHEl,lD,Hala,qala,HadaraghulA,say
HaluHa,HqEhEdAla,Hala,HqEhtA,rbqA,say
HaluHa,HqEhEdAla,Hala,HqEhtA,rbqA,say
maTA,saw,Hala,lolE,gEtA,say
tTayq,hEdacHqEgziHab.hEr,HalA,wagano,bamAhxa,live
HablA,dakmEHalahunA,Hala,smu,HEdo,say
tagalaTala,hm,Hala,gbx,Hatwrad,say
Tayaqu,HqEhtE,Hala,sfrA,rbqA,say
byE,HalawHabimElEk,Hala,yAdaraghb,mndr,say
hid,barttahAlnA,Hala,ys.haq,hEda,say
tagalaTala,hm,Hala,HabrhA,HamlAk,say
Tarto,lDE,Hala,Hala,HalawHqErsu,live
lD,yA`qob,Hala,wand,`EsAwHada,say
baraka,HaydalamHqEnAtu,Hala,lDE,marga,say
gabto,HabAtE,Hala,lDE,Hala,live
lDE,faTna,Hala,HqEgziHab.hEr,HamlAk,say
HqEndtbArk,Haqrbl,Hala,Haqarabala,balA,say
bAraka,hm,Hala,lDE,StA,say
ys.haq,danagaTaHqEndi,Hala,yAdana,Hada,live
baqA,yAhl,Hala,mAdariyA,sfrA,live
lDE,Hala,Hala,Hala,HaraDa,live
HqEgziHab.hEr,HabrhA,Hala,kAraDa,bawnu,live
mEdACAkA,wanz,Hala,mAquAraT,yTabaqbAcawAlbamAgHstu,say
yAsAya,nagar,Hala,HityoPayA,walADo,say
bAlamAyatAcawyatagodu,.hzbo,Halu,tAdyA,tArik,say
yAlnoranA,yAltaqabara,Hala,Hakus,hulA,say
wagan,quAnquA,HalA,mAdrag,Damaru,live
blonAlnA,HqEsrAHEl,HalA,ziyAws,wand,say
dahnA,ba.hywa,Halu,bAriyA,HabAtA,live
nahnA,gEtA,HalA,ways,Tayaqa,live
ybarAl,babrhA,Hala,wandmu,TalA,live
baqA,yAhl,Hala,mAdariyA,sfrA,live
wandmE,yhu,Hala,yA`qob,Hala,live
zArE,HabAtA,Hala,Hagaru,gEtA,say
dahnA,ba.hywa,Halu,bAriyA,HabAtA,live
sfrA,Hala,ba`Alatu,lAy,tqomAla,live
yAla,yCarsAl,HalA,sEfor,lD,say
HqElltA,bamakAkalA,Hala,HqEgziHab.hEr,gbx,say
nagar,bamakAkal,Hala,nagar,makAkalA,say
zm,bal,Hala,bazuriyA,qomu,live
HasAlfo,saTtonAl,Hala,HqEgziHab.hEr,zawar,say
bamthona,ba`ofrA,Hala,HqEgziHab.hEr,lEli,say
waTta,tawAgA,Hala,ga`Al,basEkE,live
HqEgziHab.hEr,ybArk,Hala,mato,br,live
HqEnAntas,honahAl,Hala,lDo,taquaTu,say
ba`Al,baya`Amatu,Hala,Halu,bnyA,live
baHiyAsu,HqErSA,Hala,HqEgziHab.hEr,tAbo,say
saw,mnAmaTAla,Hala,Hala,blAtEnA,live
saw,HqEsaTAla,Hala,zArE,nabiy,live
baHqEDE,sTa,Hala,kAhnu,balA,live
mablA,ycAlAl,Hala,kAhnu,baHqEwna,live
Tor,sayf,Hala,Hala,kAhnu,live
lAy,.hzb,Hala,.hzb,HqEsrAHEl,say
bEt,saw,Hala,HqEgru,SbA,live
bEt,saw,Hala,HqEgru,SbA,live
naHsA,mEmfibostE,Hala,bAriyA,Hala,live
xruyA,lDo,Hala,zArE,TalAto,say
barE,qanbar,Hala,nguHs,HornA,live
Hala,gudAy,Hala,Hala,tanAgar,live
nabiyu,HakiyA,Hala,HaHsr,HqEnDarAnA,live
tarArA,sabsb,Hala,Hak`Ab,HqEsrAHEl,say
dmx,basafaru,Hala,Hala,dl,live
waTA,.hzb,Hala,mdru,Safana,say
HqElltA,bamakAkalA,Hala,HqEgziHab.hEr,gbx,say
nagar,bamakAkal,Hala,nagar,makAkalA,say
bra,saragalo,HalA,Halu,HiyAsu,say
loT,Halu,Hala,HamA,wand,say
mndr,bazihs,Hala,Halu,mikA,live
qara,lD,Hala,tAnASu,qartoHal,live
HqEgziHab.hEr,HasAytoNAl,Hala,HElsA`,rqo,live
CfrA,HayAla,Hala,HiyorA,ganANa,live
Hiyu,salAm,Hala,fah,takatala,live
Hiyu,salAm,Hala,HElzAbEl,glmutnAwAnA,live
HsgA,`Ay,Hala,ways,saw,say
xAdq,Tq,Hala,hATiHa,HsarcE,live
yAla,knd,Hala,ways,bAla,say
Hol,bward,Hala,nsr,ngA,say
yzo,lbs,Hala,HalaqA,hunl,say
hid,hm,bala,maqAbr,yAswaqar,say
bamdr,makli,Hala,Hala,gEtA,live
.hywa,qAl,Hala,HqENAs,krstos,say
wandmocE,HqEmna,Hala,HsrA,lEla,say
maho,sm,Hala,motahmAl,HsrA,live
saw,HqEmna,Hala,HsrA,Hala,live
mogas,Haga,Hala,`EsA,Hala,live
HqEnhid,HqEhEdAla,Hala,gEtA,lDocu,live
mHsTir,nagar,Hala,Hala,nguHsu,live
HqEgziHab.hEr,malHqEk,Hala,Hala,zufAnu,live
yzA,hEdAchuAl,Hala,HqEnAntas,honahAl,say
HaluHa,nuhAmi,Hala,lDocE,tamalasu,say
hidu,tasfA,Hala,bl,zArE,say
saw,mnAmaTAla,Hala,blAtEnA,sAHol,live
br,rubu,Hala,mangadA,nagra,live
xru,lDo,Hala,sdaba,HazzotAlnA,live
xruyA,lDo,Hala,zArE,TalAto,say
manAgar,mabt,Hala,nguHsu,nagar,live
Hala,basalA,Hala,gudAy,Hala,live
lDEns,tgadl,Hala,HElyAs,lD,live
HqEsrAHEl,nguHs,Hala,HabAthnA,nabiyA,live
HalaqA,nagar,Hala,Hala,Hiyu,live
HqEgziHab.hEr,mangad,yAla,nawr,mihEd,live
yquaraTAl,hAyAl,Hala,yTafAl,xAdq,say
bakantu,tawasdoHalnA,Hala,ylAl,HqEgziHab.hEr,say
naNnA,CfrA,Hala,hid,bla,say
mnagr,nagar,Hala,Hala,mamhr,live
lD,Hiyasus,Hala,HqEndAtAHsaqAya,baHqEgziHab.hEr,live
lD,Hiyasus,Hala,HqEndAtHsAqaya,HqElamnhAla,live
TaD,HqEko,Hala,sEt,Hala,live
mbalA,mabl,Hala,HalA,daqa,say
balT,mskr,Hala,Hab,lfaxma,say
mfarda,nagar,Hala,dAru,lAka,say
lAnorA,HslTA,Hala,lAnaHsA,HslTA,live
tafarada,mnagrA,Hala,nagar,ltSakamu,say
tasfA,qAl,HalaNtA,lfArad,qomEHala,say
HqEndAynor,faqAd,HalaNnA,malkAmu,mAdrag,say
Hiyasus,tmk,Hala,Ha.hzAb,tAzazu,live
bAdarga,damawaz,HalaNnA,yAla,faqAdE,say
mangadaNo,manAd,Hala,kAh,gaTamA,live
sil,HasbbatganA,Hala,lanE,miliyo,say
slk,quTr,Hala,ylAl,Hala,live
