Lcontext3,Lcontext2,Lcontext1,target word,Rcontext1,Rcontext2,Rcontext3,class
yAla,bAnk,`Ayna,Hala,HabzA,Handi,Hagar,say
mangHs,maHsaratAwi,lyuna,yAla,maglaCAwTaqlAy,ministr,malas,say
misTr,yAwaTAnA,SaT,Hala,gl,Tq,Hagar,live
mArkA,TalA,salaf,Hala,gl,Tq,HityoPyA,live
fta,habtnA,HqEwqa,Hala,snl,gnhabtunnA,HqEwqatu,say
bloHityoPyA,HatAlmu,taqAwAmi,Hala,HityoPyA,TfAtnA,wdqa,live
ymasl,Damar,hm,Hala,HamAlEq,Ha.hzAb,HalaqA,say
ymsl,Damar,hm,Hala,mAdariyA,xanA,goDo,say
sm,mAqo,HqEnbi,Hala,linor,wadada,tbalAcawyakatamA,say
lAy,yAlf,HqEnbi,Hala,sEwo,.hzbu,sabasaba,say
hATiHa,tAmaTA,.hzb,Hala,Haro,Hala,gEtA,say
SEru,SEr,khA,Hala,zamanA,`Eli,Tncal,say
lAy,HqEgziHab.hErmbrhA,yhu,Hala,brhA,honaHqEgziHab.hEr,brhAnu,say
bawhAnA,bawhA,ykfal,Hala,HqEgziHab.hEr,Tafar,Hadaraga,say
HqElAla,mmra,HqEmrAla,Hala,saw,Hayto,HaydnmnA,live
TwA,HarAta,qanHqEgziHab.hEr,Hala,whA,.hyA,nafs,live
malkA,Haya,HqEgziHab.hEr,Hala,saw,bamalkA,msAlEHa,say
nqasAqasu,gzuHa,HqEgziHab.hEr,Hala,mabl,yhonA,bamdr,say
mot,tmotAlahnAHqEgziHab.hEr,HamlAk,Hala,saw,malkA,Haydala,say
HadA,HamaTA,HadA,Hala,HaT,HaTntE,HsgA,say
zAfu,frE,HqEgziHab.hEr,Hala,HqEndAtmotu,Hatblu,HatnkutmHqEbAb,say
HadA,Tarto,HalawHqErsu,Hala,bagana,dmx,samA,live
sEtitu,yAdarag,mndr,HalA,sEtitu,Hala,HqEbAb,live
HalabasA,HqEgziHab.hEr,HamlAk,Hala,HadA,malkAmnnA,mAwaq,live
gaZ,yhonAl,HadA,Hala,st,qAl,samtahAlnA,say
lD,HqEgziHab.hEr,HagaNa,Hala,wandmu,HabEl,walada,live
tanaHsA,gadalawmHqEgziHab.hEr,qAya,Hala,wand,HabEl,Hala,live
HqEhonAla,yAgaNa,ygadlaNAlHqEgziHab.hEr,Hala,HqEngdi,qAya,gadala,say
mato,`Ama,yhonAlu,Hala,warA,nEfili,bamdr,say
dras,faTarhuA,taxaxcEHalahunA,Hala,noh,baHqEgziHab.hEr,mogas,say
HabalASto,nabarnAHqEgziHab.hEr,noh,Hala,HsgA,fxAmE,bafitE,live
knd,kaf,kaf,Hala,tarAro,taSafanubamdr,lAy,say
HaSatata,HqEgziHab.hEr,balbu,Hala,mdr,dAgma,saw,say
TfA,whA,HayhonmHqEgziHab.hEr,Hala,bAla,ba.hyA,nafs,say
lAy,baminor,HsgA,bAla,yAqo,qAl,kidA,say
bAriyA,bAriyA,yhunHqEndi,Hala,sEm,HamlAk,HqEgziHab.hEr,say
mdr,zar,HqEsaTAla,Hala,tagalaTala,HqEgziHab.hEr,sfrA,say
matAfar`o,HabrA,Tarto,Hala,yAdaraghb,mndr,mis,say
taqamTa,nabarHabrA,loT,Hala,wandmAmA,nannA,baHanta,say
nabaruloT,HqEgziHab.hEr,HabrA,Hala,`Ay,HanHsAnA,kAla,live
HalawHabrA,sado,nguHs,Hala,samAynnA,mdr,wadamigazA,live
damAsqo,saw,HEli`Ezar,Hala,HabrA,zar,saTaKa,live
`ur,yAwaTA,HqEgziHab.hEr,Hala,HabEtu,HqEgziHab.hEr,HqEndwarsA,live
CalamA,wadaqa,HabrA,Hala,zar,bAlhona,mdr,say
ltquaTrA,tcl,quTar,Hala,zar,yhonAl,Hala,live
kidAnE,HafrsAlacnAHqEgziHab.hEr,HabrhA,Hala,st,HsorA,sm,live
HqEgziHab.hEr,baHanta,yfrad,Hala,HabrA,HsorA,bAriyA,live
tAlAq,CalamA,wadaqabatHabrA,Hala,zar,bAlhona,mdr,say
baHanta,HadargAla,HabazAhAla,Hala,HabrA,bagmbAru,wadaqa,say
bAriyA,HagAr,wadEts,HalA,HqEmabEtE,HsorA,kobalal,live
HqEhonAcawAla,HqEgziHab.hEr,HabrhA,Hala,qAl,kidAnE,tTabqAla,live
binor,bawadad,HalawHqEgziHab.hEr,Hala,baHqEwna,mis,HsArA,say
wadaqa,sAqa,balbu,Hala,mato,`Ama,saw,say
mdr,sagada,hm,Hala,HabEtu,bafiths,mogas,say
HsArA,lD,tAgaNAla,Hala,HsArA,badnkuA,daDAf,say
faxmo,SamgloHalHqEgziHab.hEr,HabrhA,Hala,kAraDa,bawnu,stl,live
HabroHa,hEda,HqEgziHab.hEr,Hala,mAdarga,HabrhA,baHqEwna,say
nagar,yAmaTA,nawHqEgziHab.hEr,Hala,sadomnA,gamorA,CuKa,live
bAga,sfrA,HqEmrAla,Hala,HabrhA,malasa,Halam,say
Haladagmo,tanAgara,hm,Hala,mnAl,HarbA,HarbA,say
HayqoTA,mnAl,HaHsr,Hala,HaHsru,HalATafA,HalaHqEgziHab.hEr,say
waTA,mazgiyA,zagAwHqEndi,Hala,wandmocE,nagar,HatAdrgu,say
lD,btho,bakatamAytu,yAla,sfrA,HaswaTAcawHqE,sfrA,say
HasqamaTu,mEdA,kAwaTuHa,Hala,Had,Haty,zuriyA,say
SaScE,lAmlT,katamA,Hala,tanAgarhA,katamA,HqEndAlATafA,say
HabAtA,Samagala,bamdr,HqEndAla,lmAd,liganANa,cl,say
mistu,HsArA,HqEhtE,Hala,gErArA,nguHs,HabimElEk,say
wasadhA,sEt,mw,bAla,bAl,nAtnAHabimElEk,qara,say
HqEhtE,yAla,wandmE,Hala,balbE,qnnatnA,baHqEDE,say
faruHabimElEk,HabrhA,Tarto,Hala,yAdaraghb,mndr,mns,say
mdrE,bawadadKa,taqamaT,Hala,HsArA,HalA,wand,say
HadrgolNAl,samA,ysqAl,Hala,HsArA,lDo,HqEndtATabA,say
cgr,HqEgziHab.hEr,HabrhA,Hala,bAriyAhnA,blAtEnA,Hatza,live
HalaqA,fikol,HabrhA,Hala,bamtAdarga,HqEgziHab.hEr,balDE,live
tAdargAla,HabrhA,HqEmlAla,Hala,HabimElEk,bAriyA,banaTaqu,live
qEbo,bago,mndr,Hala,whA,gudguAd,qofar,say
Hala,HabrhA,HabrhA,Hala,Halayamtwada,lD,ys.haq,live
HabrhA,tanAgara,HabAtE,Hala,lDE,Hala,HqEsAtunA,live
TarAnA,HabrhA,HabrhA,Hala,Hala,bablAtEnA,lAy,live
samAy,TarA,hm,Hala,HqEgziHab.hEr,barAsE,mAl,say
SmAglE,btu,HazAZ,Hala,CnE,Hadrg,HabrE,live
lD,waTA,Hagar,Hala,HabrhA,Hala,lDE,live
HambAr,HawaTA,hm,HalA,lD,ngari,bEt,say
Hagonabasa,HqEgziHab.hEr,sagadaHqEndi,Hala,carnatunnA,HqEwnatu,gEtA,live
HaTagab,gmalocu,qomo,Hala,HqEgziHab.hEr,buruk,gbA,say
Hala,tanAgar,HalawHqErsu,Hala,HabrhA,lolE,naNHqEgziHab.hEr,say
waladacla,bAtuHEl,lD,Hala,qala,HadaraghulA,HqEDo,say
TaTA,gmalo,HaTaTAla,Hala,TaTA,gmalocE,HaTaTAcHqEnE,say
waladacla,bAtuHEl,lD,Hala,qala,HadaraghulA,HqEDo,say
saw,HaluHa,HqEhEdAla,Hala,HqEhtA,rbqA,mogzi,say
saw,HaluHa,HqEhEdAla,Hala,HqEhtA,rbqA,mogzi,say
bamEdA,maTA,saw,Hala,lolE,gEtA,HalA,say
HqEgziHab.hEr,tTayq,hEdacHqEgziHab.hEr,HalA,wagano,bamAhxa,.hzb,live
waT,HablA,dakmEHalahunA,Hala,smu,HEdo,tabAlayA`qob,say
hEdaHqEgziHab.hEr,tagalaTala,hm,Hala,gbx,Hatwrad,baml,say
mistu,Tayaqu,HqEhtE,Hala,sfrA,rbqA,silu,say
HqEndAlmo,byE,HalawHabimElEk,Hala,yAdaraghb,mndr,.hzb,say
talayta,hid,barttahAlnA,Hala,ys.haq,hEda,bagErArA,say
HqEgziHab.hEr,tagalaTala,hm,Hala,HabrhA,HamlAk,HatfrA,say
`EsA,Tarto,lDE,Hala,Hala,HalawHqErsu,Hala,live
hEdarbqA,lD,yA`qob,Hala,wand,`EsAwHada,Hadna,say
HamaTAla,baraka,HaydalamHqEnAtu,Hala,lDE,marga,lAy,say
HabAtu,gabto,HabAtE,Hala,lDE,Hala,yA`qob,live
lDu,lDE,faTna,Hala,HqEgziHab.hEr,HamlAk,Haqaraba,say
nafsE,HqEndtbArk,Haqrbl,Hala,Haqarabala,balA,TaD,say
HaSatata,bAraka,hm,Hala,lDE,StA,HqEgziHab.hEr,say
Hala,ys.haq,danagaTaHqEndi,Hala,yAdana,Hada,yAmaTA,live
gafarA,baqA,yAhl,Hala,mAdariyA,sfrA,Hala,live
`EsA,lDE,Hala,Hala,Hala,HaraDa,mmo,live
SamgloHal,HqEgziHab.hEr,HabrhA,Hala,kAraDa,bawnu,stl,live
lAy,mEdACAkA,wanz,Hala,mAquAraT,yTabaqbAcawAlbamAgHstu,wddru,say
HakAhEd,yAsAya,nagar,Hala,HityoPayA,walADo,batalay,say
`Ay,bAlamAyatAcawyatagodu,.hzbo,Halu,tAdyA,tArik,managaruyadarasabA,say
HityoPyAwi,yAlnoranA,yAltaqabara,Hala,Hakus,hulA,Hakus,say
HqEgziHab.hEr,wagan,quAnquA,HalA,mAdrag,Damaru,yAsabu,live
HatAyu,blonAlnA,HqEsrAHEl,HalA,ziyAws,wand,Hala,say
HabAtA,dahnA,ba.hywa,Halu,bAriyA,HabAtA,dahnA,live
far`o,nahnA,gEtA,HalA,ways,Tayaqa,gEtA,live
brhA,ybarAl,babrhA,Hala,wandmu,TalA,baCalamA,live
gafarA,baqA,yAhl,Hala,mAdariyA,sfrA,Hala,live
Hala,wandmE,yhu,Hala,yA`qob,Hala,Haydala,live
mdr,zArE,HabAtA,Hala,Hagaru,gEtA,saw,say
HabAtA,dahnA,ba.hywa,Halu,bAriyA,HabAtA,dahnA,live
HqEgziHab.hEr,sfrA,Hala,ba`Alatu,lAy,tqomAla,kbrE,live
bazuriyA,yAla,yCarsAl,HalA,sEfor,lD,bAlAq,say
nguHs,HqElltA,bamakAkalA,Hala,HqEgziHab.hEr,gbx,HawTtoHacawAl,say
HqEsrAHEl,nagar,bamakAkal,Hala,nagar,makAkalA,tATafu,say
nguHsu,zm,bal,Hala,bazuriyA,qomu,waTu,live
bamdyAmA,HasAlfo,saTtonAl,Hala,HqEgziHab.hEr,zawar,bagul,say
Habi`EzrA,bamthona,ba`ofrA,Hala,HqEgziHab.hEr,lEli,barE,say
.hzb,waTta,tawAgA,Hala,ga`Al,basEkE,sawu,live
lDE,HqEgziHab.hEr,ybArk,Hala,mato,br,malasalA,live
hEdAchuAl,HqEnAntas,honahAl,Hala,lDo,taquaTu,sawu,say
HqEgziHab.hEr,ba`Al,baya`Amatu,Hala,Halu,bnyA,lDo,live
babEtsAmisA,baHiyAsu,HqErSA,Hala,HqEgziHab.hEr,tAbo,tamalktawAlnA,say
HqEgziHab.hEr,saw,mnAmaTAla,Hala,Hala,blAtEnA,sAHol,live
HqEgziHab.hEr,saw,HqEsaTAla,Hala,zArE,nabiy,bAla,live
tagaNa,baHqEDE,sTa,Hala,kAhnu,balA,HqEnDarA,live
honu,mablA,ycAlAl,Hala,kAhnu,baHqEwna,waTA,live
baHanta,Tor,sayf,Hala,Hala,kAhnu,baHElA,live
bamdr,lAy,.hzb,Hala,.hzb,HqEsrAHEl,zalAla,say
sAHol,bEt,saw,Hala,HqEgru,SbA,yonAtA,live
sAHol,bEt,saw,Hala,HqEgru,SbA,yonAtA,live
wadqo,naHsA,mEmfibostE,Hala,bAriyA,Hala,yonAtA,live
Hala,xruyA,lDo,Hala,zArE,TalAto,zArEs,say
`qAnA,barE,qanbar,Hala,nguHs,HornA,nguHsu,live
basalA,Hala,gudAy,Hala,Hala,tanAgar,Hala,live
nagara,nabiyu,HakiyA,Hala,HaHsr,HqEnDarAnA,HqEngocA,live
qarmElos,tarArA,sabsb,Hala,Hak`Ab,HqEsrAHEl,lDo,say
salf,dmx,basafaru,Hala,Hala,dl,naSi,live
gbx,waTA,.hzb,Hala,mdru,Safana,baHaqrAbiyA,say
nguHs,HqElltA,bamakAkalA,Hala,HqEgziHab.hEr,gbx,HawTtoHacawAl,say
HqEsrAHEl,nagar,bamakAkal,Hala,nagar,makAkalA,tATafu,say
na`AnA,bra,saragalo,HalA,Halu,HiyAsu,yosEf,say
sawu,loT,Halu,Hala,HamA,wand,lD,say
mtAdarga,mndr,bazihs,Hala,Halu,mikA,Hadaragal,live
sAmuHEl,qara,lD,Hala,tAnASu,qartoHal,bago,live
HqEndtho,HqEgziHab.hEr,HasAytoNAl,Hala,HElsA`,rqo,gEtA,live
Hayto,CfrA,HayAla,Hala,HiyorA,ganANa,farasa,live
salAm,Hiyu,salAm,Hala,fah,takatala,Hala,live
bAya,Hiyu,salAm,Hala,HElzAbEl,glmutnAwAnA,mata,live
malkA,HsgA,`Ay,Hala,ways,saw,miyAy,say
baHqEgziHab.hEr,xAdq,Tq,Hala,hATiHa,HsarcE,mAgaNa,live
knd,yAla,knd,Hala,ways,bAla,dmx,say
Hala,Hol,bward,Hala,nsr,ngA,knf,say
wandmu,yzo,lbs,Hala,HalaqA,hunl,bAdmA,say
sAmnAs,hid,hm,bala,maqAbr,yAswaqar,kaf,say
makli,bamdr,makli,Hala,Hala,gEtA,malso,live
zalAla,.hywa,qAl,Hala,HqENAs,krstos,.hyA,say
ymakAl,wandmocE,HqEmna,Hala,HsrA,lEla,saw,say
.hyA,maho,sm,Hala,motahmAl,HsrA,baHamlAkE,live
nagar,saw,HqEmna,Hala,HsrA,Hala,HqEmna,live
bagEtA,mogas,Haga,Hala,`EsA,Hala,wandmE,live
tanaHsAnA,HqEnhid,HqEhEdAla,Hala,gEtA,lDocu,dakAmo,live
nguHs,mHsTir,nagar,Hala,Hala,nguHsu,zm,live
nA`od,HqEgziHab.hEr,malHqEk,Hala,Hala,zufAnu,tanaHsA,live
kAhnu,yzA,hEdAchuAl,Hala,HqEnAntas,honahAl,Hala,say
HqEnmalasAla,HaluHa,nuhAmi,Hala,lDocE,tamalasu,bAlocA,say
HarDcAlahunA,hidu,tasfA,Hala,bl,zArE,lElits,say
HqEgziHab.hEr,saw,mnAmaTAla,Hala,blAtEnA,sAHol,baHqEDE,live
saql,br,rubu,Hala,mangadA,nagra,HqEgziHab.hEr,live
nguHsu,xru,lDo,Hala,sdaba,HazzotAlnA,yrgama,live
Hala,xruyA,lDo,Hala,zArE,TalAto,zArEs,say
nguHs,manAgar,mabt,Hala,nguHsu,nagar,HantanA,live
basalA,Hala,basalA,Hala,gudAy,Hala,Hala,live
tAsAsb,lDEns,tgadl,Hala,HElyAs,lD,sCi,live
HElsA`,HqEsrAHEl,nguHs,Hala,HabAthnA,nabiyA,hid,live
taqamTa,HalaqA,nagar,Hala,Hala,Hiyu,Hala,live
yTafAl,HqEgziHab.hEr,mangad,yAla,nawr,mihEd,HambA,live
tasfA,yquaraTAl,hAyAl,Hala,yTafAl,xAdq,Cnqa,say
waganE,bakantu,tawasdoHalnA,Hala,ylAl,HqEgziHab.hEr,gazuHa,say
tagaZ,naNnA,CfrA,Hala,hid,bla,yhEdAl,say
sm`o,mnagr,nagar,Hala,Hala,mamhr,tanAgar,live
HqEgziHab.hEr,lD,Hiyasus,Hala,HqEndAtAHsaqAya,baHqEgziHab.hEr,HamlhAla,live
HqEgziHab.hEr,lD,Hiyasus,Hala,HqEndAtHsAqaya,HqElamnhAla,Hala,live
Hiyasus,TaD,HqEko,Hala,sEt,Hala,darasa,live
mAtAwqu,mbalA,mabl,Hala,HalA,daqa,mazAmurtu,say
mskr,balT,mskr,Hala,Hab,lfaxma,saTa,say
mnAgara,mfarda,nagar,Hala,dAru,lAka,HqEwnata,say
HaywasdA,lAnorA,HslTA,Hala,lAnaHsA,HslTA,Hala,live
gaZ,tafarada,mnagrA,Hala,nagar,ltSakamu,Hatclu,say
tasaTa,tasfA,qAl,HalaNtA,lfArad,qomEHala,tasfA,say
nagar,HqEndAynor,faqAd,HalaNnA,malkAmu,mAdrag,Nm,say
bakrstos,Hiyasus,tmk,Hala,Ha.hzAb,tAzazu,krstos,live
bafaqAdE,bAdarga,damawaz,HalaNnA,yAla,faqAdE,bAdarga,say
gamad,mangadaNo,manAd,Hala,kAh,gaTamA,yKa,live
lAy,sil,HasbbatganA,Hala,lanE,miliyo,br,say
SayTAnE,slk,quTr,Hala,ylAl,Hala,tabAla,live
