Lcontext4,Lcontext3,Lcontext2,Lcontext1,target word,Rcontext1,Rcontext2,Rcontext3,Rcontext4,class
yat,yAla,bAnk,`Ayna,Hala,HabzA,Handi,Hagar,bAnk,say
HamErikA,mangHs,maHsaratAwi,lyuna,yAla,maglaCAwTaqlAy,ministr,malas,zEnAwi,say
Hagar,misTr,yAwaTAnA,SaT,Hala,gl,Tq,Hagar,kbr,live
flAgo,mArkA,TalA,salaf,Hala,gl,Tq,HityoPyA,godAkaHityoPyA,live
wl,fta,habtnA,HqEwqa,Hala,snl,gnhabtunnA,HqEwqatu,Hagar,say
TalA,bloHityoPyA,HatAlmu,taqAwAmi,Hala,HityoPyA,TfAtnA,wdqa,mimaNu,live
Hayto,ymasl,Damar,hm,Hala,HamAlEq,Ha.hzAb,HalaqA,fxAmE,say
Hayto,ymsl,Damar,hm,Hala,mAdariyA,xanA,goDo,baHambA,say
wandmu,sm,mAqo,HqEnbi,Hala,linor,wadada,tbalAcawyakatamA,SmAglE,say
bamdru,lAy,yAlf,HqEnbi,Hala,sEwo,.hzbu,sabasaba,HqEsrAHEl,say
tAlAq,hATiHa,tAmaTA,.hzb,Hala,Haro,Hala,gEtA,quTA,say
qTukaSlmAtu,SEru,SEr,khA,Hala,zamanA,`Eli,Tncal,HayAto,say
baTlqu,lAy,HqEgziHab.hErmbrhA,yhu,Hala,brhA,honaHqEgziHab.hEr,brhAnu,malkA,say
yhu,bawhAnA,bawhA,ykfal,Hala,HqEgziHab.hEr,Tafar,Hadaraga,Tafar,say
yqr,HqElAla,mmra,HqEmrAla,Hala,saw,Hayto,HaydnmnA,fitE,live
HayamAtA,TwA,HarAta,qanHqEgziHab.hEr,Hala,whA,.hyA,nafs,yAlA,live
HqEgziHab.hEr,malkA,Haya,HqEgziHab.hEr,Hala,saw,bamalkA,msAlEHa,HqEnfTar,say
lAy,nqasAqasu,gzuHa,HqEgziHab.hEr,Hala,mabl,yhonA,bamdr,lAy,say
qan,mot,tmotAlahnAHqEgziHab.hEr,HamlAk,Hala,saw,malkA,Haydala,radA,say
HsarA,HadA,HamaTA,HadA,Hala,HaT,HaTntE,HsgA,HsgA,say
kAla,zAfu,frE,HqEgziHab.hEr,Hala,HqEndAtmotu,Hatblu,HatnkutmHqEbAb,sEtitu,say
HamlAk,HadA,Tarto,HalawHqErsu,Hala,bagana,dmx,samA,`rAqutE,live
HamlAk,sEtitu,yAdarag,mndr,HalA,sEtitu,Hala,HqEbAb,HasAtaNnA,live
HadaragalA,HalabasA,HqEgziHab.hEr,HamlAk,Hala,HadA,malkAmnnA,mAwaq,HqEDu,live
yhonAl,gaZ,yhonAl,HadA,Hala,st,qAl,samtahAlnA,HqEndAtbalA,say
wand,lD,HqEgziHab.hEr,HagaNa,Hala,wandmu,HabEl,walada,HabEl,live
lAy,tanaHsA,gadalawmHqEgziHab.hEr,qAya,Hala,wand,HabEl,Hala,HalAwq,live
taqbazbAZ,HqEhonAla,yAgaNa,ygadlaNAlHqEgziHab.hEr,Hala,HqEngdi,qAya,gadala,HqETf,say
zamanocu,mato,`Ama,yhonAlu,Hala,warA,nEfili,bamdr,lAy,say
waf,dras,faTarhuA,taxaxcEHalahunA,Hala,noh,baHqEgziHab.hEr,mogas,HagaNayanoh,say
mangadu,HabalASto,nabarnAHqEgziHab.hEr,noh,Hala,HsgA,fxAmE,bafitE,darsoHal,live
Hamst,knd,kaf,kaf,Hala,tarAro,taSafanubamdr,lAy,HsgA,say
ma`AzA,HaSatata,HqEgziHab.hEr,balbu,Hala,mdr,dAgma,saw,rag,say
dAgma,TfA,whA,HayhonmHqEgziHab.hEr,Hala,bAla,ba.hyA,nafs,zalAla,say
bamdr,lAy,baminor,HsgA,bAla,yAqo,qAl,kidA,mlk,say
wandmocu,bAriyA,bAriyA,yhunHqEndi,Hala,sEm,HamlAk,HqEgziHab.hEr,ybArak,say
tagalaTalatnA,mdr,zar,HqEsaTAla,Hala,tagalaTala,HqEgziHab.hEr,sfrA,maHsa,say
maqHsaf,matAfar`o,HabrA,Tarto,Hala,yAdaraghb,mndr,mis,mns,say
mdr,taqamTa,nabarHabrA,loT,Hala,wandmAmA,nannA,baHanta,baHqEraNocEnA,say
hATiHataNo,nabaruloT,HqEgziHab.hEr,HabrA,Hala,`Ay,HanHsAnA,kAla,sfrA,live
wsad,HalawHabrA,sado,nguHs,Hala,samAynnA,mdr,wadamigazA,l`ul,live
magAbi,damAsqo,saw,HEli`Ezar,Hala,HabrA,zar,saTaKa,babEtE,live
HqEndsaT,`ur,yAwaTA,HqEgziHab.hEr,Hala,HabEtu,HqEgziHab.hEr,HqEndwarsA,Hala,live
tAlAq,CalamA,wadaqa,HabrA,Hala,zar,bAlhona,mdr,sdataNo,say
wAkb,ltquaTrA,tcl,quTar,Hala,zar,yhonAl,Hala,HabrA,live
qAl,kidAnE,HafrsAlacnAHqEgziHab.hEr,HabrhA,Hala,st,HsorA,sm,HsorA,live
HaqAlala,HqEgziHab.hEr,baHanta,yfrad,Hala,HabrA,HsorA,bAriyA,wadad,live
dngATEnA,tAlAq,CalamA,wadaqabatHabrA,Hala,zar,bAlhona,mdr,sdataNo,say
kidAnE,baHanta,HadargAla,HabazAhAla,Hala,HabrA,bagmbAru,wadaqa,HqEgziHab.hEr,say
HsorA,bAriyA,HagAr,wadEts,HalA,HqEmabEtE,HsorA,kobalal,Hala,live
HamlAk,HqEhonAcawAla,HqEgziHab.hEr,HabrhA,Hala,qAl,kidAnE,tTabqAla,zar,live
HqEsmAHEl,binor,bawadad,HalawHqEgziHab.hEr,Hala,baHqEwna,mis,HsArA,wand,say
bagmbAru,wadaqa,sAqa,balbu,Hala,mato,`Ama,saw,bawnu,say
roTa,mdr,sagada,hm,Hala,HabEtu,bafiths,mogas,HagNcE,say
mis,HsArA,lD,tAgaNAla,Hala,HsArA,badnkuA,daDAf,sAla,say
gEtA,faxmo,SamgloHalHqEgziHab.hEr,HabrhA,Hala,kAraDa,bawnu,stl,HsArA,live
liSa,HabroHa,hEda,HqEgziHab.hEr,Hala,mAdarga,HabrhA,baHqEwna,tAlAqnA,say
tanAgara,nagar,yAmaTA,nawHqEgziHab.hEr,Hala,sadomnA,gamorA,CuKa,baztoHalnA,live
xAdqA,bAga,sfrA,HqEmrAla,Hala,HabrhA,malasa,Halam,HafarnA,say
HalATafA,Haladagmo,tanAgara,hm,Hala,mnAl,HarbA,HarbA,sl,say
gEtA,HayqoTA,mnAl,HaHsr,Hala,HaHsru,HalATafA,HalaHqEgziHab.hEr,HabrhA,say
daD,waTA,mazgiyA,zagAwHqEndi,Hala,wandmocE,nagar,HatAdrgu,wand,say
sEt,lD,btho,bakatamAytu,yAla,sfrA,HaswaTAcawHqE,sfrA,HqEnATafAlannA,say
bakatamAytu,HasqamaTu,mEdA,kAwaTuHa,Hala,Had,Haty,zuriyA,Hatqu,say
mAdA,SaScE,lAmlT,katamA,Hala,tanAgarhA,katamA,HqEndAlATafA,nagar,say
HalacA,HabAtA,Samagala,bamdr,HqEndAla,lmAd,liganANa,cl,saw,say
taqamaTaHabrhA,mistu,HsArA,HqEhtE,Hala,gErArA,nguHs,HabimElEk,lAkanA,say
Hala,wasadhA,sEt,mw,bAla,bAl,nAtnAHabimElEk,qara,hm,say
.hzb,HqEhtE,yAla,wandmE,Hala,balbE,qnnatnA,baHqEDE,nxu.hna,say
tanAgara,faruHabimElEk,HabrhA,Tarto,Hala,yAdaraghb,mndr,mns,bamangHstE,say
malasalatHabimElEk,mdrE,bawadadKa,taqamaT,Hala,HsArA,HalA,wand,mizA,say
sAq,HadrgolNAl,samA,ysqAl,Hala,HsArA,lDo,HqEndtATabA,HabrhA,say
lDu,cgr,HqEgziHab.hEr,HabrhA,Hala,bAriyAhnA,blAtEnA,Hatza,HsArA,live
HsarAwitu,HalaqA,fikol,HabrhA,Hala,bamtAdarga,HqEgziHab.hEr,balDE,balD,live
carna,tAdargAla,HabrhA,HqEmlAla,Hala,HabimElEk,bAriyA,banaTaqu,bawhA,live
yAqomhA,qEbo,bago,mndr,Hala,whA,gudguAd,qofar,mskr,say
hm,Hala,HabrhA,HabrhA,Hala,Halayamtwada,lD,ys.haq,moriyA,live
HabAtu,HabrhA,tanAgara,HabAtE,Hala,lDE,Hala,HqEsAtunA,HqEnCatu,live
samAy,TarAnA,HabrhA,HabrhA,Hala,Hala,bablAtEnA,lAy,HatzargA,live
HabrhA,samAy,TarA,hm,Hala,HqEgziHab.hEr,barAsE,mAl,ylAl,say
bEtu,SmAglE,btu,HazAZ,Hala,CnE,Hadrg,HabrE,mnorA,live
yAla,lD,waTA,Hagar,Hala,HabrhA,Hala,lDE,HqEndAtmals,live
warq,HambAr,HawaTA,hm,HalA,lD,ngari,bEt,mnAdr,say
sawyo,Hagonabasa,HqEgziHab.hEr,sagadaHqEndi,Hala,carnatunnA,HqEwnatu,gEtA,yAlArAqa,live
mnC,HaTagab,gmalocu,qomo,Hala,HqEgziHab.hEr,buruk,gbA,bawCi,say
balA,Hala,tanAgar,HalawHqErsu,Hala,HabrhA,lolE,naNHqEgziHab.hEr,gEtA,say
nAkor,waladacla,bAtuHEl,lD,Hala,qala,HadaraghulA,HqEDo,HambAro,say
HawaradacnA,TaTA,gmalo,HaTaTAla,Hala,TaTA,gmalocE,HaTaTAcHqEnE,lD,say
nAkor,waladacla,bAtuHEl,lD,Hala,qala,HadaraghulA,HqEDo,HambAro,say
Tarta,saw,HaluHa,HqEhEdAla,Hala,HqEhtA,rbqA,mogzi,HabrhA,say
Tarta,saw,HaluHa,HqEhEdAla,Hala,HqEhtA,rbqA,mogzi,HabrhA,say
liganANa,bamEdA,maTA,saw,Hala,lolE,gEtA,HalA,maSafa,say
Hala,HqEgziHab.hEr,tTayq,hEdacHqEgziHab.hEr,HalA,wagano,bamAhxa,.hzb,hod,live
qayu,waT,HablA,dakmEHalahunA,Hala,smu,HEdo,tabAlayA`qob,bamaDamariyA,say
gErArA,hEdaHqEgziHab.hEr,tagalaTala,hm,Hala,gbx,Hatwrad,baml,mdr,say
sawu,mistu,Tayaqu,HqEhtE,Hala,sfrA,rbqA,silu,HqEndAygadlu,say
ys.haq,HqEndAlmo,byE,HalawHabimElEk,Hala,yAdaraghb,mndr,.hzb,mis,say
ys.haq,talayta,hid,barttahAlnA,Hala,ys.haq,hEda,bagErArA,Salaqo,say
lEli,HqEgziHab.hEr,tagalaTala,hm,Hala,HabrhA,HamlAk,HatfrA,naNnA,say
lDu,`EsA,Tarto,lDE,Hala,Hala,HalawHqErsu,Hala,HaraDa,live
badA,hEdarbqA,lD,yA`qob,Hala,wand,`EsAwHada,Hadna,HamTAl,say
balA,HamaTAla,baraka,HaydalamHqEnAtu,Hala,lDE,marga,lAy,yhu,say
saTa,HabAtu,gabto,HabAtE,Hala,lDE,Hala,yA`qob,HabAtu,live
blAys.haq,lDu,lDE,faTna,Hala,HqEgziHab.hEr,HamlAk,Haqaraba,Hala,say
HqEndbalAnA,nafsE,HqEndtbArk,Haqrbl,Hala,Haqarabala,balA,TaD,HamaTAla,say
StA,HaSatata,bAraka,hm,Hala,lDE,StA,HqEgziHab.hEr,bAraka,say
`EsA,Hala,ys.haq,danagaTaHqEndi,Hala,yAdana,Hada,yAmaTA,sAtmaTA,live
galabAnA,gafarA,baqA,yAhl,Hala,mAdariyA,sfrA,Hala,sawyo,live
lDu,`EsA,lDE,Hala,Hala,Hala,HaraDa,mmo,qan,live
faxmo,SamgloHal,HqEgziHab.hEr,HabrhA,Hala,kAraDa,bawnu,stl,HsArA,live
mangad,lAy,mEdACAkA,wanz,Hala,mAquAraT,yTabaqbAcawAlbamAgHstu,wddru,taDamara,say
smo,HakAhEd,yAsAya,nagar,Hala,HityoPayA,walADo,batalay,tamco,say
batankol,`Ay,bAlamAyatAcawyatagodu,.hzbo,Halu,tAdyA,tArik,managaruyadarasabA,gaf,say
Haydala,HityoPyAwi,yAlnoranA,yAltaqabara,Hala,Hakus,hulA,Hakus,bamawalad,say
warada,HqEgziHab.hEr,wagan,quAnquA,HalA,mAdrag,Damaru,yAsabu,maHsrA,live
fitE,HatAyu,blonAlnA,HqEsrAHEl,HalA,ziyAws,wand,Hala,blA,say
SmAglE,HabAtA,dahnA,ba.hywa,Halu,bAriyA,HabAtA,dahnA,ba.hywa,live
HatqoTA,far`o,nahnA,gEtA,HalA,ways,Tayaqa,gEtA,SamAglE,live
HqEwnata,brhA,ybarAl,babrhA,Hala,wandmu,TalA,baCalamA,Hala,live
galabAnA,gafarA,baqA,yAhl,Hala,mAdariyA,sfrA,Hala,sawyo,live
`EsA,Hala,wandmE,yhu,Hala,yA`qob,Hala,Haydala,nagar,live
bakana`A,mdr,zArE,HabAtA,Hala,Hagaru,gEtA,saw,tAmanA,say
SmAglE,HabAtA,dahnA,ba.hywa,Halu,bAriyA,HabAtA,dahnA,ba.hywa,live
Hala,HqEgziHab.hEr,sfrA,Hala,ba`Alatu,lAy,tqomAla,kbrE,bAlafa,live
CfrA,bazuriyA,yAla,yCarsAl,HalA,sEfor,lD,bAlAq,mo`Ab,say
HqEgziHab.hEr,nguHs,HqElltA,bamakAkalA,Hala,HqEgziHab.hEr,gbx,HawTtoHacawAl,gulbatu,say
balA,HqEsrAHEl,nagar,bamakAkal,Hala,nagar,makAkalA,tATafu,dras,say
Hala,nguHsu,zm,bal,Hala,bazuriyA,qomu,waTu,nA`od,live
ttonAl,bamdyAmA,HasAlfo,saTtonAl,Hala,HqEgziHab.hEr,zawar,bagul,hid,say
dras,Habi`EzrA,bamthona,ba`ofrA,Hala,HqEgziHab.hEr,lEli,barE,`Ama,say
nAqKa,.hzb,waTta,tawAgA,Hala,ga`Al,basEkE,sawu,waTA,live
HqEnAtu,lDE,HqEgziHab.hEr,ybArk,Hala,mato,br,malasalA,HqEnAtu,live
yzA,hEdAchuAl,HqEnAntas,honahAl,Hala,lDo,taquaTu,sawu,HqEndAywadqub,say
basElo,HqEgziHab.hEr,ba`Al,baya`Amatu,Hala,Halu,bnyA,lDo,bla,live
dras,babEtsAmisA,baHiyAsu,HqErSA,Hala,HqEgziHab.hEr,tAbo,tamalktawAlnA,bEtsAmis,say
nmnA,HqEgziHab.hEr,saw,mnAmaTAla,Hala,Hala,blAtEnA,sAHol,baHqEDE,live
nagra,HqEgziHab.hEr,saw,HqEsaTAla,Hala,zArE,nabiy,bAla,qadmo,live
HqEnDarA,tagaNa,baHqEDE,sTa,Hala,kAhnu,balA,HqEnDarA,Nm,live
nxu.ha,honu,mablA,ycAlAl,Hala,kAhnu,baHqEwna,waTA,Damra,live
HalAmaTAhumnA,baHanta,Tor,sayf,Hala,Hala,kAhnu,baHElA,Salaqo,live
yAla,bamdr,lAy,.hzb,Hala,.hzb,HqEsrAHEl,zalAla,.hzb,say
Hadargla,sAHol,bEt,saw,Hala,HqEgru,SbA,yonAtA,lD,live
Hadargla,sAHol,bEt,saw,Hala,HqEgru,SbA,yonAtA,lD,live
bagmbAru,wadqo,naHsA,mEmfibostE,Hala,bAriyA,Hala,yonAtA,carna,live
tagabA,Hala,xruyA,lDo,Hala,zArE,TalAto,zArEs,baHqEsrAHEl,say
HawdmA,`qAnA,barE,qanbar,Hala,nguHs,HornA,nguHsu,ysaTAl,live
basalA,basalA,Hala,gudAy,Hala,Hala,tanAgar,Hala,mangHstu,live
HqEndnagHs,nagara,nabiyu,HakiyA,Hala,HaHsr,HqEnDarAnA,HqEngocA,mnca,live
nabiyA,qarmElos,tarArA,sabsb,Hala,Hak`Ab,HqEsrAHEl,lDo,lko,say
samto,salf,dmx,basafaru,Hala,Hala,dl,naSi,dl,live
bala`A,gbx,waTA,.hzb,Hala,mdru,Safana,baHaqrAbiyA,taqamToHal,say
HqEgziHab.hEr,nguHs,HqElltA,bamakAkalA,Hala,HqEgziHab.hEr,gbx,HawTtoHacawAl,gulbatu,say
balA,HqEsrAHEl,nagar,bamakAkal,Hala,nagar,makAkalA,tATafu,dras,say
minoru,na`AnA,bra,saragalo,HalA,Halu,HiyAsu,yosEf,wagan,say
dakamu,sawu,loT,Halu,Hala,HamA,wand,lD,sEt,say
bazihs,mtAdarga,mndr,bazihs,Hala,Halu,mikA,Hadaragal,qaTara,live
Hala,sAmuHEl,qara,lD,Hala,tAnASu,qartoHal,bago,yTabqAl,live
nguHs,HqEndtho,HqEgziHab.hEr,HasAytoNAl,Hala,HElsA`,rqo,gEtA,maTA,live
matA,Hayto,CfrA,HayAla,Hala,HiyorA,ganANa,farasa,lAk,live
ylAl,salAm,Hiyu,salAm,Hala,fah,takatala,Hala,salAyu,live
Hiyu,bAya,Hiyu,salAm,Hala,HElzAbEl,glmutnAwAnA,mata,bazA,live
baHanta,malkA,HsgA,`Ay,Hala,ways,saw,miyAy,ways,say
ways,baHqEgziHab.hEr,xAdq,Tq,Hala,hATiHa,HsarcE,mAgaNa,hATiHa,live
HqEgziHab.hEr,knd,yAla,knd,Hala,ways,bAla,dmx,batAlAqnatnA,say
bwaTA,Hala,Hol,bward,Hala,nsr,ngA,knf,bwasd,say
bEt,wandmu,yzo,lbs,Hala,HalaqA,hunl,bAdmA,thu,say
HazAZ,sAmnAs,hid,hm,bala,maqAbr,yAswaqar,kaf,bAla,say
hEDE,makli,bamdr,makli,Hala,Hala,gEtA,malso,kfunA,live
gEtA,zalAla,.hywa,qAl,Hala,HqENAs,krstos,.hyA,HqEgziHab.hEr,say
lAy,ymakAl,wandmocE,HqEmna,Hala,HsrA,lEla,saw,binor,say
HawqAla,.hyA,maho,sm,Hala,motahmAl,HsrA,baHamlAkE,fxu,live
mota,nagar,saw,HqEmna,Hala,HsrA,Hala,HqEmna,HsrA,live
Hala,bagEtA,mogas,Haga,Hala,`EsA,Hala,wandmE,yhu,live
zabazaba,tanaHsAnA,HqEnhid,HqEhEdAla,Hala,gEtA,lDocu,dakAmo,honu,live
dngAyo,nguHs,mHsTir,nagar,Hala,Hala,nguHsu,zm,bal,live
taqamTo,nA`od,HqEgziHab.hEr,malHqEk,Hala,Hala,zufAnu,tanaHsA,nA`od,live
HamAlktE,kAhnu,yzA,hEdAchuAl,Hala,HqEnAntas,honahAl,Hala,lDo,say
.hzb,HqEnmalasAla,HaluHa,nuhAmi,Hala,lDocE,tamalasu,bAlocA,honu,say
mAg,HarDcAlahunA,hidu,tasfA,Hala,bl,zArE,lElits,bAl,say
nmnA,HqEgziHab.hEr,saw,mnAmaTAla,Hala,blAtEnA,sAHol,baHqEDE,saql,live
baHqEDE,saql,br,rubu,Hala,mangadA,nagra,HqEgziHab.hEr,saw,live
Hala,nguHsu,xru,lDo,Hala,sdaba,HazzotAlnA,yrgama,mns,live
tagabA,Hala,xruyA,lDo,Hala,zArE,TalAto,zArEs,baHqEsrAHEl,say
HasqamaTKa,nguHs,manAgar,mabt,Hala,nguHsu,nagar,HantanA,sibA,live
mamTA,basalA,Hala,basalA,Hala,gudAy,Hala,Hala,tanAgar,live
hATiHatEns,tAsAsb,lDEns,tgadl,Hala,HElyAs,lD,sCi,HalA,live
waradu,HElsA`,HqEsrAHEl,nguHs,Hala,HabAthnA,nabiyA,hid,Hala,live
Halaqo,taqamTa,HalaqA,nagar,Hala,Hala,Hiyu,Hala,HalaqA,live
tasfA,yTafAl,HqEgziHab.hEr,mangad,yAla,nawr,mihEd,HambA,TfA,live
bamota,tasfA,yquaraTAl,hAyAl,Hala,yTafAl,xAdq,Cnqa,ydnAl,say
badala,waganE,bakantu,tawasdoHalnA,Hala,ylAl,HqEgziHab.hEr,gazuHa,yCoKAlu,say
yfawasAl,tagaZ,naNnA,CfrA,Hala,hid,bla,yhEdAl,bla,say
Hiyasus,sm`o,mnagr,nagar,Hala,Hala,mamhr,tanAgar,Hala,live
l`ul,HqEgziHab.hEr,lD,Hiyasus,Hala,HqEndAtAHsaqAya,baHqEgziHab.hEr,HamlhAla,rkus,live
l`ul,HqEgziHab.hEr,lD,Hiyasus,Hala,HqEndAtHsAqaya,HqElamnhAla,Hala,rkusu,live
bAlaqa,Hiyasus,TaD,HqEko,Hala,sEt,Hala,darasa,HalA,live
manu,mAtAwqu,mbalA,mabl,Hala,HalA,daqa,mazAmurtu,balA,say
yo.hans,mskr,balT,mskr,Hala,Hab,lfaxma,saTa,HsrA,say
tanAgar,mnAgara,mfarda,nagar,Hala,dAru,lAka,HqEwnata,samA,say
HanorAtAla,HaywasdA,lAnorA,HslTA,Hala,lAnaHsA,HslTA,Hala,tHqEzAz,live
`Ala,gaZ,tafarada,mnagrA,Hala,nagar,ltSakamu,Hatclu,HqEwna,say
HabAtocA,tasaTa,tasfA,qAl,HalaNtA,lfArad,qomEHala,tasfA,qAl,say
bago,nagar,HqEndAynor,faqAd,HalaNnA,malkAmu,mAdrag,Nm,mAlwada,say
nagar,bakrstos,Hiyasus,tmk,Hala,Ha.hzAb,tAzazu,krstos,baqAlnA,live
wayol,bafaqAdE,bAdarga,damawaz,HalaNnA,yAla,faqAdE,bAdarga,magAbina,say
bamimaTu,gamad,mangadaNo,manAd,Hala,kAh,gaTamA,yKa,gamadu,live
waTAtu,lAy,sil,HasbbatganA,Hala,lanE,miliyo,br,qald,say
saw,SayTAnE,slk,quTr,Hala,ylAl,Hala,tabAla,tadawalala,live
