Lcontex5,Lcontext4,Lcontext3,Lcontext2,Lcontext1,target word,Rcontext1,Rcontext2,Rcontext3,Rcontext4,Rcontext5,class
mAsqamaT,yat,yAla,bAnk,`Ayna,Hala,HabzA,Handi,Hagar,bAnk,tabAla,say
mimalaka,HamErikA,mangHs,maHsaratAwi,lyuna,yAla,maglaCAwTaqlAy,ministr,malas,zEnAwi,bagudAyu,say
Tq,Hagar,misTr,yAwaTAnA,SaT,Hala,gl,Tq,Hagar,kbr,yAwArd,live
gl,flAgo,mArkA,TalA,salaf,Hala,gl,Tq,HityoPyA,godAkaHityoPyA,naTaqa,live
lmA,wl,fta,habtnA,HqEwqa,Hala,snl,gnhabtunnA,HqEwqatu,Hagar,lmA,say
Hi.hHadEg,TalA,bloHityoPyA,HatAlmu,taqAwAmi,Hala,HityoPyA,TfAtnA,wdqa,mimaNu,hAylo,live
yATafAlHamAlEq,Hayto,ymasl,Damar,hm,Hala,HamAlEq,Ha.hzAb,HalaqA,fxAmE,TfA,say
ymaTAlqEnA,Hayto,ymsl,Damar,hm,Hala,mAdariyA,xanA,goDo,baHambA,lAy,say
baHqEsrAHEl,wandmu,sm,mAqo,HqEnbi,Hala,linor,wadada,tbalAcawyakatamA,SmAglE,Tarta,say
HqEsrAHEl,bamdru,lAy,yAlf,HqEnbi,Hala,sEwo,.hzbu,sabasaba,HqEsrAHEl,mawgA,say
Haro,tAlAq,hATiHa,tAmaTA,.hzb,Hala,Haro,Hala,gEtA,quTA,HayqATal,say
qayarumnu,qTukaSlmAtu,SEru,SEr,khA,Hala,zamanA,`Eli,Tncal,HayAto,tawadAdra,say
CalamA,baTlqu,lAy,HqEgziHab.hErmbrhA,yhu,Hala,brhA,honaHqEgziHab.hEr,brhAnu,malkA,Haya,say
Tafar,yhu,bawhAnA,bawhA,ykfal,Hala,HqEgziHab.hEr,Tafar,Hadaraga,Tafar,batAcnA,say
mla,yqr,HqElAla,mmra,HqEmrAla,Hala,saw,Hayto,HaydnmnA,fitE,mAya,live
malkA,HayamAtA,TwA,HarAta,qanHqEgziHab.hEr,Hala,whA,.hyA,nafs,yAlA,tanqasAqASo,live
Hadaraga,HqEgziHab.hEr,malkA,Haya,HqEgziHab.hEr,Hala,saw,bamalkA,msAlEHa,HqEnfTar,bA.hr,say
bamdr,lAy,nqasAqasu,gzuHa,HqEgziHab.hEr,Hala,mabl,yhonA,bamdr,lAy,zaru,say
babalA,qan,mot,tmotAlahnAHqEgziHab.hEr,HamlAk,Hala,saw,malkA,Haydala,radA,HqEnfTarlatHqEgziHab.hEr,say
Hadrgo,HsarA,HadA,HamaTA,HadA,Hala,HaT,HaTntE,HsgA,HsgA,wand,say
bagana,kAla,zAfu,frE,HqEgziHab.hEr,Hala,HqEndAtmotu,Hatblu,HatnkutmHqEbAb,sEtitu,HalA,say
taSaSaguHqEgziHab.hEr,HamlAk,HadA,Tarto,HalawHqErsu,Hala,bagana,dmx,samA,`rAqutE,farA,live
HqEgziHab.hEr,HamlAk,sEtitu,yAdarag,mndr,HalA,sEtitu,Hala,HqEbAb,HasAtaNnA,balAhuHqEgziHab.hEr,live
lbs,HadaragalA,HalabasA,HqEgziHab.hEr,HamlAk,Hala,HadA,malkAmnnA,mAwaq,HqEDu,HqEndAyzaragA,live
bAl,yhonAl,gaZ,yhonAl,HadA,Hala,st,qAl,samtahAlnA,HqEndAtbalA,kAzaz,say
walada,wand,lD,HqEgziHab.hEr,HagaNa,Hala,wandmu,HabEl,walada,HabEl,bag,live
baHabEl,lAy,tanaHsA,gadalawmHqEgziHab.hEr,qAya,Hala,wand,HabEl,Hala,HalAwq,wandmE,live
kuablAynA,taqbazbAZ,HqEhonAla,yAgaNa,ygadlaNAlHqEgziHab.hEr,Hala,HqEngdi,qAya,gadala,HqETf,ybaqalbatAl,say
nawnA,zamanocu,mato,`Ama,yhonAlu,Hala,warA,nEfili,bamdr,lAy,HqEgziHab.hEr,say
samAy,waf,dras,faTarhuA,taxaxcEHalahunA,Hala,noh,baHqEgziHab.hEr,mogas,HagaNayanoh,twld,say
lAy,mangadu,HabalASto,nabarnAHqEgziHab.hEr,noh,Hala,HsgA,fxAmE,bafitE,darsoHal,tanaHsA,live
HaHsrA,Hamst,knd,kaf,kaf,Hala,tarAro,taSafanubamdr,lAy,HsgA,yAla,say
malkAmu,ma`AzA,HaSatata,HqEgziHab.hEr,balbu,Hala,mdr,dAgma,saw,rag,saw,say
mATfA,dAgma,TfA,whA,HayhonmHqEgziHab.hEr,Hala,bAla,ba.hyA,nafs,zalAla,mAdarga,say
noh,bamdr,lAy,baminor,HsgA,bAla,yAqo,qAl,kidA,mlk,Halawkamarkab,say
yhu,wandmocu,bAriyA,bAriyA,yhunHqEndi,Hala,sEm,HamlAk,HqEgziHab.hEr,ybArak,na`A,say
HabrA,tagalaTalatnA,mdr,zar,HqEsaTAla,Hala,tagalaTala,HqEgziHab.hEr,sfrA,maHsa,HsarA,say
batAlAq,maqHsaf,matAfar`o,HabrA,Tarto,Hala,yAdaraghb,mndr,mis,mns,HqEhtE,say
fErzA,mdr,taqamTa,nabarHabrA,loT,Hala,wandmAmA,nannA,baHanta,baHqEraNocEnA,baHqEraNo,say
baHqEgziHab.hEr,hATiHataNo,nabaruloT,HqEgziHab.hEr,HabrA,Hala,`Ay,HanHsAnA,kAla,sfrA,samEnnA,live
btu,wsad,HalawHabrA,sado,nguHs,Hala,samAynnA,mdr,wadamigazA,l`ul,HqEgziHab.hEr,live
bEtE,magAbi,damAsqo,saw,HEli`Ezar,Hala,HabrA,zar,saTaKa,babEtE,tawalada,live
twarsA,HqEndsaT,`ur,yAwaTA,HqEgziHab.hEr,Hala,HabEtu,HqEgziHab.hEr,HqEndwarsA,Hala,Hsos,live
dngATEnA,tAlAq,CalamA,wadaqa,HabrA,Hala,zar,bAlhona,mdr,sdataNo,honu,say
tamalka,wAkb,ltquaTrA,tcl,quTar,Hala,zar,yhonAl,Hala,HabrA,baHqEgziHab.hEr,live
tTfA,qAl,kidAnE,HafrsAlacnAHqEgziHab.hEr,HabrhA,Hala,st,HsorA,sm,HsorA,bla,live
ba`Ay,HaqAlala,HqEgziHab.hEr,baHanta,yfrad,Hala,HabrA,HsorA,bAriyA,wadad,Hadrgi,live
maTA,dngATEnA,tAlAq,CalamA,wadaqabatHabrA,Hala,zar,bAlhona,mdr,sdataNo,honu,say
qAl,kidAnE,baHanta,HadargAla,HabazAhAla,Hala,HabrA,bagmbAru,wadaqa,HqEgziHab.hEr,tanAgara,say
nawHqErsu,HsorA,bAriyA,HagAr,wadEts,HalA,HqEmabEtE,HsorA,kobalal,Hala,HqEgziHab.hEr,live
HqEsaTAla,HamlAk,HqEhonAcawAla,HqEgziHab.hEr,HabrhA,Hala,qAl,kidAnE,tTabqAla,zar,batwldA,live
HqEgziHab.hEr,HqEsmAHEl,binor,bawadad,HalawHqEgziHab.hEr,Hala,baHqEwna,mis,HsArA,wand,lD,say
ywaTAluHabrhA,bagmbAru,wadaqa,sAqa,balbu,Hala,mato,`Ama,saw,bawnu,lD,say
tanaHsto,roTa,mdr,sagada,hm,Hala,HabEtu,bafiths,mogas,HagNcE,bAriyA,say
HqEmalasAla,mis,HsArA,lD,tAgaNAla,Hala,HsArA,badnkuA,daDAf,sAla,samA,say
ftwa,gEtA,faxmo,SamgloHalHqEgziHab.hEr,HabrhA,Hala,kAraDa,bawnu,stl,HsArA,HqEgziHab.hEr,live
HabrhA,liSa,HabroHa,hEda,HqEgziHab.hEr,Hala,mAdarga,HabrhA,baHqEwna,tAlAqnA,brtu,say
lAy,tanAgara,nagar,yAmaTA,nawHqEgziHab.hEr,Hala,sadomnA,gamorA,CuKa,baztoHalnA,hATiHatA,live
HamsA,xAdqA,bAga,sfrA,HqEmrAla,Hala,HabrhA,malasa,Halam,HafarnA,Hamad,say
bAga,HalATafA,Haladagmo,tanAgara,hm,Hala,mnAl,HarbA,HarbA,sl,HalAdarga,say
bnAgar,gEtA,HayqoTA,mnAl,HaHsr,Hala,HaHsru,HalATafA,HalaHqEgziHab.hEr,HabrhA,nggru,say
HawTAcawloT,daD,waTA,mazgiyA,zagAwHqEndi,Hala,wandmocE,nagar,HatAdrgu,wand,yAlAwaqu,say
lD,sEt,lD,btho,bakatamAytu,yAla,sfrA,HaswaTAcawHqE,sfrA,HqEnATafAlannA,CuKatA,say
HawaTutnA,bakatamAytu,HasqamaTu,mEdA,kAwaTuHa,Hala,Had,Haty,zuriyA,Hatqu,HqEndAtTafA,say
nafsE,mAdA,SaScE,lAmlT,katamA,Hala,tanAgarhA,katamA,HqEndAlATafA,nagar,manKa,say
tAnASitu,HalacA,HabAtA,Samagala,bamdr,HqEndAla,lmAd,liganANa,cl,saw,mdr,say
baHqEngdna,taqamaTaHabrhA,mistu,HsArA,HqEhtE,Hala,gErArA,nguHs,HabimElEk,lAkanA,HsArA,say
hm,Hala,wasadhA,sEt,mw,bAla,bAl,nAtnAHabimElEk,qara,hm,Hala,say
xAdqu,.hzb,HqEhtE,yAla,wandmE,Hala,balbE,qnnatnA,baHqEDE,nxu.hna,HadaraghuHqEgziHab.hEr,say
baDoroHa,tanAgara,faruHabimElEk,HabrhA,Tarto,Hala,yAdaraghb,mndr,mns,bamangHstE,lAy,say
HsArA,malasalatHabimElEk,mdrE,bawadadKa,taqamaT,Hala,HsArA,HalA,wand,mizA,br,say
HqEgziHab.hEr,sAq,HadrgolNAl,samA,ysqAl,Hala,HsArA,lDo,HqEndtATabA,HabrhA,baHqErDnA,say
baHabrhA,lDu,cgr,HqEgziHab.hEr,HabrhA,Hala,bAriyAhnA,blAtEnA,Hatza,HsArA,mtnagr,live
HakozatnA,HsarAwitu,HalaqA,fikol,HabrhA,Hala,bamtAdarga,HqEgziHab.hEr,balDE,balD,lDE,live
mdr,carna,tAdargAla,HabrhA,HqEmlAla,Hala,HabimElEk,bAriyA,banaTaqu,bawhA,gudguAd,live
HabrhA,yAqomhA,qEbo,bago,mndr,Hala,whA,gudguAd,qofar,mskr,yhonl,say
fatana,hm,Hala,HabrhA,HabrhA,Hala,Halayamtwada,lD,ys.haq,moriyA,mdr,live
hEduys.haq,HabAtu,HabrhA,tanAgara,HabAtE,Hala,lDE,Hala,HqEsAtunA,HqEnCatu,yKa,live
malHak,samAy,TarAnA,HabrhA,HabrhA,Hala,Hala,bablAtEnA,lAy,HatzargA,HandA,live
malHak,HabrhA,samAy,TarA,hm,Hala,HqEgziHab.hEr,barAsE,mAl,ylAl,nagar,say
lolE,bEtu,SmAglE,btu,HazAZ,Hala,CnE,Hadrg,HabrE,mnorA,na`A,live
HqEnbi,yAla,lD,waTA,Hagar,Hala,HabrhA,Hala,lDE,HqEndAtmals,taTanqaq,live
Tnd,warq,HambAr,HawaTA,hm,HalA,lD,ngari,bEt,mnAdr,sfrA,say
Hala,sawyo,Hagonabasa,HqEgziHab.hEr,sagadaHqEndi,Hala,carnatunnA,HqEwnatu,gEtA,yAlArAqa,gEtA,live
bawhA,mnC,HaTagab,gmalocu,qomo,Hala,HqEgziHab.hEr,buruk,gbA,bawCi,bEtu,say
dras,balA,Hala,tanAgar,HalawHqErsu,Hala,HabrhA,lolE,naNHqEgziHab.hEr,gEtA,bAraka,say
milkA,nAkor,waladacla,bAtuHEl,lD,Hala,qala,HadaraghulA,HqEDo,HambAro,HadaraghulAtnagar,say
CAnqA,HawaradacnA,TaTA,gmalo,HaTaTAla,Hala,TaTA,gmalocE,HaTaTAcHqEnE,lD,byE,say
milkA,nAkor,waladacla,bAtuHEl,lD,Hala,qala,HadaraghulA,HqEDo,HambAro,HadaraghulA,say
rbqA,Tarta,saw,HaluHa,HqEhEdAla,Hala,HqEhtA,rbqA,mogzi,HabrhA,lolEnA,say
rbqA,Tarta,saw,HaluHa,HqEhEdAla,Hala,HqEhtA,rbqA,mogzi,HabrhA,lolEnA,say
lolE,liganANa,bamEdA,maTA,saw,Hala,lolE,gEtA,HalA,maSafa,wasdA,say
mnE,Hala,HqEgziHab.hEr,tTayq,hEdacHqEgziHab.hEr,HalA,wagano,bamAhxa,.hzb,hod,ykafalAlu,live
yA`qob,qayu,waT,HablA,dakmEHalahunA,Hala,smu,HEdo,tabAlayA`qob,bamaDamariyA,bkurnA,say
HabimElEk,gErArA,hEdaHqEgziHab.hEr,tagalaTala,hm,Hala,gbx,Hatwrad,baml,mdr,taqamaT,say
sfrA,sawu,mistu,Tayaqu,HqEhtE,Hala,sfrA,rbqA,silu,HqEndAygadlu,mistE,say
HqEhtE,ys.haq,HqEndAlmo,byE,HalawHabimElEk,Hala,yAdaraghb,mndr,.hzb,mis,lita,say
molubAcawHabimElEk,ys.haq,talayta,hid,barttahAlnA,Hala,ys.haq,hEda,bagErArA,Salaqo,safro,say
waTA,lEli,HqEgziHab.hEr,tagalaTala,hm,Hala,HabrhA,HamlAk,HatfrA,naNnA,HqEbArkhAla,say
tAlAqu,lDu,`EsA,Tarto,lDE,Hala,Hala,HalawHqErsu,Hala,HaraDa,mmo,live
mdra,badA,hEdarbqA,lD,yA`qob,Hala,wand,`EsAwHada,Hadna,HamTAl,sAlmo,say
marga,balA,HamaTAla,baraka,HaydalamHqEnAtu,Hala,lDE,marga,lAy,yhu,qAlE,say
baHqEDu,saTa,HabAtu,gabto,HabAtE,Hala,lDE,Hala,yA`qob,HabAtu,Hala,live
kAda,blAys.haq,lDu,lDE,faTna,Hala,HqEgziHab.hEr,HamlAk,Haqaraba,Hala,ys.haq,say
Hada,HqEndbalAnA,nafsE,HqEndtbArk,Haqrbl,Hala,Haqarabala,balA,TaD,HamaTAla,TaTAHabAtu,say
lbsu,StA,HaSatata,bAraka,hm,Hala,lDE,StA,HqEgziHab.hEr,bAraka,HqErSA,say
lD,`EsA,Hala,ys.haq,danagaTaHqEndi,Hala,yAdana,Hada,yAmaTA,sAtmaTA,balA,live
lD,galabAnA,gafarA,baqA,yAhl,Hala,mAdariyA,sfrA,Hala,sawyo,Hagonabasa,live
tAlAqu,lDu,`EsA,lDE,Hala,Hala,Hala,HaraDa,mmo,qan,HalAwq,live
gEtA,faxmo,SamgloHal,HqEgziHab.hEr,HabrhA,Hala,kAraDa,bawnu,stl,HsArA,HqEgziHab.hEr,live
bawddru,mangad,lAy,mEdACAkA,wanz,Hala,mAquAraT,yTabaqbAcawAlbamAgHstu,wddru,taDamara,CAkA,say
sEto,smo,HakAhEd,yAsAya,nagar,Hala,HityoPayA,walADo,batalay,tamco,walADo,say
baqnnatAcawnagaro,batankol,`Ay,bAlamAyatAcawyatagodu,.hzbo,Halu,tAdyA,tArik,managaruyadarasabA,gaf,matarakumagalaTu,say
Haga,Haydala,HityoPyAwi,yAlnoranA,yAltaqabara,Hala,Hakus,hulA,Hakus,bamawalad,Haydala,say
mAya,warada,HqEgziHab.hEr,wagan,quAnquA,HalA,mAdrag,Damaru,yAsabu,maHsrA,Haykalakalu,live
kAlhona,fitE,HatAyu,blonAlnA,HqEsrAHEl,HalA,ziyAws,wand,Hala,blA,saw,say
nagarA,SmAglE,HabAtA,dahnA,ba.hywa,Halu,bAriyA,HabAtA,dahnA,ba.hywa,Hala,live
bAriyA,HatqoTA,far`o,nahnA,gEtA,HalA,ways,Tayaqa,gEtA,SamAglE,Hala,live
yAlfAlnA,HqEwnata,brhA,ybarAl,babrhA,Hala,wandmu,TalA,baCalamA,Hala,wandmu,live
lD,galabAnA,gafarA,baqA,yAhl,Hala,mAdariyA,sfrA,Hala,sawyo,Hagonabasa,live
Hala,`EsA,Hala,wandmE,yhu,Hala,yA`qob,Hala,Haydala,nagar,mogas,live
tAnASu,bakana`A,mdr,zArE,HabAtA,Hala,Hagaru,gEtA,saw,tAmanA,sawu,say
nagarA,SmAglE,HabAtA,dahnA,ba.hywa,Halu,bAriyA,HabAtA,dahnA,ba.hywa,Hala,live
HaycAl,Hala,HqEgziHab.hEr,sfrA,Hala,ba`Alatu,lAy,tqomAla,kbrE,bAlafa,basanTAqA,live
miCars,CfrA,bazuriyA,yAla,yCarsAl,HalA,sEfor,lD,bAlAq,mo`Ab,nguHs,say
HamlAku,HqEgziHab.hEr,nguHs,HqElltA,bamakAkalA,Hala,HqEgziHab.hEr,gbx,HawTtoHacawAl,gulbatu,qand,say
hm,balA,HqEsrAHEl,nagar,bamakAkal,Hala,nagar,makAkalA,tATafu,dras,baTalAtocA,say
Hala,Hala,nguHsu,zm,bal,Hala,bazuriyA,qomu,waTu,nA`od,qaraba,live
HqEgziHab.hEr,ttonAl,bamdyAmA,HasAlfo,saTtonAl,Hala,HqEgziHab.hEr,zawar,bagul,hid,HqEsrAHEl,say
zArE,dras,Habi`EzrA,bamthona,ba`ofrA,Hala,HqEgziHab.hEr,lEli,barE,`Ama,barE,say
yat,nAqKa,.hzb,waTta,tawAgA,Hala,ga`Al,basEkE,sawu,waTA,HabEmElEk,live
HalA,HqEnAtu,lDE,HqEgziHab.hEr,ybArk,Hala,mato,br,malasalA,HqEnAtu,br,live
kAhnu,yzA,hEdAchuAl,HqEnAntas,honahAl,Hala,lDo,taquaTu,sawu,HqEndAywadqub,nafs,say
bAla,basElo,HqEgziHab.hEr,ba`Al,baya`Amatu,Hala,Halu,bnyA,lDo,bla,HazazuHa,live
zArE,dras,babEtsAmisA,baHiyAsu,HqErSA,Hala,HqEgziHab.hEr,tAbo,tamalktawAlnA,bEtsAmis,sawu,say
manSA,nmnA,HqEgziHab.hEr,saw,mnAmaTAla,Hala,Hala,blAtEnA,sAHol,baHqEDE,saql,live
mangadA,nagra,HqEgziHab.hEr,saw,HqEsaTAla,Hala,zArE,nabiy,bAla,qadmo,bAla,live
Hamst,HqEnDarA,tagaNa,baHqEDE,sTa,Hala,kAhnu,balA,HqEnDarA,Nm,nagar,live
sEtocu,nxu.ha,honu,mablA,ycAlAl,Hala,kAhnu,baHqEwna,waTA,Damra,sawnatA,live
maHsAriyA,HalAmaTAhumnA,baHanta,Tor,sayf,Hala,Hala,kAhnu,baHElA,Salaqo,gadalKa,live
HqEsrAHEl,yAla,bamdr,lAy,.hzb,Hala,.hzb,HqEsrAHEl,zalAla,.hzb,Hadrga,say
carna,Hadargla,sAHol,bEt,saw,Hala,HqEgru,SbA,yonAtA,lD,Hala,live
carna,Hadargla,sAHol,bEt,saw,Hala,HqEgru,SbA,yonAtA,lD,Hala,live
maTA,bagmbAru,wadqo,naHsA,mEmfibostE,Hala,bAriyA,Hala,yonAtA,carna,faxmE,live
mot,tagabA,Hala,xruyA,lDo,Hala,zArE,TalAto,zArEs,baHqEsrAHEl,saw,say
HqEnCa,HawdmA,`qAnA,barE,qanbar,Hala,nguHs,HornA,nguHsu,ysaTAl,Hala,live
mamTA,basalA,basalA,Hala,gudAy,Hala,Hala,tanAgar,Hala,mangHstu,HqEsrAHEl,live
lAy,HqEndnagHs,nagara,nabiyu,HakiyA,Hala,HaHsr,HqEnDarAnA,HqEngocA,mnca,mAr,live
`axad,nabiyA,qarmElos,tarArA,sabsb,Hala,Hak`Ab,HqEsrAHEl,lDo,lko,nabiyAtu,say
dmx,samto,salf,dmx,basafaru,Hala,Hala,dl,naSi,dl,tanaSi,live
lD,bala`A,gbx,waTA,.hzb,Hala,mdru,Safana,baHaqrAbiyA,taqamToHal,.hzb,say
HamlAku,HqEgziHab.hEr,nguHs,HqElltA,bamakAkalA,Hala,HqEgziHab.hEr,gbx,HawTtoHacawAl,gulbatu,qand,say
hm,balA,HqEsrAHEl,nagar,bamakAkal,Hala,nagar,makAkalA,tATafu,dras,baTalAtocA,say
Salaqo,minoru,na`AnA,bra,saragalo,HalA,Halu,HiyAsu,yosEf,wagan,mihonu,say
falgu,dakamu,sawu,loT,Halu,Hala,HamA,wand,lD,sEt,lD,say
qarba,bazihs,mtAdarga,mndr,bazihs,Hala,Halu,mikA,Hadaragal,qaTara,kAh,live
maraTa,Hala,sAmuHEl,qara,lD,Hala,tAnASu,qartoHal,bago,yTabqAl,Hala,live
lAy,nguHs,HqEndtho,HqEgziHab.hEr,HasAytoNAl,Hala,HElsA`,rqo,gEtA,maTA,HElsA`,live
CfrA,matA,Hayto,CfrA,HayAla,Hala,HiyorA,ganANa,farasa,lAk,salAm,live
nguHsu,ylAl,salAm,Hiyu,salAm,Hala,fah,takatala,Hala,salAyu,darasabA,live
HiyorA,Hiyu,bAya,Hiyu,salAm,Hala,HElzAbEl,glmutnAwAnA,mata,bazA,salAm,live
ltAbarA,baHanta,malkA,HsgA,`Ay,Hala,ways,saw,miyAy,ways,kfAtE,say
xdq,ways,baHqEgziHab.hEr,xAdq,Tq,Hala,hATiHa,HsarcE,mAgaNa,hATiHa,bAlHsarA,live
tho,HqEgziHab.hEr,knd,yAla,knd,Hala,ways,bAla,dmx,batAlAqnatnA,bal`lnA,say
samAy,bwaTA,Hala,Hol,bward,Hala,nsr,ngA,knf,bwasd,bA.hr,say
baHabAtu,bEt,wandmu,yzo,lbs,Hala,HalaqA,hunl,bAdmA,thu,law,say
taSoma,HazAZ,sAmnAs,hid,hm,bala,maqAbr,yAswaqar,kaf,bAla,sfrA,say
maho,hEDE,makli,bamdr,makli,Hala,Hala,gEtA,malso,kfunA,hAkEta,live
sm`o,gEtA,zalAla,.hywa,qAl,Hala,HqENAs,krstos,.hyA,HqEgziHab.hEr,lD,say
bafrd,lAy,ymakAl,wandmocE,HqEmna,Hala,HsrA,lEla,saw,binor,HqEmnatus,say
HsrA,HawqAla,.hyA,maho,sm,Hala,motahmAl,HsrA,baHamlAkE,fxu,hono,live
barAsu,mota,nagar,saw,HqEmna,Hala,HsrA,Hala,HqEmna,HsrA,yta,live
HsarA,Hala,bagEtA,mogas,Haga,Hala,`EsA,Hala,wandmE,yhu,Hala,live
dras,zabazaba,tanaHsAnA,HqEnhid,HqEhEdAla,Hala,gEtA,lDocu,dakAmo,honu,tAwqAla,live
tkl,dngAyo,nguHs,mHsTir,nagar,Hala,Hala,nguHsu,zm,bal,Hala,live
bEt,taqamTo,nA`od,HqEgziHab.hEr,malHqEk,Hala,Hala,zufAnu,tanaHsA,nA`od,grA,live
HsarAhuA,HamAlktE,kAhnu,yzA,hEdAchuAl,Hala,HqEnAntas,honahAl,Hala,lDo,taquaTu,say
Halaqasu,.hzb,HqEnmalasAla,HaluHa,nuhAmi,Hala,lDocE,tamalasu,bAlocA,honu,lDo,say
bAl,mAg,HarDcAlahunA,hidu,tasfA,Hala,bl,zArE,lElits,bAl,bAgabA,say
manSA,nmnA,HqEgziHab.hEr,saw,mnAmaTAla,Hala,blAtEnA,sAHol,baHqEDE,saql,br,live
sAHol,baHqEDE,saql,br,rubu,Hala,mangadA,nagra,HqEgziHab.hEr,saw,HqEsaTAla,live
lquraTa,Hala,nguHsu,xru,lDo,Hala,sdaba,HazzotAlnA,yrgama,mns,law,live
mot,tagabA,Hala,xruyA,lDo,Hala,zArE,TalAto,zArEs,baHqEsrAHEl,saw,say
bamibalu,HasqamaTKa,nguHs,manAgar,mabt,Hala,nguHsu,nagar,HantanA,sibA,HqErSA,live
maTA,mamTA,basalA,Hala,basalA,Hala,gudAy,Hala,Hala,tanAgar,Hala,live
saw,hATiHatEns,tAsAsb,lDEns,tgadl,Hala,HElyAs,lD,sCi,HalA,bb,live
nguHs,waradu,HElsA`,HqEsrAHEl,nguHs,Hala,HabAthnA,nabiyA,hid,Hala,HqEsrAHEl,live
HsarA,Halaqo,taqamTa,HalaqA,nagar,Hala,Hala,Hiyu,Hala,HalaqA,Hala,live
haTHA,tasfA,yTafAl,HqEgziHab.hEr,mangad,yAla,nawr,mihEd,HambA,TfA,kfA,live
haTHqE,bamota,tasfA,yquaraTAl,hAyAl,Hala,yTafAl,xAdq,Cnqa,ydnAl,haTHqE,say
yAla,badala,waganE,bakantu,tawasdoHalnA,Hala,ylAl,HqEgziHab.hEr,gazuHa,yCoKAlu,ylAl,say
blAtEnA,yfawasAl,tagaZ,naNnA,CfrA,Hala,hid,bla,yhEdAl,bla,ymaTAl,say
Hasaba,Hiyasus,sm`o,mnagr,nagar,Hala,Hala,mamhr,tanAgar,Hala,HabadAri,live
CoKa,l`ul,HqEgziHab.hEr,lD,Hiyasus,Hala,HqEndAtAHsaqAya,baHqEgziHab.hEr,HamlhAla,rkus,manfas,live
dmx,l`ul,HqEgziHab.hEr,lD,Hiyasus,Hala,HqEndAtHsAqaya,HqElamnhAla,Hala,rkusu,manfas,live
TaD,bAlaqa,Hiyasus,TaD,HqEko,Hala,sEt,Hala,darasa,HalA,HqEnAtu,live
bla,manu,mAtAwqu,mbalA,mabl,Hala,HalA,daqa,mazAmurtu,balA,HandA,say
wadadA,yo.hans,mskr,balT,mskr,Hala,Hab,lfaxma,saTa,HsrA,mAdarga,say
maDamariyA,tanAgar,mnAgara,mfarda,nagar,Hala,dAru,lAka,HqEwnata,samA,`Ala,say
bafaqAdE,HanorAtAla,HaywasdA,lAnorA,HslTA,Hala,lAnaHsA,HslTA,Hala,tHqEzAz,HabAtE,live
frd,`Ala,gaZ,tafarada,mnagrA,Hala,nagar,ltSakamu,Hatclu,HqEwna,manfas,say
HqEgziHab.hEr,HabAtocA,tasaTa,tasfA,qAl,HalaNtA,lfArad,qomEHala,tasfA,qAl,HaHsrA,say
baHsgA,bago,nagar,HqEndAynor,faqAd,HalaNnA,malkAmu,mAdrag,Nm,mAlwada,nagar,say
bamiho,nagar,bakrstos,Hiyasus,tmk,Hala,Ha.hzAb,tAzazu,krstos,baqAlnA,baHsrA,live
bAlsabk,wayol,bafaqAdE,bAdarga,damawaz,HalaNnA,yAla,faqAdE,bAdarga,magAbina,baHadarA,say
lAy,bamimaTu,gamad,mangadaNo,manAd,Hala,kAh,gaTamA,yKa,gamadu,Hsosta,live
tabalA,waTAtu,lAy,sil,HasbbatganA,Hala,lanE,miliyo,br,qald,warqAmA,say
yAla,saw,SayTAnE,slk,quTr,Hala,ylAl,Hala,tabAla,tadawalala,qaTtA,live
