Lcontext6,Lcontex5,Lcontext4,Lcontext3,Lcontext2,Lcontext1,target word,Rcontext1,Rcontext2,Rcontext3,Rcontext4,Rcontext5,Rcontext6,class
ganzabA,mAsqamaT,yat,yAla,bAnk,`Ayna,Hala,HabzA,Handi,Hagar,bAnk,tabAla,TarA,say
Hadrgo,mimalaka,HamErikA,mangHs,maHsaratAwi,lyuna,yAla,maglaCAwTaqlAy,ministr,malas,zEnAwi,bagudAyu,lAy,say
TqmA,Tq,Hagar,misTr,yAwaTAnA,SaT,Hala,gl,Tq,Hagar,kbr,yAwArd,Hala,live
Hala,gl,flAgo,mArkA,TalA,salaf,Hala,gl,Tq,HityoPyA,godAkaHityoPyA,naTaqa,zEgA,live
HqEdgatnA,lmA,wl,fta,habtnA,HqEwqa,Hala,snl,gnhabtunnA,HqEwqatu,Hagar,lmA,HqEndAywl,say
yAdarg,Hi.hHadEg,TalA,bloHityoPyA,HatAlmu,taqAwAmi,Hala,HityoPyA,TfAtnA,wdqa,mimaNu,hAylo,salaf,live
qaru,yATafAlHamAlEq,Hayto,ymasl,Damar,hm,Hala,HamAlEq,Ha.hzAb,HalaqA,fxAmE,TfA,ymaTAlqEnA,say
TfA,ymaTAlqEnA,Hayto,ymsl,Damar,hm,Hala,mAdariyA,xanA,goDo,baHambA,lAy,taHsartoHal,say
wArsA,baHqEsrAHEl,wandmu,sm,mAqo,HqEnbi,Hala,linor,wadada,tbalAcawyakatamA,SmAglE,Tarta,yTayqu,say
lAkusEwo,HqEsrAHEl,bamdru,lAy,yAlf,HqEnbi,Hala,sEwo,.hzbu,sabasaba,HqEsrAHEl,mawgA,mdra,say
HaTaTAwmusE,Haro,tAlAq,hATiHa,tAmaTA,.hzb,Hala,Haro,Hala,gEtA,quTA,HayqATal,.hzb,say
sabaruslatabAbarutArik,qayarumnu,qTukaSlmAtu,SEru,SEr,khA,Hala,zamanA,`Eli,Tncal,HayAto,tawadAdra,lAy,say
HandA,CalamA,baTlqu,lAy,HqEgziHab.hErmbrhA,yhu,Hala,brhA,honaHqEgziHab.hEr,brhAnu,malkA,Haya,HqEgziHab.hEr,say
bawho,Tafar,yhu,bawhAnA,bawhA,ykfal,Hala,HqEgziHab.hEr,Tafar,Hadaraga,Tafar,batAcnA,Tafar,say
yqr,mla,yqr,HqElAla,mmra,HqEmrAla,Hala,saw,Hayto,HaydnmnA,fitE,mAya,HaycAl,live
HqEgziHab.hEr,malkA,HayamAtA,TwA,HarAta,qanHqEgziHab.hEr,Hala,whA,.hyA,nafs,yAlA,tanqasAqASo,tAsga,live
waganu,Hadaraga,HqEgziHab.hEr,malkA,Haya,HqEgziHab.hEr,Hala,saw,bamalkA,msAlEHa,HqEnfTar,bA.hr,`AHsocnnA,say
wafo,bamdr,lAy,nqasAqasu,gzuHa,HqEgziHab.hEr,Hala,mabl,yhonA,bamdr,lAy,zaru,baHqErsu,say
HatblA,babalA,qan,mot,tmotAlahnAHqEgziHab.hEr,HamlAk,Hala,saw,malkA,Haydala,radA,HqEnfTarlatHqEgziHab.hEr,HamlAk,say
sEt,Hadrgo,HsarA,HadA,HamaTA,HadA,Hala,HaT,HaTntE,HsgA,HsgA,wand,tagaNtAlacnA,say
frE,bagana,kAla,zAfu,frE,HqEgziHab.hEr,Hala,HqEndAtmotu,Hatblu,HatnkutmHqEbAb,sEtitu,HalA,mot,say
zAfo,taSaSaguHqEgziHab.hEr,HamlAk,HadA,Tarto,HalawHqErsu,Hala,bagana,dmx,samA,`rAqutE,farA,taSaSaghumHqEgziHab.hEr,live
balA,HqEgziHab.hEr,HamlAk,sEtitu,yAdarag,mndr,HalA,sEtitu,Hala,HqEbAb,HasAtaNnA,balAhuHqEgziHab.hEr,HamlAk,live
qur,lbs,HadaragalA,HalabasA,HqEgziHab.hEr,HamlAk,Hala,HadA,malkAmnnA,mAwaq,HqEDu,HqEndAyzaragA,.hywa,live
faqAd,bAl,yhonAl,gaZ,yhonAl,HadA,Hala,st,qAl,samtahAlnA,HqEndAtbalA,kAzaz,zAf,say
qAya,walada,wand,lD,HqEgziHab.hEr,HagaNa,Hala,wandmu,HabEl,walada,HabEl,bag,TabAqi,live
bawandmu,baHabEl,lAy,tanaHsA,gadalawmHqEgziHab.hEr,qAya,Hala,wand,HabEl,Hala,HalAwq,wandmE,TabAqi,live
lAy,kuablAynA,taqbazbAZ,HqEhonAla,yAgaNa,ygadlaNAlHqEgziHab.hEr,Hala,HqEngdi,qAya,gadala,HqETf,ybaqalbatAl,HqEgziHab.hEr,say
HsgA,nawnA,zamanocu,mato,`Ama,yhonAlu,Hala,warA,nEfili,bamdr,lAy,HqEgziHab.hEr,lDo,say
tanqasAqA,samAy,waf,dras,faTarhuA,taxaxcEHalahunA,Hala,noh,baHqEgziHab.hEr,mogas,HagaNayanoh,twld,noh,say
bamdr,lAy,mangadu,HabalASto,nabarnAHqEgziHab.hEr,noh,Hala,HsgA,fxAmE,bafitE,darsoHal,tanaHsA,mdr,live
lAy,HaHsrA,Hamst,knd,kaf,kaf,Hala,tarAro,taSafanubamdr,lAy,HsgA,yAla,nqasAqasa,say
HaqarabaHqEgziHab.hEr,malkAmu,ma`AzA,HaSatata,HqEgziHab.hEr,balbu,Hala,mdr,dAgma,saw,rag,saw,lb,say
mdr,mATfA,dAgma,TfA,whA,HayhonmHqEgziHab.hEr,Hala,bAla,ba.hyA,nafs,zalAla,mAdarga,qAl,say
HayAtAlahuHqEgziHab.hEr,noh,bamdr,lAy,baminor,HsgA,bAla,yAqo,qAl,kidA,mlk,Halawkamarkab,waTu,say
rgu,yhu,wandmocu,bAriyA,bAriyA,yhunHqEndi,Hala,sEm,HamlAk,HqEgziHab.hEr,ybArak,na`A,bAriyA,say
nabaruHqEgziHab.hEr,HabrA,tagalaTalatnA,mdr,zar,HqEsaTAla,Hala,tagalaTala,HqEgziHab.hEr,sfrA,maHsa,HsarA,babEtEl,say
sawu,batAlAq,maqHsaf,matAfar`o,HabrA,Tarto,Hala,yAdaraghb,mndr,mis,mns,HqEhtE,mis,say
na`AnAwyAnnA,fErzA,mdr,taqamTa,nabarHabrA,loT,Hala,wandmAmA,nannA,baHanta,baHqEraNocEnA,baHqEraNo,Tab,say
kfuwocnA,baHqEgziHab.hEr,hATiHataNo,nabaruloT,HqEgziHab.hEr,HabrA,Hala,`Ay,HanHsAnA,kAla,sfrA,samEnnA,dabub,live
sTa,btu,wsad,HalawHabrA,sado,nguHs,Hala,samAynnA,mdr,wadamigazA,l`ul,HqEgziHab.hEr,HqEDE,live
HqEhEdAla,bEtE,magAbi,damAsqo,saw,HEli`Ezar,Hala,HabrA,zar,saTaKa,babEtE,tawalada,saw,live
mdr,twarsA,HqEndsaT,`ur,yAwaTA,HqEgziHab.hEr,Hala,HabEtu,HqEgziHab.hEr,HqEndwarsA,Hala,Hsos,`Ama,live
maTA,dngATEnA,tAlAq,CalamA,wadaqa,HabrA,Hala,zar,bAlhona,mdr,sdataNo,honu,baHqErgT,say
samAy,tamalka,wAkb,ltquaTrA,tcl,quTar,Hala,zar,yhonAl,Hala,HabrA,baHqEgziHab.hEr,Hamana,live
talaytA,tTfA,qAl,kidAnE,HafrsAlacnAHqEgziHab.hEr,HabrhA,Hala,st,HsorA,sm,HsorA,bla,HatTrA,live
bAya,ba`Ay,HaqAlala,HqEgziHab.hEr,baHanta,yfrad,Hala,HabrA,HsorA,bAriyA,wadad,Hadrgi,HalA,live
HqEnqlf,maTA,dngATEnA,tAlAq,CalamA,wadaqabatHabrA,Hala,zar,bAlhona,mdr,sdataNo,honu,baHqErgT,say
fxu,qAl,kidAnE,baHanta,HadargAla,HabazAhAla,Hala,HabrA,bagmbAru,wadaqa,HqEgziHab.hEr,tanAgara,qAl,say
HaTagab,nawHqErsu,HsorA,bAriyA,HagAr,wadEts,HalA,HqEmabEtE,HsorA,kobalal,Hala,HqEgziHab.hEr,malHak,live
zar,HqEsaTAla,HamlAk,HqEhonAcawAla,HqEgziHab.hEr,HabrhA,Hala,qAl,kidAnE,tTabqAla,zar,batwldA,baHanta,live
HsArA,HqEgziHab.hEr,HqEsmAHEl,binor,bawadad,HalawHqEgziHab.hEr,Hala,baHqEwna,mis,HsArA,wand,lD,twaldlhAla,say
nagaHstA,ywaTAluHabrhA,bagmbAru,wadaqa,sAqa,balbu,Hala,mato,`Ama,saw,bawnu,lD,zaTanA,say
daDAf,tanaHsto,roTa,mdr,sagada,hm,Hala,HabEtu,bafiths,mogas,HagNcE,bAriyA,Hatlafa,say
baHqEwna,HqEmalasAla,mis,HsArA,lD,tAgaNAla,Hala,HsArA,badnkuA,daDAf,sAla,samA,HabrhAmnA,say
bawnu,ftwa,gEtA,faxmo,SamgloHalHqEgziHab.hEr,HabrhA,Hala,kAraDa,bawnu,stl,HsArA,HqEgziHab.hEr,sAna,live
Haqanu,HabrhA,liSa,HabroHa,hEda,HqEgziHab.hEr,Hala,mAdarga,HabrhA,baHqEwna,tAlAqnA,brtu,.hzb,say
baHabrhA,lAy,tanAgara,nagar,yAmaTA,nawHqEgziHab.hEr,Hala,sadomnA,gamorA,CuKa,baztoHalnA,hATiHatA,bdAlacnA,live
bakatamAytu,HamsA,xAdqA,bAga,sfrA,HqEmrAla,Hala,HabrhA,malasa,Halam,HafarnA,Hamad,sho,say
Hamst,bAga,HalATafA,Haladagmo,tanAgara,hm,Hala,mnAl,HarbA,HarbA,sl,HalAdarga,HalaHqErsu,say
HalaHqErsu,bnAgar,gEtA,HayqoTA,mnAl,HaHsr,Hala,HaHsru,HalATafA,HalaHqEgziHab.hEr,HabrhA,nggru,baCarasa,say
HqEnAwqA,HawTAcawloT,daD,waTA,mazgiyA,zagAwHqEndi,Hala,wandmocE,nagar,HatAdrgu,wand,yAlAwaqu,sEto,say
wand,lD,sEt,lD,btho,bakatamAytu,yAla,sfrA,HaswaTAcawHqE,sfrA,HqEnATafAlannA,CuKatA,baHqEgziHab.hEr,say
lDocu,HawaTutnA,bakatamAytu,HasqamaTu,mEdA,kAwaTuHa,Hala,Had,Haty,zuriyA,Hatqu,HqEndAtTafA,tarArA,say
qrb,nafsE,mAdA,SaScE,lAmlT,katamA,Hala,tanAgarhA,katamA,HqEndAlATafA,nagar,manKa,taqabyEhAla,say
taqamaTatAlAqitu,tAnASitu,HalacA,HabAtA,Samagala,bamdr,HqEndAla,lmAd,liganANa,cl,saw,mdr,lAy,say
bagErArA,baHqEngdna,taqamaTaHabrhA,mistu,HsArA,HqEhtE,Hala,gErArA,nguHs,HabimElEk,lAkanA,HsArA,wasadA,say
maTA,hm,Hala,wasadhA,sEt,mw,bAla,bAl,nAtnAHabimElEk,qara,hm,Hala,HabEtu,say
HabEtu,xAdqu,.hzb,HqEhtE,yAla,wandmE,Hala,balbE,qnnatnA,baHqEDE,nxu.hna,HadaraghuHqEgziHab.hEr,ba.hl,say
nagar,baDoroHa,tanAgara,faruHabimElEk,HabrhA,Tarto,Hala,yAdaraghb,mndr,mns,bamangHstE,lAy,hATiHa,say
mistu,HsArA,malasalatHabimElEk,mdrE,bawadadKa,taqamaT,Hala,HsArA,HalA,wand,mizA,br,saTa,say
nabaraHsArA,HqEgziHab.hEr,sAq,HadrgolNAl,samA,ysqAl,Hala,HsArA,lDo,HqEndtATabA,HabrhA,baHqErDnA,lD,say
nagar,baHabrhA,lDu,cgr,HqEgziHab.hEr,HabrhA,Hala,bAriyAhnA,blAtEnA,Hatza,HsArA,mtnagr,qAl,live
wadAD,HakozatnA,HsarAwitu,HalaqA,fikol,HabrhA,Hala,bamtAdarga,HqEgziHab.hEr,balDE,balD,lDE,HqEndAtAdargb,live
taqamaT,mdr,carna,tAdargAla,HabrhA,HqEmlAla,Hala,HabimElEk,bAriyA,banaTaqu,bawhA,gudguAd,HabrhA,live
HaqomaHabimElEk,HabrhA,yAqomhA,qEbo,bago,mndr,Hala,whA,gudguAd,qofar,mskr,yhonl,qEbo,say
HabrhA,fatana,hm,Hala,HabrhA,HabrhA,Hala,Halayamtwada,lD,ys.haq,moriyA,mdr,hid,live
Habra,hEduys.haq,HabAtu,HabrhA,tanAgara,HabAtE,Hala,lDE,Hala,HqEsAtunA,HqEnCatu,yKa,Hala,live
HqEgziHab.hEr,malHak,samAy,TarAnA,HabrhA,HabrhA,Hala,Hala,bablAtEnA,lAy,HatzargA,HandA,HatAdrg,live
ybAlAlyaHqEgziHab.hEr,malHak,HabrhA,samAy,TarA,hm,Hala,HqEgziHab.hEr,barAsE,mAl,ylAl,nagar,HadrgahAlnA,say
HabrhA,lolE,bEtu,SmAglE,btu,HazAZ,Hala,CnE,Hadrg,HabrE,mnorA,na`A,sEto,live
mamTA,HqEnbi,yAla,lD,waTA,Hagar,Hala,HabrhA,Hala,lDE,HqEndAtmals,taTanqaq,HabAtE,live
maza,Tnd,warq,HambAr,HawaTA,hm,HalA,lD,ngari,bEt,mnAdr,sfrA,sawyo,say
sfrA,Hala,sawyo,Hagonabasa,HqEgziHab.hEr,sagadaHqEndi,Hala,carnatunnA,HqEwnatu,gEtA,yAlArAqa,gEtA,HabrhA,live
maTA,bawhA,mnC,HaTagab,gmalocu,qomo,Hala,HqEgziHab.hEr,buruk,gbA,bawCi,bEtu,gmalo,say
nAgar,dras,balA,Hala,tanAgar,HalawHqErsu,Hala,HabrhA,lolE,naNHqEgziHab.hEr,gEtA,bAraka,Haganana,say
TayaqhuA,milkA,nAkor,waladacla,bAtuHEl,lD,Hala,qala,HadaraghulA,HqEDo,HambAro,HadaraghulAtnagar,HabAtE,say
HqEnsrA,CAnqA,HawaradacnA,TaTA,gmalo,HaTaTAla,Hala,TaTA,gmalocE,HaTaTAcHqEnE,lD,byE,TayaqhuA,say
TayaqhuA,milkA,nAkor,waladacla,bAtuHEl,lD,Hala,qala,HadaraghulA,HqEDo,HambAro,HadaraghulA,bagmbArE,say
Halu,rbqA,Tarta,saw,HaluHa,HqEhEdAla,Hala,HqEhtA,rbqA,mogzi,HabrhA,lolEnA,HasanAbatuHacawrbqA,say
Halu,rbqA,Tarta,saw,HaluHa,HqEhEdAla,Hala,HqEhtA,rbqA,mogzi,HabrhA,lolEnA,HasanAbatuHacawrbqA,say
warada,lolE,liganANa,bamEdA,maTA,saw,Hala,lolE,gEtA,HalA,maSafa,wasdA,takanAnabaclolE,say
ygafAfu,mnE,Hala,HqEgziHab.hEr,tTayq,hEdacHqEgziHab.hEr,HalA,wagano,bamAhxa,.hzb,hod,ykafalAlu,.hzb,live
`EsA,yA`qob,qayu,waT,HablA,dakmEHalahunA,Hala,smu,HEdo,tabAlayA`qob,bamaDamariyA,bkurnA,STl,say
nguHs,HabimElEk,gErArA,hEdaHqEgziHab.hEr,tagalaTala,hm,Hala,gbx,Hatwrad,baml,mdr,taqamaT,HqEnDibazi,say
taqamaTayaziyA,sfrA,sawu,mistu,Tayaqu,HqEhtE,Hala,sfrA,rbqA,silu,HqEndAygadlu,mistE,mAla,say
HqEndEts,HqEhtE,ys.haq,HqEndAlmo,byE,HalawHabimElEk,Hala,yAdaraghb,mndr,.hzb,mis,lita,baqara,say
Hafar,molubAcawHabimElEk,ys.haq,talayta,hid,barttahAlnA,Hala,ys.haq,hEda,bagErArA,Salaqo,safro,taqamaTays.haq,say
bErsAbE,waTA,lEli,HqEgziHab.hEr,tagalaTala,hm,Hala,HabrhA,HamlAk,HatfrA,naNnA,HqEbArkhAla,bAriyA,say
bafazazu,tAlAqu,lDu,`EsA,Tarto,lDE,Hala,Hala,HalawHqErsu,Hala,HaraDa,mmo,qan,live
liyAmaTA,mdra,badA,hEdarbqA,lD,yA`qob,Hala,wand,`EsAwHada,Hadna,HamTAl,sAlmo,balcE,say
HqEhonAla,marga,balA,HamaTAla,baraka,HaydalamHqEnAtu,Hala,lDE,marga,lAy,yhu,qAlE,smA,say
yA`qob,baHqEDu,saTa,HabAtu,gabto,HabAtE,Hala,lDE,Hala,yA`qob,HabAtu,Hala,bakur,live
taqamaT,kAda,blAys.haq,lDu,lDE,faTna,Hala,HqEgziHab.hEr,HamlAk,Haqaraba,Hala,ys.haq,yA`qob,say
lDE,Hada,HqEndbalAnA,nafsE,HqEndtbArk,Haqrbl,Hala,Haqarabala,balA,TaD,HamaTAla,TaTAHabAtu,ys.haq,say
sAma,lbsu,StA,HaSatata,bAraka,hm,Hala,lDE,StA,HqEgziHab.hEr,bAraka,HqErSA,StA,say
bakur,lD,`EsA,Hala,ys.haq,danagaTaHqEndi,Hala,yAdana,Hada,yAmaTA,sAtmaTA,balA,bArak,live
bAtuHEl,lD,galabAnA,gafarA,baqA,yAhl,Hala,mAdariyA,sfrA,Hala,sawyo,Hagonabasa,HqEgziHab.hEr,live
bafazazu,tAlAqu,lDu,`EsA,lDE,Hala,Hala,Hala,HaraDa,mmo,qan,HalAwq,mAda,live
ftwa,gEtA,faxmo,SamgloHal,HqEgziHab.hEr,HabrhA,Hala,kAraDa,bawnu,stl,HsArA,HqEgziHab.hEr,sAna,live
dars,bawddru,mangad,lAy,mEdACAkA,wanz,Hala,mAquAraT,yTabaqbAcawAlbamAgHstu,wddru,taDamara,CAkA,nguHs,say
daraDAyayAzu,sEto,smo,HakAhEd,yAsAya,nagar,Hala,HityoPayA,walADo,batalay,tamco,walADo,sm,say
bayawA.hnatA,baqnnatAcawnagaro,batankol,`Ay,bAlamAyatAcawyatagodu,.hzbo,Halu,tAdyA,tArik,managaruyadarasabA,gaf,matarakumagalaTu,twld,say
yhu,Haga,Haydala,HityoPyAwi,yAlnoranA,yAltaqabara,Hala,Hakus,hulA,Hakus,bamawalad,Haydala,bamaho,say
gnb,mAya,warada,HqEgziHab.hEr,wagan,quAnquA,HalA,mAdrag,Damaru,yAsabu,maHsrA,Haykalakalu,HqEnwrad,live
wandmA,kAlhona,fitE,HatAyu,blonAlnA,HqEsrAHEl,HalA,ziyAws,wand,Hala,blA,saw,HqENAnA,say
hm,nagarA,SmAglE,HabAtA,dahnA,ba.hywa,Halu,bAriyA,HabAtA,dahnA,ba.hywa,Hala,Haguanbsa,live
HqElamnAla,bAriyA,HatqoTA,far`o,nahnA,gEtA,HalA,ways,Tayaqa,gEtA,SamAglE,Hala,baSmglnA,live
CalamA,yAlfAlnA,HqEwnata,brhA,ybarAl,babrhA,Hala,wandmu,TalA,baCalamA,Hala,wandmu,wad,live
bAtuHEl,lD,galabAnA,gafarA,baqA,yAhl,Hala,mAdariyA,sfrA,Hala,sawyo,Hagonabasa,HqEgziHab.hEr,live
Haga,Hala,`EsA,Hala,wandmE,yhu,Hala,yA`qob,Hala,Haydala,nagar,mogas,HagNcE,live
TaftoHal,tAnASu,bakana`A,mdr,zArE,HabAtA,Hala,Hagaru,gEtA,saw,tAmanA,sawu,honA,say
hm,nagarA,SmAglE,HabAtA,dahnA,ba.hywa,Halu,bAriyA,HabAtA,dahnA,ba.hywa,Hala,Haguanbsa,live
mAya,HaycAl,Hala,HqEgziHab.hEr,sfrA,Hala,ba`Alatu,lAy,tqomAla,kbrE,bAlafa,basanTAqA,`Ala,live
HsAr,miCars,CfrA,bazuriyA,yAla,yCarsAl,HalA,sEfor,lD,bAlAq,mo`Ab,nguHs,bawanzu,say
TamAmna,HamlAku,HqEgziHab.hEr,nguHs,HqElltA,bamakAkalA,Hala,HqEgziHab.hEr,gbx,HawTtoHacawAl,gulbatu,qand,HqEndAla,say
qads,hm,balA,HqEsrAHEl,nagar,bamakAkal,Hala,nagar,makAkalA,tATafu,dras,baTalAtocA,maqo,say
nagar,Hala,Hala,nguHsu,zm,bal,Hala,bazuriyA,qomu,waTu,nA`od,qaraba,basagana,live
taHamrAtu,HqEgziHab.hEr,ttonAl,bamdyAmA,HasAlfo,saTtonAl,Hala,HqEgziHab.hEr,zawar,bagul,hid,HqEsrAHEl,mdyA,say
TarA,zArE,dras,Habi`EzrA,bamthona,ba`ofrA,Hala,HqEgziHab.hEr,lEli,barE,`Ama,barE,wsad,say
Haf,yat,nAqKa,.hzb,waTta,tawAgA,Hala,ga`Al,basEkE,sawu,waTA,HabEmElEk,tawAgA,live
wasDEwAla,HalA,HqEnAtu,lDE,HqEgziHab.hEr,ybArk,Hala,mato,br,malasalA,HqEnAtu,br,taqaraxa,live
HamAlktE,kAhnu,yzA,hEdAchuAl,HqEnAntas,honahAl,Hala,lDo,taquaTu,sawu,HqEndAywadqub,nafs,bEta,say
badabub,bAla,basElo,HqEgziHab.hEr,ba`Al,baya`Amatu,Hala,Halu,bnyA,lDo,bla,HazazuHa,hidu,live
dngAyu,zArE,dras,babEtsAmisA,baHiyAsu,HqErSA,Hala,HqEgziHab.hEr,tAbo,tamalktawAlnA,bEtsAmis,sawu,matA,say
qoHalnA,manSA,nmnA,HqEgziHab.hEr,saw,mnAmaTAla,Hala,Hala,blAtEnA,sAHol,baHqEDE,saql,br,live
Hala,mangadA,nagra,HqEgziHab.hEr,saw,HqEsaTAla,Hala,zArE,nabiy,bAla,qadmo,bAla,rAHqEy,live
Hahuns,Hamst,HqEnDarA,tagaNa,baHqEDE,sTa,Hala,kAhnu,balA,HqEnDarA,Nm,nagar,taqadas,live
blAtEnocu,sEtocu,nxu.ha,honu,mablA,ycAlAl,Hala,kAhnu,baHqEwna,waTA,Damra,sawnatA,sEto,live
sayfEnnA,maHsAriyA,HalAmaTAhumnA,baHanta,Tor,sayf,Hala,Hala,kAhnu,baHElA,Salaqo,gadalKa,flsTHEmA,live
.hzb,HqEsrAHEl,yAla,bamdr,lAy,.hzb,Hala,.hzb,HqEsrAHEl,zalAla,.hzb,Hadrga,HaxntaKawAl,say
HqEgziHab.hEr,carna,Hadargla,sAHol,bEt,saw,Hala,HqEgru,SbA,yonAtA,lD,Hala,Hala,live
HqEgziHab.hEr,carna,Hadargla,sAHol,bEt,saw,Hala,HqEgru,SbA,yonAtA,lD,Hala,Hala,live
mEmfibostE,maTA,bagmbAru,wadqo,naHsA,mEmfibostE,Hala,bAriyA,Hala,yonAtA,carna,faxmE,HadarglhAlahunA,live
sadboHalnA,mot,tagabA,Hala,xruyA,lDo,Hala,zArE,TalAto,zArEs,baHqEsrAHEl,saw,limo,say
miqATal,HqEnCa,HawdmA,`qAnA,barE,qanbar,Hala,nguHs,HornA,nguHsu,ysaTAl,Hala,HornA,live
maTA,mamTA,basalA,basalA,Hala,gudAy,Hala,Hala,tanAgar,Hala,mangHstu,HqEsrAHEl,nguHs,live
.hzb,lAy,HqEndnagHs,nagara,nabiyu,HakiyA,Hala,HaHsr,HqEnDarAnA,HqEngocA,mnca,mAr,hiDi,live
mAmlakiyA,`axad,nabiyA,qarmElos,tarArA,sabsb,Hala,Hak`Ab,HqEsrAHEl,lDo,lko,nabiyAtu,qarmElos,say
.hzbu,dmx,samto,salf,dmx,basafaru,Hala,Hala,dl,naSi,dl,tanaSi,dmx,live
bi`or,lD,bala`A,gbx,waTA,.hzb,Hala,mdru,Safana,baHaqrAbiyA,taqamToHal,.hzb,ybalTAlnA,say
TamAmna,HamlAku,HqEgziHab.hEr,nguHs,HqElltA,bamakAkalA,Hala,HqEgziHab.hEr,gbx,HawTtoHacawAl,gulbatu,qand,HqEndAla,say
qads,hm,balA,HqEsrAHEl,nagar,bamakAkal,Hala,nagar,makAkalA,tATafu,dras,baTalAtocA,maqo,say
baHiyzrAHEl,Salaqo,minoru,na`AnA,bra,saragalo,HalA,Halu,HiyAsu,yosEf,wagan,mihonu,HEfrEmnA,say
mAgNa,falgu,dakamu,sawu,loT,Halu,Hala,HamA,wand,lD,sEt,lD,btho,say
Hawaqu,qarba,bazihs,mtAdarga,mndr,bazihs,Hala,Halu,mikA,Hadaragal,qaTara,kAh,honhula,live
HqEgziHab.hEr,maraTa,Hala,sAmuHEl,qara,lD,Hala,tAnASu,qartoHal,bago,yTabqAl,Hala,sAmuHEl,live
basoryA,lAy,nguHs,HqEndtho,HqEgziHab.hEr,HasAytoNAl,Hala,HElsA`,rqo,gEtA,maTA,HElsA`,Hala,live
Hiyu,CfrA,matA,Hayto,CfrA,HayAla,Hala,HiyorA,ganANa,farasa,lAk,salAm,ybala,live
darso,nguHsu,ylAl,salAm,Hiyu,salAm,Hala,fah,takatala,Hala,salAyu,darasabA,nagar,live
HagaNu,HiyorA,Hiyu,bAya,Hiyu,salAm,Hala,HElzAbEl,glmutnAwAnA,mata,bazA,salAm,Hala,live
mkr,ltAbarA,baHanta,malkA,HsgA,`Ay,Hala,ways,saw,miyAy,ways,kfAtE,tfalAlag,say
hm,xdq,ways,baHqEgziHab.hEr,xAdq,Tq,Hala,hATiHa,HsarcE,mAgaNa,hATiHa,bAlHsarA,noro,live
xAdq,tho,HqEgziHab.hEr,knd,yAla,knd,Hala,ways,bAla,dmx,batAlAqnatnA,bal`lnA,talAbas,say
fiths,samAy,bwaTA,Hala,Hol,bward,Hala,nsr,ngA,knf,bwasd,bA.hr,maCaraSA,say
saw,baHabAtu,bEt,wandmu,yzo,lbs,Hala,HalaqA,hunl,bAdmA,thu,law,qan,say
babEtu,taSoma,HazAZ,sAmnAs,hid,hm,bala,maqAbr,yAswaqar,kaf,bAla,sfrA,maqAbr,say
saw,maho,hEDE,makli,bamdr,makli,Hala,Hala,gEtA,malso,kfunA,hAkEta,bAriyA,live
Hala,sm`o,gEtA,zalAla,.hywa,qAl,Hala,HqENAs,krstos,.hyA,HqEgziHab.hEr,lD,HamnanAl,say
m.hra,bafrd,lAy,ymakAl,wandmocE,HqEmna,Hala,HsrA,lEla,saw,binor,HqEmnatus,liyAdna,say
ylAl,HsrA,HawqAla,.hyA,maho,sm,Hala,motahmAl,HsrA,baHamlAkE,fxu,hono,HalAgaNahutmnA,live
binor,barAsu,mota,nagar,saw,HqEmna,Hala,HsrA,Hala,HqEmna,HsrA,yta,HasAya,live
yAgaNa,HsarA,Hala,bagEtA,mogas,Haga,Hala,`EsA,Hala,wandmE,yhu,Hala,yA`qob,live
qabala,dras,zabazaba,tanaHsAnA,HqEnhid,HqEhEdAla,Hala,gEtA,lDocu,dakAmo,honu,tAwqAla,bagocnA,live
bagElgalA,tkl,dngAyo,nguHs,mHsTir,nagar,Hala,Hala,nguHsu,zm,bal,Hala,bazuriyA,live
basagana,bEt,taqamTo,nA`od,HqEgziHab.hEr,malHqEk,Hala,Hala,zufAnu,tanaHsA,nA`od,grA,HqEDu,live
Halu,HsarAhuA,HamAlktE,kAhnu,yzA,hEdAchuAl,Hala,HqEnAntas,honahAl,Hala,lDo,taquaTu,sawu,say
Hadrga,Halaqasu,.hzb,HqEnmalasAla,HaluHa,nuhAmi,Hala,lDocE,tamalasu,bAlocA,honu,lDo,bahodE,say
tamalasu,bAl,mAg,HarDcAlahunA,hidu,tasfA,Hala,bl,zArE,lElits,bAl,bAgabA,wando,say
qoHalnA,manSA,nmnA,HqEgziHab.hEr,saw,mnAmaTAla,Hala,blAtEnA,sAHol,baHqEDE,saql,br,rubu,live
blAtEnA,sAHol,baHqEDE,saql,br,rubu,Hala,mangadA,nagra,HqEgziHab.hEr,saw,HqEsaTAla,Hala,live
lhidnA,lquraTa,Hala,nguHsu,xru,lDo,Hala,sdaba,HazzotAlnA,yrgama,mns,law,Hala,live
sadboHalnA,mot,tagabA,Hala,xruyA,lDo,Hala,zArE,TalAto,zArEs,baHqEsrAHEl,saw,limo,say
bagabatA,bamibalu,HasqamaTKa,nguHs,manAgar,mabt,Hala,nguHsu,nagar,HantanA,sibA,HqErSA,tkAfalu,live
bErsAbE,maTA,mamTA,basalA,Hala,basalA,Hala,gudAy,Hala,Hala,tanAgar,Hala,mangHstu,live
HqEgziHab.hEr,saw,hATiHatEns,tAsAsb,lDEns,tgadl,Hala,HElyAs,lD,sCi,HalA,bb,wasdo,live
HEdomyAs,nguHs,waradu,HElsA`,HqEsrAHEl,nguHs,Hala,HabAthnA,nabiyA,hid,Hala,HqEsrAHEl,nguHs,live
bagabA,HsarA,Halaqo,taqamTa,HalaqA,nagar,Hala,Hala,Hiyu,Hala,HalaqA,Hala,tanaHsto,live
dastA,haTHA,tasfA,yTafAl,HqEgziHab.hEr,mangad,yAla,nawr,mihEd,HambA,TfA,kfA,miyAdargu,live
yTamadAlu,haTHqE,bamota,tasfA,yquaraTAl,hAyAl,Hala,yTafAl,xAdq,Cnqa,ydnAl,haTHqE,baHqErsu,say
HaHsor,yAla,badala,waganE,bakantu,tawasdoHalnA,Hala,ylAl,HqEgziHab.hEr,gazuHa,yCoKAlu,ylAl,HqEgziHab.hEr,say
tanAgar,blAtEnA,yfawasAl,tagaZ,naNnA,CfrA,Hala,hid,bla,yhEdAl,bla,ymaTAl,bAriyA,say
balbu,Hasaba,Hiyasus,sm`o,mnagr,nagar,Hala,Hala,mamhr,tanAgar,Hala,HabadAri,tabadAri,live
dmx,CoKa,l`ul,HqEgziHab.hEr,lD,Hiyasus,Hala,HqEndAtAHsaqAya,baHqEgziHab.hEr,HamlhAla,rkus,manfas,saw,live
batAlAq,dmx,l`ul,HqEgziHab.hEr,lD,Hiyasus,Hala,HqEndAtHsAqaya,HqElamnhAla,Hala,rkusu,manfas,saw,live
tAdamu,TaD,bAlaqa,Hiyasus,TaD,HqEko,Hala,sEt,Hala,darasa,HalA,HqEnAtu,HagalgAyocu,live
blA,bla,manu,mAtAwqu,mbalA,mabl,Hala,HalA,daqa,mazAmurtu,balA,HandA,saw,say
lilA,wadadA,yo.hans,mskr,balT,mskr,Hala,Hab,lfaxma,saTa,HsrA,mAdarga,HsrA,say
Halu,maDamariyA,tanAgar,mnAgara,mfarda,nagar,Hala,dAru,lAka,HqEwnata,samA,`Ala,HqEnAgarAla,say
ywadaNAl,bafaqAdE,HanorAtAla,HaywasdA,lAnorA,HslTA,Hala,lAnaHsA,HslTA,Hala,tHqEzAz,HabAtE,taqabal,live
mAtAyu,frd,`Ala,gaZ,tafarada,mnagrA,Hala,nagar,ltSakamu,Hatclu,HqEwna,manfas,bamaTA,say
HawqawNAlnA,HqEgziHab.hEr,HabAtocA,tasaTa,tasfA,qAl,HalaNtA,lfArad,qomEHala,tasfA,qAl,HaHsrA,waganocA,say
mAla,baHsgA,bago,nagar,HqEndAynor,faqAd,HalaNnA,malkAmu,mAdrag,Nm,mAlwada,nagar,HadargAlahunA,say
HqEgziHab.hEr,bamiho,nagar,bakrstos,Hiyasus,tmk,Hala,Ha.hzAb,tAzazu,krstos,baqAlnA,baHsrA,bamlktnA,live
wangEl,bAlsabk,wayol,bafaqAdE,bAdarga,damawaz,HalaNnA,yAla,faqAdE,bAdarga,magAbina,baHadarA,tasaTtoNAl,say
tabAla,lAy,bamimaTu,gamad,mangadaNo,manAd,Hala,kAh,gaTamA,yKa,gamadu,Hsosta,tanTalATalu,live
HqErA,tabalA,waTAtu,lAy,sil,HasbbatganA,Hala,lanE,miliyo,br,qald,warqAmA,sostnA,say
HaTagabu,yAla,saw,SayTAnE,slk,quTr,Hala,ylAl,Hala,tabAla,tadawalala,qaTtA,sdb,live
