Lcontext9,Lcontext8,Lcontext7,Lcontext6,Lcontex5,Lcontext4,Lcontext3,Lcontext2,Lcontext1,target word,Rcontext1,Rcontext2,Rcontext3,Rcontext4,Rcontext5,Rcontext6,Rcontext7,Rcontext8,Rcontext9,class
sgA,naxA,bamaho,ganzabA,mAsqamaT,yat,yAla,bAnk,`Ayna,Hala,HabzA,Handi,Hagar,bAnk,tabAla,TarA,baHsalaTana,`Ala,`Aynatocu,say
gudAy,polisi,HakAl,Hadrgo,mimalaka,HamErikA,mangHs,maHsaratAwi,lyuna,yAla,maglaCAwTaqlAy,ministr,malas,zEnAwi,bagudAyu,lAy,HamErikA,mangHs,batawayAyu,say
dahA,habtAmumyatAcumyalAyumtarA,sawmbAlaHslTAnu,TqmA,Tq,Hagar,misTr,yAwaTAnA,SaT,Hala,gl,Tq,Hagar,kbr,yAwArd,Hala,gl,flAgo,mArkA,live
Hagar,kbr,yAwArd,Hala,gl,flAgo,mArkA,TalA,salaf,Hala,gl,Tq,HityoPyA,godAkaHityoPyA,naTaqa,zEgA,HasAlfo,saT,Hala,live
Haq,yAsmakAl,HityoPyA,HqEdgatnA,lmA,wl,fta,habtnA,HqEwqa,Hala,snl,gnhabtunnA,HqEwqatu,Hagar,lmA,HqEndAywl,yAdargu,HqEnqfAto,mAla,say
lmA,lAy,HqEndAysAtaf,yAdarg,Hi.hHadEg,TalA,bloHityoPyA,HatAlmu,taqAwAmi,Hala,HityoPyA,TfAtnA,wdqa,mimaNu,hAylo,salaf,Hala,baqrbu,ba.hgAwi,live
gaZ,yhonAl,tamA,qaru,yATafAlHamAlEq,Hayto,ymasl,Damar,hm,Hala,HamAlEq,Ha.hzAb,HalaqA,fxAmE,TfA,ymaTAlqEnA,Hayto,ymsl,Damar,say
Ha.hzAb,HalaqA,fxAmE,TfA,ymaTAlqEnA,Hayto,ymsl,Damar,hm,Hala,mAdariyA,xanA,goDo,baHambA,lAy,taHsartoHal,HahyAnA,HayA,Dbo,say
wadamiqamaTu,SmAglE,hEdA,wArsA,baHqEsrAHEl,wandmu,sm,mAqo,HqEnbi,Hala,linor,wadada,tbalAcawyakatamA,SmAglE,Tarta,yTayqu,qomo,Haga,wadd,say
nguHs,sEwo,malHqEktaNo,lAkusEwo,HqEsrAHEl,bamdru,lAy,yAlf,HqEnbi,Hala,sEwo,.hzbu,sabasaba,HqEsrAHEl,mawgA,mdra,badA,waTA,yAhax,say
batana,HqEsrAHEl,lDo,HaTaTAwmusE,Haro,tAlAq,hATiHa,tAmaTA,.hzb,Hala,Haro,Hala,gEtA,quTA,HayqATal,.hzb,kfA,wadd,tAwqAlahHqErsu,say
SlmAto,saTA,waTurEkard,sabaruslatabAbarutArik,qayarumnu,qTukaSlmAtu,SEru,SEr,khA,Hala,zamanA,`Eli,Tncal,HayAto,tawadAdra,lAy,baHsarA,tankol,mASanaf,say
mdr,faTaramdr,bAdo,HandA,CalamA,baTlqu,lAy,HqEgziHab.hErmbrhA,yhu,Hala,brhA,honaHqEgziHab.hEr,brhAnu,malkA,Haya,HqEgziHab.hEr,brhAnnnA,CalamA,laya,say
mAtA,honaT,qanHqEgziHab.hEr,bawho,Tafar,yhu,bawhAnA,bawhA,ykfal,Hala,HqEgziHab.hEr,Tafar,Hadaraga,Tafar,batAcnA,Tafar,balAy,yAlu,who,say
HqEgziHab.hEr,sm,HawDAla,yqr,mla,yqr,HqElAla,mmra,HqEmrAla,Hala,saw,Hayto,HaydnmnA,fitE,mAya,HaycAl,Hala,HqEgziHab.hEr,Hala,live
brhAnnnA,CalamA,layu,HqEgziHab.hEr,malkA,HayamAtA,TwA,HarAta,qanHqEgziHab.hEr,Hala,whA,.hyA,nafs,yAlA,tanqasAqASo,tAsga,wafo,mdr,balAy,live
waganu,marE,tanqasAqASo,waganu,Hadaraga,HqEgziHab.hEr,malkA,Haya,HqEgziHab.hEr,Hala,saw,bamalkA,msAlEHa,HqEnfTar,bA.hr,`AHsocnnA,samAy,wafo,HqEnssAtnnA,say
bA.hr,`AHsocnA,samAy,wafo,bamdr,lAy,nqasAqasu,gzuHa,HqEgziHab.hEr,Hala,mabl,yhonA,bamdr,lAy,zaru,baHqErsu,yAla,.hamalmAl,zAf,say
malkAmnnA,miyAstAwqa,zAf,HatblA,babalA,qan,mot,tmotAlahnAHqEgziHab.hEr,HamlAk,Hala,saw,malkA,Haydala,radA,HqEnfTarlatHqEgziHab.hEr,HamlAk,mdr,HarAwitnnA,samAy,say
HadA,wasadA,HaT,sEt,Hadrgo,HsarA,HadA,HamaTA,HadA,Hala,HaT,HaTntE,HsgA,HsgA,wand,tagaNtAlacnA,sEt,tbAlslazi,saw,say
bagana,kAla,zAf,frE,bagana,kAla,zAfu,frE,HqEgziHab.hEr,Hala,HqEndAtmotu,Hatblu,HatnkutmHqEbAb,sEtitu,HalA,mot,Hatmotu,babalA,qan,say
HqEgziHab.hEr,HamlAk,bagana,zAfo,taSaSaguHqEgziHab.hEr,HamlAk,HadA,Tarto,HalawHqErsu,Hala,bagana,dmx,samA,`rAqutE,farA,taSaSaghumHqEgziHab.hEr,Hala,`rAqu,HqEndAtbalA,live
sEt,zAfu,saTacNnA,balA,HqEgziHab.hEr,HamlAk,sEtitu,yAdarag,mndr,HalA,sEtitu,Hala,HqEbAb,HasAtaNnA,balAhuHqEgziHab.hEr,HamlAk,HqEbAbu,Hala,slAdarag,live
HamlAk,HadAmnA,mistu,qur,lbs,HadaragalA,HalabasA,HqEgziHab.hEr,HamlAk,Hala,HadA,malkAmnnA,mAwaq,HqEDu,HqEndAyzaragA,.hywa,zAf,wasdo,HqEndAybalA,live
HabazAla,baCnq,twalDAla,faqAd,bAl,yhonAl,gaZ,yhonAl,HadA,Hala,st,qAl,samtahAlnA,HqEndAtbalA,kAzaz,zAf,baltahAlnA,mdr,tanaHsA,say
.hEwA,Hawaqa,xanasa,qAya,walada,wand,lD,HqEgziHab.hEr,HagaNa,Hala,wandmu,HabEl,walada,HabEl,bag,TabAqi,qAya,mdr,yArs,live
bamEdA,sAlu,qAya,bawandmu,baHabEl,lAy,tanaHsA,gadalawmHqEgziHab.hEr,qAya,Hala,wand,HabEl,Hala,HalAwq,wandmE,TabAqi,Hala,wand,damu,live
HasAdadKa,HqEsawarAla,bamdr,lAy,kuablAynA,taqbazbAZ,HqEhonAla,yAgaNa,ygadlaNAlHqEgziHab.hEr,Hala,HqEngdi,qAya,gadala,HqETf,ybaqalbatAl,HqEgziHab.hEr,qAya,yAgaNa,HqEndAygadla,say
lAy,zalAla,Haynor,HsgA,nawnA,zamanocu,mato,`Ama,yhonAlu,Hala,warA,nEfili,bamdr,lAy,HqEgziHab.hEr,lDo,saw,sEto,lDo,say
HaTafAla,saw,HqEnssA,tanqasAqA,samAy,waf,dras,faTarhuA,taxaxcEHalahunA,Hala,noh,baHqEgziHab.hEr,mogas,HagaNayanoh,twld,noh,batwldu,xAdq,fxu,say
Haya,tabalASa,HsgA,bamdr,lAy,mangadu,HabalASto,nabarnAHqEgziHab.hEr,noh,Hala,HsgA,fxAmE,bafitE,darsoHal,tanaHsA,mdr,bagf,tamoltAlacnA,mdr,live
tAlAlAqo,tarAro,taSafanuwhA,lAy,HaHsrA,Hamst,knd,kaf,kaf,Hala,tarAro,taSafanubamdr,lAy,HsgA,yAla,nqasAqasa,wafu,HqEnssA,HarAwitu,say
bamaHsawyA,lAy,maHswA`,HaqarabaHqEgziHab.hEr,malkAmu,ma`AzA,HaSatata,HqEgziHab.hEr,balbu,Hala,mdr,dAgma,saw,rag,saw,lb,HasAb,tAnASnatu,Damro,say
baTfA,whA,HayTafA,mdr,mATfA,dAgma,TfA,whA,HayhonmHqEgziHab.hEr,Hala,bAla,ba.hyA,nafs,zalAla,mAdarga,qAl,kidA,mlk,qastE,say
qAl,kidA,mAsab,HayAtAlahuHqEgziHab.hEr,noh,bamdr,lAy,baminor,HsgA,bAla,yAqo,qAl,kidA,mlk,Halawkamarkab,waTu,noh,lDo,sEm,say
HawaqaHqEndi,Hala,na`A,rgu,yhu,wandmocu,bAriyA,bAriyA,yhunHqEndi,Hala,sEm,HamlAk,HqEgziHab.hEr,ybArak,na`A,bAriyA,yhu,HqEgziHab.hEr,yAfE,say
Halafa,na`A,bamdru,nabaruHqEgziHab.hEr,HabrA,tagalaTalatnA,mdr,zar,HqEsaTAla,Hala,tagalaTala,HqEgziHab.hEr,sfrA,maHsa,HsarA,babEtEl,mHsrAq,wadAla,tarArA,say
baHsorA,far`onnnA,bEtu,sawu,batAlAq,maqHsaf,matAfar`o,HabrA,Tarto,Hala,yAdaraghb,mndr,mis,mns,HqEhtE,mis,lAdargA,wasDEHa,mis,say
bamiTabqu,Tab,zaman,na`AnAwyAnnA,fErzA,mdr,taqamTa,nabarHabrA,loT,Hala,wandmAmA,nannA,baHanta,baHqEraNocEnA,baHqEraNo,Tab,HqEndAyho,HqElamnhAla,mdr,say
dnkuAnu,HazawAwarayasado,sawu,kfuwocnA,baHqEgziHab.hEr,hATiHataNo,nabaruloT,HqEgziHab.hEr,HabrA,Hala,`Ay,HanHsAnA,kAla,sfrA,samEnnA,dabub,mHsrAqnA,m`rAb,HqEy,live
saTawyasado,nguHs,HabrA,sTa,btu,wsad,HalawHabrA,sado,nguHs,Hala,samAynnA,mdr,wadamigazA,l`ul,HqEgziHab.hEr,HqEDE,kaf,HadrgE,Hala,live
HqEgziHab.hEr,yAla,lD,HqEhEdAla,bEtE,magAbi,damAsqo,saw,HEli`Ezar,Hala,HabrA,zar,saTaKa,babEtE,tawalada,saw,ywarsaNAl,Hala,HqEgziHab.hEr,live
xdq,hono,taquaTarala,mdr,twarsA,HqEndsaT,`ur,yAwaTA,HqEgziHab.hEr,Hala,HabEtu,HqEgziHab.hEr,HqEndwarsA,Hala,Hsos,`Ama,gidar,Hsos,`Ama,live
bagabA,baHabrA,HqEnqlf,maTA,dngATEnA,tAlAq,CalamA,wadaqa,HabrA,Hala,zar,bAlhona,mdr,sdataNo,honu,baHqErgT,HqEwaq,bAriyA,Hadrga,say
ywarshAlwada,mEdA,HawaTAwnA,samAy,tamalka,wAkb,ltquaTrA,tcl,quTar,Hala,zar,yhonAl,Hala,HabrA,baHqEgziHab.hEr,Hamana,xdq,hono,taquaTaralaty,live
yAc,nafs,wagan,talaytA,tTfA,qAl,kidAnE,HafrsAlacnAHqEgziHab.hEr,HabrhA,Hala,st,HsorA,sm,HsorA,bla,HatTrA,sm,HsArA,yhonAl,live
babb,saTa,HqEndAragaza,bAya,ba`Ay,HaqAlala,HqEgziHab.hEr,baHanta,yfrad,Hala,HabrA,HsorA,bAriyA,wadad,Hadrgi,HalA,HsorA,bAHsaqayacA,HagAr,live
HabararAcawxa.hay,bagabA,baHabrA,HqEnqlf,maTA,dngATEnA,tAlAq,CalamA,wadaqabatHabrA,Hala,zar,bAlhona,mdr,sdataNo,honu,baHqErgT,HqEwaq,bAriyA,Hadrga,say
HElSAdAy,bafitE,tamalAlas,fxu,qAl,kidAnE,baHanta,HadargAla,HabazAhAla,Hala,HabrA,bagmbAru,wadaqa,HqEgziHab.hEr,tanAgara,qAl,kidAnE,Ha.hzAb,thonAla,say
sur,bamtwasda,mangad,HaTagab,nawHqErsu,HsorA,bAriyA,HagAr,wadEts,HalA,HqEmabEtE,HsorA,kobalal,Hala,HqEgziHab.hEr,malHak,HqEmabE,tamalaSi,tagaZ,live
zalAla,gzA,HantanA,zar,HqEsaTAla,HamlAk,HqEhonAcawAla,HqEgziHab.hEr,HabrhA,Hala,qAl,kidAnE,tTabqAla,zar,batwldA,baHanta,bazar,mtTabqu,qAl,live
zaTanA,`Ama,honA,HsArA,HqEgziHab.hEr,HqEsmAHEl,binor,bawadad,HalawHqEgziHab.hEr,Hala,baHqEwna,mis,HsArA,wand,lD,twaldlhAla,smu,ys.haq,bla,say
Ha.hzAb,thonAla,Ha.hzAb,nagaHstA,ywaTAluHabrhA,bagmbAru,wadaqa,sAqa,balbu,Hala,mato,`Ama,saw,bawnu,lD,zaTanA,`Ama,honA,HsArA,say
bAyA,liqabalA,dnkuAnu,daDAf,tanaHsto,roTa,mdr,sagada,hm,Hala,HabEtu,bafiths,mogas,HagNcE,bAriyA,Hatlafa,byE,HqElamnAla,whA,say
zArE,`Ama,zArE,baHqEwna,HqEmalasAla,mis,HsArA,lD,tAgaNAla,Hala,HsArA,badnkuA,daDAf,sAla,samA,HabrhAmnA,HsArA,ba`dmEHa,Samgla,say
stl,sAqa,kAraDa,bawnu,ftwa,gEtA,faxmo,SamgloHalHqEgziHab.hEr,HabrhA,Hala,kAraDa,bawnu,stl,HsArA,HqEgziHab.hEr,sAna,nagar,zArE,`Ama,live
HalA,tanaHsta,sado,Haqanu,HabrhA,liSa,HabroHa,hEda,HqEgziHab.hEr,Hala,mAdarga,HabrhA,baHqEwna,tAlAqnA,brtu,.hzb,yhonAlnA,mdr,Ha.hzAb,say
yAzz,HawqAlahunA,HqEgziHab.hEr,baHabrhA,lAy,tanAgara,nagar,yAmaTA,nawHqEgziHab.hEr,Hala,sadomnA,gamorA,CuKa,baztoHalnA,hATiHatA,bdAlacnA,HqEngdihs,maTA,CuKa,live
frd,HqEgziHab.hEr,basado,bakatamAytu,HamsA,xAdqA,bAga,sfrA,HqEmrAla,Hala,HabrhA,malasa,Halam,HafarnA,Hamad,sho,gEtA,HqEnAgar,Damar,say
tamAytu,baHamstu,HarbA,Hamst,bAga,HalATafA,Haladagmo,tanAgara,hm,Hala,mnAl,HarbA,HarbA,sl,HalAdarga,HalaHqErsu,gEtA,HayqoTA,HqEnAgarAla,say
Hala,bigaNu,HalAdarga,HalaHqErsu,bnAgar,gEtA,HayqoTA,mnAl,HaHsr,Hala,HaHsru,HalATafA,HalaHqEgziHab.hEr,HabrhA,nggru,baCarasa,hEda,HabrhA,sfrA,say
bEt,gabu,sawu,HqEnAwqA,HawTAcawloT,daD,waTA,mazgiyA,zagAwHqEndi,Hala,wandmocE,nagar,HatAdrgu,wand,yAlAwaqu,sEto,lDo,Halu,lAwTAlA,say
loT,Halu,HamA,wand,lD,sEt,lD,btho,bakatamAytu,yAla,sfrA,HaswaTAcawHqE,sfrA,HqEnATafAlannA,CuKatA,baHqEgziHab.hEr,honoHalnA,HqEnATafA,HqEgziHab.hEr,say
sawu,stu,sEto,lDocu,HawaTutnA,bakatamAytu,HasqamaTu,mEdA,kAwaTuHa,Hala,Had,Haty,zuriyA,Hatqu,HqEndAtTafA,tarArA,SaSta,HamlT,loT,say
katamA,SaSto,mAmlaT,qrb,nafsE,mAdA,SaScE,lAmlT,katamA,Hala,tanAgarhA,katamA,HqEndAlATafA,nagar,manKa,taqabyEhAla,batolo,SaS,HamlT,say
bawASA,sEto,lDocu,taqamaTatAlAqitu,tAnASitu,HalacA,HabAtA,Samagala,bamdr,HqEndAla,lmAd,liganANa,cl,saw,mdr,lAy,mnayi,HabAtAcA,TaD,say
baqAdEsnA,basur,taqamaTa,bagErArA,baHqEngdna,taqamaTaHabrhA,mistu,HsArA,HqEhtE,Hala,gErArA,nguHs,HabimElEk,lAkanA,HsArA,wasadA,HqEgziHab.hEr,lEli,ba.hl,say
lEli,ba.hl,HabimElEk,maTA,hm,Hala,wasadhA,sEt,mw,bAla,bAl,nAtnAHabimElEk,qara,hm,Hala,HabEtu,xAdqu,.hzb,HqEhtE,say
qara,hm,Hala,HabEtu,xAdqu,.hzb,HqEhtE,yAla,wandmE,Hala,balbE,qnnatnA,baHqEDE,nxu.hna,HadaraghuHqEgziHab.hEr,ba.hl,Hala,balb,qnna,say
mAlada,bAriyA,TarA,nagar,baDoroHa,tanAgara,faruHabimElEk,HabrhA,Tarto,Hala,yAdaraghb,mndr,mns,bamangHstE,lAy,hATiHa,HawrdahAlnA,mAygabA,HsrA,say
HamaTA,HabrhA,saTa,mistu,HsArA,malasalatHabimElEk,mdrE,bawadadKa,taqamaT,Hala,HsArA,HalA,wand,mizA,br,saTa,bAlu,`Ayno,maSafa,say
mato,`Ama,`dmE,nabaraHsArA,HqEgziHab.hEr,sAq,HadrgolNAl,samA,ysqAl,Hala,HsArA,lDo,HqEndtATabA,HabrhA,baHqErDnA,lD,walDElatAlahunA,Halac.hxAnu,Hadaga,say
ys.haq,HaywarsmnA,Halacwy,nagar,baHabrhA,lDu,cgr,HqEgziHab.hEr,HabrhA,Hala,bAriyAhnA,blAtEnA,Hatza,HsArA,mtnagr,qAl,smA,bays.haq,zar,live
zaman,HabimElEk,muSrA,wadAD,HakozatnA,HsarAwitu,HalaqA,fikol,HabrhA,Hala,bamtAdarga,HqEgziHab.hEr,balDE,balD,lDE,HqEndAtAdargb,baHqEgziHab.hEr,mAll,nagar,live
nagar,carna,HqEndAdarag,taqamaT,mdr,carna,tAdargAla,HabrhA,HqEmlAla,Hala,HabimElEk,bAriyA,banaTaqu,bawhA,gudguAd,HabrhA,waqasawHabimElEk,Hala,nagar,live
HabrhA,qEbo,bago,HaqomaHabimElEk,HabrhA,yAqomhA,qEbo,bago,mndr,Hala,whA,gudguAd,qofar,mskr,yhonl,qEbo,bago,HqEDE,twasdAla,say
Hadrga,nagaro,HqEgziHab.hEr,HabrhA,fatana,hm,Hala,HabrhA,HabrhA,Hala,Halayamtwada,lD,ys.haq,moriyA,mdr,hid,bamnagr,tarArA,lAy,live
bilA,baHqEDu,yAza,Habra,hEduys.haq,HabAtu,HabrhA,tanAgara,HabAtE,Hala,lDE,Hala,HqEsAtunA,HqEnCatu,yKa,Hala,maHswA`tu,bag,HalaHabrhA,live
yArd,bilA,HanaHsA,HqEgziHab.hEr,malHak,samAy,TarAnA,HabrhA,HabrhA,Hala,Hala,bablAtEnA,lAy,HatzargA,HandA,HatAdrg,lD,lhmnA,HqEgziHab.hEr,live
baHqEgziHab.hEr,tarArA,ytAyAl,ybAlAlyaHqEgziHab.hEr,malHak,HabrhA,samAy,TarA,hm,Hala,HqEgziHab.hEr,barAsE,mAl,ylAl,nagar,HadrgahAlnA,lD,lhmnAbaHqEwna,baraka,say
HabrhA,baHsrA,bAraka,HabrhA,lolE,bEtu,SmAglE,btu,HazAZ,Hala,CnE,Hadrg,HabrE,mnorA,na`A,sEto,lDo,lDE,mis,live
sEtitu,mnAl,Hagar,mamTA,HqEnbi,yAla,lD,waTA,Hagar,Hala,HabrhA,Hala,lDE,HqEndAtmals,taTanqaq,HabAtE,bEt,tawalad,mdr,live
HqEDo,HaHsr,saql,maza,Tnd,warq,HambAr,HawaTA,hm,HalA,lD,ngari,bEt,mnAdr,sfrA,sawyo,gmA,saql,maza,say
yAhl,Hala,mAdariyA,sfrA,Hala,sawyo,Hagonabasa,HqEgziHab.hEr,sagadaHqEndi,Hala,carnatunnA,HqEwnatu,gEtA,yAlArAqa,gEtA,HabrhA,HamlAk,HqEgziHab.hEr,ymasga,live
yAla,basamA,saw,maTA,bawhA,mnC,HaTagab,gmalocu,qomo,Hala,HqEgziHab.hEr,buruk,gbA,bawCi,bEtu,gmalo,sfrA,HazagADcEHalahusawyo,bEt,say
mabl,Haqarabala,nagarE,nAgar,dras,balA,Hala,tanAgar,HalawHqErsu,Hala,HabrhA,lolE,naNHqEgziHab.hEr,gEtA,bAraka,Haganana,bagocnnA,lAmo,br,say
HaTaTAcHqEnE,lD,byE,TayaqhuA,milkA,nAkor,waladacla,bAtuHEl,lD,Hala,qala,HadaraghulA,HqEDo,HambAro,HadaraghulAtnagar,HabAtE,bEt,waganE,hid,say
qadA,HaTaCi,huAtfaTnA,HqEnsrA,CAnqA,HawaradacnA,TaTA,gmalo,HaTaTAla,Hala,TaTA,gmalocE,HaTaTAcHqEnE,lD,byE,TayaqhuA,milkA,nAkor,waladacla,say
wandmu,lD,byE,TayaqhuA,milkA,nAkor,waladacla,bAtuHEl,lD,Hala,qala,HadaraghulA,HqEDo,HambAro,HadaraghulA,bagmbArE,Hagonabas,HqEgziHab.hEr,sagad,say
HqEnTrAnA,Haf,HqEnTayq,Halu,rbqA,Tarta,saw,HaluHa,HqEhEdAla,Hala,HqEhtA,rbqA,mogzi,HabrhA,lolEnA,HasanAbatuHacawrbqA,maraquHatnA,HqEhtA,HqElf,say
HqEnTrAnA,Haf,HqEnTayq,Halu,rbqA,Tarta,saw,HaluHa,HqEhEdAla,Hala,HqEhtA,rbqA,mogzi,HabrhA,lolEnA,HasanAbatuHacawrbqA,maraquHatnA,HqEhtA,HqElf,say
ys.haq,Haya,gmal,warada,lolE,liganANa,bamEdA,maTA,saw,Hala,lolE,gEtA,HalA,maSafa,wasdA,takanAnabaclolE,yAdaraga,nagar,ys.haq,say
mistu,xanasaclDo,bahod,ygafAfu,mnE,Hala,HqEgziHab.hEr,tTayq,hEdacHqEgziHab.hEr,HalA,wagano,bamAhxa,.hzb,hod,ykafalAlu,.hzb,.hzb,ybaratAl,tAlAqu,live
dakmo,barahA,gabA,`EsA,yA`qob,qayu,waT,HablA,dakmEHalahunA,Hala,smu,HEdo,tabAlayA`qob,bamaDamariyA,bkurnA,STl,Halaw`EsA,lmo,bkurnA,say
rAb,ys.haq,flsTHE,nguHs,HabimElEk,gErArA,hEdaHqEgziHab.hEr,tagalaTala,hm,Hala,gbx,Hatwrad,baml,mdr,taqamaT,HqEnDibazi,mdr,taqamaT,HqEhonAla,say
TabqoHalnA,ys.haq,bagErArA,taqamaTayaziyA,sfrA,sawu,mistu,Tayaqu,HqEhtE,Hala,sfrA,rbqA,silu,HqEndAygadlu,mistE,mAla,fartoHalnA,wb,nabaracnAbaziyA,say
hm,Hala,mis,HqEndEts,HqEhtE,ys.haq,HqEndAlmo,byE,HalawHabimElEk,Hala,yAdaraghb,mndr,.hzb,mis,lita,baqara,hATiHa,ltAmaTAb,nabarHabimElEk,say
flsTHE,sawu,dafanuHa,Hafar,molubAcawHabimElEk,ys.haq,talayta,hid,barttahAlnA,Hala,ys.haq,hEda,bagErArA,Salaqo,safro,taqamaTays.haq,baHabAtu,baHabrhA,zaman,say
HasafAl,bamdr,HqEnbazAlankaziyA,bErsAbE,waTA,lEli,HqEgziHab.hEr,tagalaTala,hm,Hala,HabrhA,HamlAk,HatfrA,naNnA,HqEbArkhAla,bAriyA,HabrhA,zar,HabazAlahubaziyA,say
Samglo,`Aynocu,mAya,bafazazu,tAlAqu,lDu,`EsA,Tarto,lDE,Hala,Hala,HalawHqErsu,Hala,HaraDa,mmo,qan,HalAwqmHa,mAda,flAxA,live
`EsA,Hada,Hadno,liyAmaTA,mdra,badA,hEdarbqA,lD,yA`qob,Hala,wand,`EsAwHada,Hadna,HamTAl,sAlmo,balcE,baHqEgziHab.hEr,HqEndbArk,TAfaTa,say
HabAtE,bidAssa,mizab,HqEhonAla,marga,balA,HamaTAla,baraka,HaydalamHqEnAtu,Hala,lDE,marga,lAy,yhu,qAlE,smA,hidnA,HamTAl,hEdo,say
mablnA,HqEnDarA,lD,yA`qob,baHqEDu,saTa,HabAtu,gabto,HabAtE,Hala,lDE,Hala,yA`qob,HabAtu,Hala,bakur,lD,`EsA,HqEndAzazK,live
tbArka,qanA,balnA,taqamaT,kAda,blAys.haq,lDu,lDE,faTna,Hala,HqEgziHab.hEr,HamlAk,Haqaraba,Hala,ys.haq,yA`qob,lDE,lDE,`EsA,say
lDE,`EsA,HalaHqErsu,lDE,Hada,HqEndbalAnA,nafsE,HqEndtbArk,Haqrbl,Hala,Haqarabala,balA,TaD,HamaTAla,TaTAHabAtu,ys.haq,lDE,qrab,sAma,say
sAma,Halawwada,qaraba,sAma,lbsu,StA,HaSatata,bAraka,hm,Hala,lDE,StA,HqEgziHab.hEr,bAraka,HqErSA,StA,HqEgziHab.hEr,samAy,Tal,say
HabAtu,ys.haq,Hala,bakur,lD,`EsA,Hala,ys.haq,danagaTaHqEndi,Hala,yAdana,Hada,yAmaTA,sAtmaTA,balA,bArak,tabAraka,hono,ynorAl`EsA,live
milkA,nAkor,walada,bAtuHEl,lD,galabAnA,gafarA,baqA,yAhl,Hala,mAdariyA,sfrA,Hala,sawyo,Hagonabasa,HqEgziHab.hEr,sagada,hm,carnatunnA,live
Samglo,`Aynocu,mAya,bafazazu,tAlAqu,lDu,`EsA,lDE,Hala,Hala,Hala,HaraDa,mmo,qan,HalAwq,mAda,flAxA,HafotnA,qas,live
stl,kAraDa,bawnu,ftwa,gEtA,faxmo,SamgloHal,HqEgziHab.hEr,HabrhA,Hala,kAraDa,bawnu,stl,HsArA,HqEgziHab.hEr,sAna,nagar,zArE,`Ama,live
Haska,HawrAris,manoryA,dars,bawddru,mangad,lAy,mEdACAkA,wanz,Hala,mAquAraT,yTabaqbAcawAlbamAgHstu,wddru,taDamara,CAkA,nguHs,bopu,fiSkA,nafA,say
bamawAl,HaHsra,yAla,daraDAyayAzu,sEto,smo,HakAhEd,yAsAya,nagar,Hala,HityoPayA,walADo,batalay,tamco,walADo,sm,HawaTATA,maqayaru,bagAzETo,say
tamalkA,makarA,gafayaqamasuHqEnarsu,bayawA.hnatA,baqnnatAcawnagaro,batankol,`Ay,bAlamAyatAcawyatagodu,.hzbo,Halu,tAdyA,tArik,managaruyadarasabA,gaf,matarakumagalaTu,twld,tmhrt,saT,madaragu,say
tgrE,yhu,HamArAyaHoromo,yhu,Haga,Haydala,HityoPyAwi,yAlnoranA,yAltaqabara,Hala,Hakus,hulA,Hakus,bamawalad,Haydala,bamaho,garmo,mAdAmTAcawbatalay,bamawalad,say
lDo,Hsaru,tamAnA,gnb,mAya,warada,HqEgziHab.hEr,wagan,quAnquA,HalA,mAdrag,Damaru,yAsabu,maHsrA,Haykalakalu,HqEnwrad,nagar,HqEndAysamA,quAnquA,live
bAtsadda,HanhEd,saw,wandmA,kAlhona,fitE,HatAyu,blonAlnA,HqEsrAHEl,HalA,ziyAws,wand,Hala,blA,saw,HqENAnA,waganA,faxmo,Tayaqa,say
sagadula,dahnnatA,TayaqA,hm,nagarA,SmAglE,HabAtA,dahnA,ba.hywa,Halu,bAriyA,HabAtA,dahnA,ba.hywa,Hala,Haguanbsa,sagadula,`Aynu,HanHsto,live
Handi,qAl,HqEndnAgar,HqElamnAla,bAriyA,HatqoTA,far`o,nahnA,gEtA,HalA,ways,Tayaqa,gEtA,SamAglE,Hala,baSmglnA,walada,blAtEnA,Hala,live
nagar,baHqErsu,HqEwnata,CalamA,yAlfAlnA,HqEwnata,brhA,ybarAl,babrhA,Hala,wandmu,TalA,baCalamA,Hala,wandmu,wad,babrhA,ynorAl,mAsanAkayA,live
milkA,nAkor,walada,bAtuHEl,lD,galabAnA,gafarA,baqA,yAhl,Hala,mAdariyA,sfrA,Hala,sawyo,Hagonabasa,HqEgziHab.hEr,sagada,hm,carnatunnA,live
Hala,bagEtA,mogas,Haga,Hala,`EsA,Hala,wandmE,yhu,Hala,yA`qob,Hala,Haydala,nagar,mogas,HagNcE,manSA,taqabala,HqEgziHab.hEr,live
HaHsrA,wandmAmA,nan,TaftoHal,tAnASu,bakana`A,mdr,zArE,HabAtA,Hala,Hagaru,gEtA,saw,tAmanA,sawu,honA,HawqAla,wandmA,tawu,say
sagadula,dahnnatA,TayaqA,hm,nagarA,SmAglE,HabAtA,dahnA,ba.hywa,Halu,bAriyA,HabAtA,dahnA,ba.hywa,Hala,Haguanbsa,sagadula,dahnnatA,TayaqA,live
Hayto,HaydnmnA,fitE,mAya,HaycAl,Hala,HqEgziHab.hEr,sfrA,Hala,ba`Alatu,lAy,tqomAla,kbrE,bAlafa,basanTAqA,`Ala,HanorhAla,HqEskAlf,dras,live
SmAglE,barE,malama,HsAr,miCars,CfrA,bazuriyA,yAla,yCarsAl,HalA,sEfor,lD,bAlAq,mo`Ab,nguHs,bawanzu,HaTagab,bAla,ba.hzbu,say
kfA,tamalakata,baHqEsrAHEl,TamAmna,HamlAku,HqEgziHab.hEr,nguHs,HqElltA,bamakAkalA,Hala,HqEgziHab.hEr,gbx,HawTtoHacawAl,gulbatu,qand,HqEndAla,bayA`qob,lAy,HasmA,say
kAlATafA,tanaHsAnA,.hzbu,qads,hm,balA,HqEsrAHEl,nagar,bamakAkal,Hala,nagar,makAkalA,tATafu,dras,baTalAtocA,maqo,Hatclu,HqEsrAHEl,HamlAk,say
dngAyo,nguHs,mHsTir,nagar,Hala,Hala,nguHsu,zm,bal,Hala,bazuriyA,qomu,waTu,nA`od,qaraba,basagana,bEt,taqamTo,nA`od,live
HawTtonAl,bla,ynagru,taHamrAtu,HqEgziHab.hEr,ttonAl,bamdyAmA,HasAlfo,saTtonAl,Hala,HqEgziHab.hEr,zawar,bagul,hid,HqEsrAHEl,mdyA,Had,lkEhAla,Hala,say
smu,HqEgziHab.hEr,salAm,TarA,zArE,dras,Habi`EzrA,bamthona,ba`ofrA,Hala,HqEgziHab.hEr,lEli,barE,`Ama,barE,wsad,baHAl,maHsawiyA,Hafrs,say
HqEngazAla,HabEmElEk,yAl,Haf,yat,nAqKa,.hzb,waTta,tawAgA,Hala,ga`Al,basEkE,sawu,waTA,HabEmElEk,tawAgA,?,?,?,live
mato,br,Hala,wasDEwAla,HalA,HqEnAtu,lDE,HqEgziHab.hEr,ybArk,Hala,mato,br,malasalA,HqEnAtu,br,taqaraxa,?,?,?,live
mtCoKa,Halu,HsarAhuA,HamAlktE,kAhnu,yzA,hEdAchuAl,HqEnAntas,honahAl,Hala,lDo,taquaTu,sawu,HqEndAywadqub,nafs,bEta,sabo,nafs,HqEndAyTafAb,say
mangad,bamHsrAq,balabonA,badabub,bAla,basElo,HqEgziHab.hEr,ba`Al,baya`Amatu,Hala,Halu,bnyA,lDo,bla,HazazuHa,hidu,bawaynu,sfrA,tadabaqu,live
HqEgziHab.hEr,tAbo,HasqamaTu,dngAyu,zArE,dras,babEtsAmisA,baHiyAsu,HqErSA,Hala,HqEgziHab.hEr,tAbo,tamalktawAlnA,bEtsAmis,sawu,matA,ba.hzbu,Hamst,saw,say
saw,HqEnDarA,raTitA,qoHalnA,manSA,nmnA,HqEgziHab.hEr,saw,mnAmaTAla,Hala,Hala,blAtEnA,sAHol,baHqEDE,saql,br,rubu,Hala,mangadA,live
saql,br,rubu,Hala,mangadA,nagra,HqEgziHab.hEr,saw,HqEsaTAla,Hala,zArE,nabiy,bAla,qadmo,bAla,rAHqEy,ybAl,Hasqadmo,baHqEsrAHEl,live
bAla,sfrA,tawhuA,Hahuns,Hamst,HqEnDarA,tagaNa,baHqEDE,sTa,Hala,kAhnu,balA,HqEnDarA,Nm,nagar,taqadas,HqEnDarA,Hala,blAtEnocu,live
taqadas,HqEnDarA,Hala,blAtEnocu,sEtocu,nxu.ha,honu,mablA,ycAlAl,Hala,kAhnu,baHqEwna,waTA,Damra,sawnatA,sEto,Hsos,qan,TabqanAl,live
nguHs,gudAy,slAscakuala,sayfEnnA,maHsAriyA,HalAmaTAhumnA,baHanta,Tor,sayf,Hala,Hala,kAhnu,baHElA,Salaqo,gadalKa,flsTHEmA,golyAd,sayf,bamagonAxafiyA,live
yAdarg,HqEgziHab.hEr,hEdala,.hzb,HqEsrAHEl,yAla,bamdr,lAy,.hzb,Hala,.hzb,HqEsrAHEl,zalAla,.hzb,Hadrga,HaxntaKawAl,HabEtu,HamlAk,honahAcawAl,say
bAriyA,Hala,nguHsu,HqEgziHab.hEr,carna,Hadargla,sAHol,bEt,saw,Hala,HqEgru,SbA,yonAtA,lD,Hala,Hala,nguHsu,Hala,balodobAr,live
bAriyA,Hala,nguHsu,HqEgziHab.hEr,carna,Hadargla,sAHol,bEt,saw,Hala,HqEgru,SbA,yonAtA,lD,Hala,Hala,nguHsu,Hala,balodobAr,live
lD,yonAtA,lD,mEmfibostE,maTA,bagmbAru,wadqo,naHsA,mEmfibostE,Hala,bAriyA,Hala,yonAtA,carna,faxmE,HadarglhAlahunA,HatfrA,sAHol,mdr,live
sAmi,HqEgziHab.hEr,qabA,sadboHalnA,mot,tagabA,Hala,xruyA,lDo,Hala,zArE,TalAto,zArEs,baHqEsrAHEl,saw,limo,zArEs,baHqEsrAHEl,lAy,say
miqATal,maHswA`,barE,miqATal,HqEnCa,HawdmA,`qAnA,barE,qanbar,Hala,nguHs,HornA,nguHsu,ysaTAl,Hala,HornA,HamlAk,HqEgziHab.hEr,yqabal,live
HadonyAs,salomo,bErsAbE,maTA,mamTA,basalA,basalA,Hala,gudAy,Hala,Hala,tanAgar,Hala,mangHstu,HqEsrAHEl,nguHs,HqEho,Hadrga,tAwqiyAla,live
wCinA,sElo,hiDi,.hzb,lAy,HqEndnagHs,nagara,nabiyu,HakiyA,Hala,HaHsr,HqEnDarAnA,HqEngocA,mnca,mAr,hiDi,balDu,ynagrSAl,HalA,live
baHAl,nabiyA,mato,mAmlakiyA,`axad,nabiyA,qarmElos,tarArA,sabsb,Hala,Hak`Ab,HqEsrAHEl,lDo,lko,nabiyAtu,qarmElos,tarArA,sabasaba,HElyAs,say
HiyAsu,HqEll,silu,.hzbu,dmx,samto,salf,dmx,basafaru,Hala,Hala,dl,naSi,dl,tanaSi,dmx,Haydala,nagar,zafan,live
mdr,bafAturA,taqamaTa,bi`or,lD,bala`A,gbx,waTA,.hzb,Hala,mdru,Safana,baHaqrAbiyA,taqamToHal,.hzb,ybalTAlnA,lwagAcawnA,mdritu,lAsAddA,say
kfA,tamalakata,baHqEsrAHEl,TamAmna,HamlAku,HqEgziHab.hEr,nguHs,HqElltA,bamakAkalA,Hala,HqEgziHab.hEr,gbx,HawTtoHacawAl,gulbatu,qand,HqEndAla,bayA`qob,lAy,HasmA,say
kAlATafA,tanaHsAnA,.hzbu,qads,hm,balA,HqEsrAHEl,nagar,bamakAkal,Hala,nagar,makAkalA,tATafu,dras,baTalAtocA,maqo,Hatclu,HqEsrAHEl,HamlAk,say
minoru,babEtsAnnA,bamandaro,baHiyzrAHEl,Salaqo,minoru,na`AnA,bra,saragalo,HalA,Halu,HiyAsu,yosEf,wagan,mihonu,HEfrEmnA,mnAsE,.hzb,xnu,say
dras,HasAwaruHa,daDAfu,mAgNa,falgu,dakamu,sawu,loT,Halu,Hala,HamA,wand,lD,sEt,lD,btho,bakatamAytu,yAla,sfrA,say
lEwA,gulmAsA,dmx,Hawaqu,qarba,bazihs,mtAdarga,mndr,bazihs,Hala,Halu,mikA,Hadaragal,qaTara,kAh,honhula,HalA,?,?,live
basAmuHEl,HasAlafA,sAmuHEl,HqEgziHab.hEr,maraTa,Hala,sAmuHEl,qara,lD,Hala,tAnASu,qartoHal,bago,yTabqAl,Hala,sAmuHEl,maTA,dras,HanrafqmnA,live
mndr,Hala,HElsA`,basoryA,lAy,nguHs,HqEndtho,HqEgziHab.hEr,HasAytoNAl,Hala,HElsA`,rqo,gEtA,maTA,HElsA`,Hala,HqEndtfawas,nagara,Hala,live
lAy,qoma,salAy,Hiyu,CfrA,matA,Hayto,CfrA,HayAla,Hala,HiyorA,ganANa,farasa,lAk,salAm,ybala,Hala,farasa,liganANa,live
nagara,farasa,sadada,darso,nguHsu,ylAl,salAm,Hiyu,salAm,Hala,fah,takatala,Hala,salAyu,darasabA,nagar,tamalasa,backualA,yhEdAlnA,live
baHiyzrAHElA,banAbutE,HqErSA,HagaNu,HiyorA,Hiyu,bAya,Hiyu,salAm,Hala,HElzAbEl,glmutnAwAnA,mata,bazA,salAm,Hala,malasa,HiyorA,malso,live
HsrA,ltnq,hATHanns,mkr,ltAbarA,baHanta,malkA,HsgA,`Ay,Hala,ways,saw,miyAy,ways,kfAtE,tfalAlag,hATiHatE,tmaramr,zaman,say
?,HEli,malasa,hm,xdq,ways,baHqEgziHab.hEr,xAdq,Tq,Hala,hATiHa,HsarcE,mAgaNa,hATiHa,bAlHsarA,noro,bla,TayqahAlnA,HantanA,live
bawnu,frdE,Hantas,xAdq,tho,HqEgziHab.hEr,knd,yAla,knd,Hala,ways,bAla,dmx,batAlAqnatnA,bal`lnA,talAbas,bakbrnA,bagrmA,taguanAxaf,say
madras,cl,manfas,fiths,samAy,bwaTA,Hala,Hol,bward,Hala,nsr,ngA,knf,bwasd,bA.hr,maCaraSA,bbarr,tmarANAla,qaN,say
bakabartE,lAy,ykuarAl,saw,baHabAtu,bEt,wandmu,yzo,lbs,Hala,HalaqA,hunl,bAdmA,thu,law,qan,dmxu,kaf,Hadrgo,say
HsarA,gEtA,HqEgziHab.hEr,babEtu,taSoma,HazAZ,sAmnAs,hid,hm,bala,maqAbr,yAswaqar,kaf,bAla,sfrA,maqAbr,yAsarA,badngAy,manoryA,say
kAlbata,mtsabasb,CakA,saw,maho,hEDE,makli,bamdr,makli,Hala,Hala,gEtA,malso,kfunA,hAkEta,bAriyA,kAlzarA,HqEndACd,kAlbata,live
Hiyasus,HaHsrA,lthEdu,Hala,sm`o,gEtA,zalAla,.hywa,qAl,Hala,HqENAs,krstos,.hyA,HqEgziHab.hEr,lD,HamnanAl,HawqanAl,malasala,HaHsrA,say
m.hra,lEla,frd,m.hra,bafrd,lAy,ymakAl,wandmocE,HqEmna,Hala,HsrA,lEla,saw,binor,HqEmnatus,liyAdna,wand,HqEh,rAqutA,say
manAfstnA,wAkb,yAlu,ylAl,HsrA,HawqAla,.hyA,maho,sm,Hala,motahmAl,HsrA,baHamlAkE,fxu,hono,HalAgaNahutmnA,naqA,limotu,yAlA,live
HsrA,lEla,HqEmna,binor,barAsu,mota,nagar,saw,HqEmna,Hala,HsrA,Hala,HqEmna,HsrA,yta,HasAya,HqEmnatE,baHsrA,HasAyhAla,live
yosEfnA,rA.hEl,qarba,yAgaNa,HsarA,Hala,bagEtA,mogas,Haga,Hala,`EsA,Hala,wandmE,yhu,Hala,yA`qob,Hala,Haydala,nagar,live
bacarna,saTtoNAlnA,HalaNnA,qabala,dras,zabazaba,tanaHsAnA,HqEnhid,HqEhEdAla,Hala,gEtA,lDocu,dakAmo,honu,tAwqAla,bagocnA,lAmo,glgalocA,yATabAlu,live
sawu,sadada,nA`od,bagElgalA,tkl,dngAyo,nguHs,mHsTir,nagar,Hala,Hala,nguHsu,zm,bal,Hala,bazuriyA,qomu,waTu,nA`od,live
waTu,nA`od,qaraba,basagana,bEt,taqamTo,nA`od,HqEgziHab.hEr,malHqEk,Hala,Hala,zufAnu,tanaHsA,nA`od,grA,HqEDu,zargto,qaN,Cnu,live
lDo,malsa,mtCoKa,Halu,HsarAhuA,HamAlktE,kAhnu,yzA,hEdAchuAl,Hala,HqEnAntas,honahAl,Hala,lDo,taquaTu,sawu,HqEndAywadqub,nafs,bEta,say
sAmacA,dmxA,kaf,Hadrga,Halaqasu,.hzb,HqEnmalasAla,HaluHa,nuhAmi,Hala,lDocE,tamalasu,bAlocA,honu,lDo,bahodE,Halu,lDocE,tamalasu,say
bahodE,Halu,lDocE,tamalasu,bAl,mAg,HarDcAlahunA,hidu,tasfA,Hala,bl,zArE,lElits,bAl,bAgabA,wando,lDo,bwald,yAdgu,say
saw,HqEnDarA,raTitA,qoHalnA,manSA,nmnA,HqEgziHab.hEr,saw,mnAmaTAla,Hala,blAtEnA,sAHol,baHqEDE,saql,br,rubu,Hala,mangadA,nagra,live
saw,mnAmaTAla,Hala,blAtEnA,sAHol,baHqEDE,saql,br,rubu,Hala,mangadA,nagra,HqEgziHab.hEr,saw,HqEsaTAla,Hala,zArE,nabiy,bAla,live
wSA,gEtA,nguHsu,lhidnA,lquraTa,Hala,nguHsu,xru,lDo,Hala,sdaba,HazzotAlnA,yrgama,mns,law,Hala,HabisAnnA,bAriyA,wagabE,live
sAmi,HqEgziHab.hEr,qabA,sadboHalnA,mot,tagabA,Hala,xruyA,lDo,Hala,zArE,TalAto,zArEs,baHqEsrAHEl,saw,limo,zArEs,baHqEsrAHEl,lAy,say
mot,gabA,bAriyA,bagabatA,bamibalu,HasqamaTKa,nguHs,manAgar,mabt,Hala,nguHsu,nagar,HantanA,sibA,HqErSA,tkAfalu,byAla,Hala,mEmfibostE,live
lD,HadonyAs,salomo,bErsAbE,maTA,mamTA,basalA,Hala,basalA,Hala,gudAy,Hala,Hala,tanAgar,Hala,mangHstu,HqEsrAHEl,nguHs,HqEho,live
tATA,dras,dawE,HqEgziHab.hEr,saw,hATiHatEns,tAsAsb,lDEns,tgadl,Hala,HElyAs,lD,sCi,HalA,bb,wasdo,taqamTo,sagana,HawaTA,live
HqEsrAHEl,nguHsnA,HiyoHsAfT,HEdomyAs,nguHs,waradu,HElsA`,HqEsrAHEl,nguHs,Hala,HabAthnA,nabiyA,hid,Hala,HqEsrAHEl,nguHs,Haydala,bamo`Ab,yTlA,live
rEmA,zagala`Ad,hEda,bagabA,HsarA,Halaqo,taqamTa,HalaqA,nagar,Hala,Hala,Hiyu,Hala,HalaqA,Hala,tanaHsto,bEtu,gabA,zaytu,live
tATrAla,xAdqA,HalaNtA,dastA,haTHA,tasfA,yTafAl,HqEgziHab.hEr,mangad,yAla,nawr,mihEd,HambA,TfA,kfA,miyAdargu,xAdqA,zalAla,HaynAwaTu,live
ytAdagAcawAl,waslAto,bamNotA,yTamadAlu,haTHqE,bamota,tasfA,yquaraTAl,hAyAl,Hala,yTafAl,xAdq,Cnqa,ydnAl,haTHqE,baHqErsu,fAntA,ymaTAl,zngu,say
Hasqadmo,gbx,warada,HaHsor,yAla,badala,waganE,bakantu,tawasdoHalnA,Hala,ylAl,HqEgziHab.hEr,gazuHa,yCoKAlu,ylAl,HqEgziHab.hEr,smE,qanu,ysadabAl,say
ltgabA,nagar,qAl,tanAgar,blAtEnA,yfawasAl,tagaZ,naNnA,CfrA,Hala,hid,bla,yhEdAl,bla,ymaTAl,bAriyA,Hadrg,bla,yAdargAl,say
HqEndEts,bAwaqa,hATiHata,balbu,Hasaba,Hiyasus,sm`o,mnagr,nagar,Hala,Hala,mamhr,tanAgar,Hala,HabadAri,tabadAri,baHandu,Hamst,mato,live
roTo,sagadala,batAlAq,dmx,CoKa,l`ul,HqEgziHab.hEr,lD,Hiyasus,Hala,HqEndAtAHsaqAya,baHqEgziHab.hEr,HamlhAla,rkus,manfas,saw,wTA,sm,Tayaqa,live
bAya,CoKo,tadafA,batAlAq,dmx,l`ul,HqEgziHab.hEr,lD,Hiyasus,Hala,HqEndAtHsAqaya,HqElamnhAla,Hala,rkusu,manfas,saw,waTA,yAza,zaman,live
daqa,mazAmurtu,sargu,tAdamu,TaD,bAlaqa,Hiyasus,TaD,HqEko,Hala,sEt,Hala,darasa,HalA,HqEnAtu,HagalgAyocu,lAc,Hadrgu,HalacA,live
daqa,mazAmurtu,mamhr,blA,bla,manu,mAtAwqu,mbalA,mabl,Hala,HalA,daqa,mazAmurtu,balA,HandA,saw,HamTtola,tabAbAlu,Hiyasus,say
zaman,babrhAnu,das,lilA,wadadA,yo.hans,mskr,balT,mskr,Hala,Hab,lfaxma,saTa,HsrA,mAdarga,HsrA,Hab,lAka,ymasakrAlnA,say
tmotAlAchunA,HalA,HqEngdi,Halu,maDamariyA,tanAgar,mnAgara,mfarda,nagar,Hala,dAru,lAka,HqEwnata,samA,`Ala,HqEnAgarAla,HalA,Hab,nagarA,say
HanaHsA,HanorAlahunA,Hab,ywadaNAl,bafaqAdE,HanorAtAla,HaywasdA,lAnorA,HslTA,Hala,lAnaHsA,HslTA,Hala,tHqEzAz,HabAtE,taqabal,HqEngdi,qAl,tanaHsA,live
xdq,Hab,mhEd,mAtAyu,frd,`Ala,gaZ,tafarada,mnagrA,Hala,nagar,ltSakamu,Hatclu,HqEwna,manfas,bamaTA,HqEwna,samA,ynAgarAl,say
nor,Tn,Damra,HawqawNAlnA,HqEgziHab.hEr,HabAtocA,tasaTa,tasfA,qAl,HalaNtA,lfArad,qomEHala,tasfA,qAl,HaHsrA,waganocA,lElitnA,qan,batgA,say
Haydala,yAdr,hATiHa,mAla,baHsgA,bago,nagar,HqEndAynor,faqAd,HalaNnA,malkAmu,mAdrag,Nm,mAlwada,nagar,HadargAlahunA,dAru,mwada,bago,say
badfra,xAfhulA,HqEngdi,HqEgziHab.hEr,bamiho,nagar,bakrstos,Hiyasus,tmk,Hala,Ha.hzAb,tAzazu,krstos,baqAlnA,baHsrA,bamlktnA,badnq,nagar,hAyl,live
mmakA,gd,darsob,wangEl,bAlsabk,wayol,bafaqAdE,bAdarga,damawaz,HalaNnA,yAla,faqAdE,bAdarga,magAbina,baHadarA,tasaTtoNAl,HqEngdi,damawazE,mndr,say
bamidarag,Trat,CAf,tabAla,lAy,bamimaTu,gamad,mangadaNo,manAd,Hala,kAh,gaTamA,yKa,gamadu,Hsosta,tanTalATalu,bamiwardu,sawu,tagafta,live
tadasto,lD,fanadaqa,HqErA,tabalA,waTAtu,lAy,sil,HasbbatganA,Hala,lanE,miliyo,br,qald,warqAmA,sostnA,HamatA,TAh,ml,say
yhu,badalu,yAstAws,HaTagabu,yAla,saw,SayTAnE,slk,quTr,Hala,ylAl,Hala,tabAla,tadawalala,qaTtA,sdb,ygabAl,sdb,qan,live
