Lcontext1,target word,Rcontext1,class
Habro,balA,bamaTu,eat
quarso,balA,taxnAnta,eat
lDo,balA,bafarisA,eat
ytATaq,balA,baraha,eat
frE,balA,TlA,eat
HqEnDarA,balA,yqamaTbatAl,eat
tanaHsA,balA,mAycAl,eat
tanaHsA,balA,mAycAl,eat
tanaHsA,balA,mAycAl,eat
tanaHsA,balA,mAycAl,eat
ybalAwAl,balA,HqEgziHab.hEr,eat
mdritu,balA,HanbaTA,eat
HqEnDarA,balA,ba.hywatu,eat
HqEnDarA,balA,HqEmalasnA,eat
HqEnDarA,balA,whA,eat
HqEnDarA,balA,gd,eat
galabaTa,balA,HqEnbi,eat
galabaTa,balA,HqEnbi,eat
kAdana,balA,rbqA,eat
bArk,balA,rbqA,eat
gabatA,balA,HaHsrA,eat
saTA,balA,mAru,eat
bEt,balA,HsgA,eat
bEt,balA,HsgA,eat
HqEnDarA,balA,ligAbzu,eat
saTA,balA,mAru,eat
mArE,balA,TaDE,eat
sAtmaTA,balA,bArak,eat
sAtmaTA,balA,bArak,eat
`rAqu,balA,kAzaz,eat
HalAwqA,balA,TaTA,eat
TarA,balA,TaTA,eat
mazAmurtu,balA,Tagabu,eat
wasadacnA,balA,bAl,eat
saTa,balA,TaTA,eat
sbu,balA,.hzbu,eat
mAr,balA,CnCA,eat
Halaqo,balA,mo`Ab,eat
HqEngocA,balA,HqEgziHab.hEr,eat
sAmuHEl,balA,korabtA,eat
saTutnA,balA,whA,eat
HqEnDarA,balA,whA,eat
HagaNa,balA,TaTA,eat
tanaHsta,balA,HalawtanaHsto,eat
ragaTuHatmbagabA,balA,TaTA,eat
maHswA`tu,balA,HqEgziHab.hEr,eat
saw,balA,snq,eat
mla,balA,mdrA,eat
mla,balA,mdrA,eat
nTqiyA,balA,tamAra,eat
HsAr,balA,HakAlu,eat
HsAr,balA,HakAlu,eat
hbs,balA,kAhnA,eat
HqEnDarA,balA,saTA,eat
yzo,balA,saTA,speak
HandA,balA,HalAcawHqEnarsu,eat
qorso,balA,nagA,eat
gAgara,balA,sAytaNu,eat
yAlu,balA,TaTu,eat
lAy,balA,ygAr,eat
HqEnDarA,balA,batarArA,eat
frE,balA,mla,eat
manA,balA,na`A,eat
.hzbu,balA,HamlAkocA,eat
frE,balA,manA,eat
frE,balA,manA,eat
saTA,balA,mAru,eat
lAy,balA,TaTu,eat
Hala,balA,sawyo,eat
damu,balA,.hzbu,eat
fAsikA,balA,maqdasu,eat
HqEngocA,balA,HamCl,eat
baHqEgziHab.hEr,balA,TaTu,eat
maTta,balA,HqEgziHab.hEr,eat
HqEnDarA,balA,Hazanula,eat
Hafar,balA,wafo,eat
canafar,balA,tanaHsto,eat
taqamaTu,balA,HasmA,eat
frE,balA,lDo,eat
HqEnDarA,balA,lD,eat
frE,balA,lDo,eat
farADocA,balA,nagaHstAtocA,eat
mns,balA,samAy,eat
manA,balA,saw,eat
mabl,balA,manfasAwi,eat
balAyu,balA,Hanoru,eat
wasadacnA,balA,bAl,eat
bamakAka,balA,safaru,eat
mdritu,balA,bla,eat
Hafaru,balA,bagudguAdu,eat
sawu,balA,HqEsA,eat
sawu,balA,HqEgziHab.hEr,eat
sawocA,balA,nafsE,eat
HqEnagr,balA,HamalaT,speak
mkr,balA,xAdqA,eat
rhruho,balA,HqEDo,eat
frE,balA,nagaHstA,eat
yA`qob,balA,nagar,eat
hm,balA,gEtA,speak
hm,balA,gEtA,speak
HatAwqu,balA,hm,speak
ywadqAl,balA,yAsaT,eat
smu,balA,gEtA,eat
tAwqAlA,balA,HqEgziHab.hEr,eat
qarboHal,balA,baHqEsrAHEl,eat
man,balA,Halaqocu,eat
hm,balA,qAlE,speak
hm,balA,HqEgziHab.hEr,speak
hm,balA,baro,speak
tanAgar,balA,HqEsrAHEl,speak
Hatmalakatu,balA,ba`AynA,eat
Hatward,balA,Hala,eat
HqEsA,balA,quanaDADtocA,eat
HqEgarfAchuAla,balA,bla,eat
hm,balA,HqEsrAHEl,speak
hm,balA,HqEsrAHEl,speak
tamalasu,balA,qum,speak
HatwAgu,balA,Hala,speak
hm,balA,baHqEsA,speak
lDo,balA,twldocA,eat
samA,balA,.hyA,eat
.hzbu,balA,mnbalA,eat
HqEgziHab.hEr,balA,mAnA,eat
yhu,balA,HqEsrAHEl,speak
hm,balA,HqEsrAHEl,speak
lAy,balA,mlktA,eat
ylAl,balA,`Amaxa,eat
faqaq,balA,yAlu,eat
yAsfalgawAl,balA,HalA,eat
stxalyu,balA,basamAyA,eat
HadrganAl,balA,HiyarusAlE,eat
HqEwaqu,balA,HqElAchuAla,eat
yhu,balA,salAm,eat
yhu,balA,salAm,eat
saraqu,balA,bagaZi,eat
yAsfalgutAl,balA,wadiyA,eat
faqaq,balA,HalA,eat
wAy,balA,HqEraNo,speak
zm,balA,baHqEgziHab.hEr,speak
HqEll,balA,HawdmA,eat
HqEri,balA,bamdr,eat
wAy,balA,HamlAkE,speak
kubkubA,balA,batahA,eat
tamalkatu,balA,gfnnA,eat
HqEri,balA,HEfrE,eat
ylAl,balA,qanu,speak
lAy,balA,bamakAkal,eat
danagaTu,balA,.hzb,eat
tazagAD,balA,hAylaNo,speak
yTabqawAl,balA,HqEgziHab.hEr,eat
HqEnwTA,balA,CoKu,eat
das,balA,Ha.hzAb,eat
gEtocA,balA,mdritu,eat
HqEngbA,balA,samE,speak
wAy,balA,qan,speak
wAy,balA,qan,speak
nfu,balA,CoKA,eat
HqEll,balA,xyo,eat
HqElf,balA,HqElf,eat
tAdgotAl,balA,bamdra,eat
tquaTAla,balA,HqEgziHab.hEr,eat
zm,balA,Ha.hzAb,eat
faqaq,balA,guadAnA,eat
wAy,balA,qan,speak
xaT,balA,Si.hor,eat
HqEll,balA,badastA,eat
faqaq,balA,bakfA,eat
HqEll,balA,Hamasgnu,eat
HqEll,balA,bA.hrnA,eat
nagaHsa,balA,HqEndAynAwaT,eat
HqEll,balA,zmArE,eat
HqEll,balA,smu,eat
HqEll,balA,HqEgziHab.hEr,eat
zm,balA,xdq,eat
zm,balA,HqEnAgar,eat
zm,balA,HqEmotAla,eat
zm,balA,Hatzanu,eat
hm,balA,babarakatnA,speak
nagaHsa,balA,gubaNo,speak
faqaq,balA,bagmbArA,speak
HqEradunA,balA,damu,speak
gEdEwo,balA,HalA,eat
faqaq,balA,ngarA,eat
faqaq,balA,bla,eat
faqaq,balA,baqx,eat
HaTaTu,balA,Hala,eat
yngaHs,balA,takatlA,speak
zm,balA,HalA,eat
HawqahAl,balA,Hawo,eat
gabta,balA,TaTu,eat
nagaHsa,balA,bA.hrnA,eat
tAdaga,balA,zalAla,eat
yqr,balA,yAlaziyA,eat
tAwqAlA,balA,hm,speak
badarashbA,balA,bamalkAmu,eat
lDo,balA,HqEgziHab.hEr,eat
Hadrgu,balA,gbx,eat
tagalaTal,balA,qAl,eat
HawTu,balA,Hala,eat
