Lcontext2,Lcontext1,target word,Rcontext1,Rcontext2,class
Ha.hzAb,Habro,balA,bamaTu,tagarazu,eat
Hamasagana,quarso,balA,taxnAnta,mgb,eat
wadAD,lDo,balA,bafarisA,bEt,eat
Tafr,ytATaq,balA,baraha,mAr,eat
tawAba,frE,balA,TlA,mdr,eat
baHqEgziHab.hEr,HqEnDarA,balA,yqamaTbatAl,babaru,eat
kfAtu,tanaHsA,balA,mAycAl,balas,eat
kfAtu,tanaHsA,balA,mAycAl,balas,eat
kfAtu,tanaHsA,balA,mAycAl,balas,eat
kfAtu,tanaHsA,balA,mAycAl,balas,eat
saw,ybalAwAl,balA,HqEgziHab.hEr,HalAHsalaTana,eat
bzagA,mdritu,balA,HanbaTA,bAzza,eat
zaman,HqEnDarA,balA,ba.hywatu,zaman,eat
bEtE,HqEnDarA,balA,HqEmalasnA,HqEgabA,eat
nabiy,HqEnDarA,balA,whA,yTaTA,eat
sEt,HqEnDarA,balA,gd,bAlafa,eat
wasdA,galabaTa,balA,HqEnbi,saw,eat
wasdA,galabaTa,balA,HqEnbi,saw,eat
ywad,kAdana,balA,rbqA,yA`qob,eat
sAymo,bArk,balA,rbqA,HqEnAtu,eat
mEmfibostE,gabatA,balA,HaHsrA,Hamst,eat
mAru,saTA,balA,mAru,HanbasA,eat
moyAta,bEt,balA,HsgA,HandA,eat
moyAta,bEt,balA,HsgA,HandA,eat
sAyma,HqEnDarA,balA,ligAbzu,maTu,eat
mAru,saTA,balA,mAru,HanbasA,eat
HqEnDarA,mArE,balA,TaDE,watatE,eat
yAmaTA,sAtmaTA,balA,bArak,tabAraka,eat
yAmaTA,sAtmaTA,balA,bArak,tabAraka,eat
HqEgziHab.hEr,`rAqu,balA,kAzaz,zAf,eat
honA,HalAwqA,balA,TaTA,baHadabAbAyA,eat
baHiyarusAlE,TarA,balA,TaTA,Hasakara,eat
daqa,mazAmurtu,balA,Tagabu,tarafa,eat
frE,wasadacnA,balA,bAl,saTa,eat
waT,saTa,balA,TaTA,tanaHsto,eat
maHswA`,sbu,balA,.hzbu,Hayta,eat
bamiga,mAr,balA,CnCA,dngAy,eat
tarArA,Halaqo,balA,mo`Ab,mos,eat
qiTA,HqEngocA,balA,HqEgziHab.hEr,malHak,eat
sAHol,sAmuHEl,balA,korabtA,masgaDA,eat
HqEnDarA,saTutnA,balA,whA,HaTaTu,eat
babEtu,HqEnDarA,balA,whA,TaTAbamA`d,eat
whA,HagaNa,balA,TaTA,tamalso,eat
nawnA,tanaHsta,balA,HalawtanaHsto,balA,eat
taraCa,ragaTuHatmbagabA,balA,TaTA,taragama,eat
maHswA`tnA,maHswA`tu,balA,HqEgziHab.hEr,kbr,eat
HqEnDarA,saw,balA,snq,tarfA,eat
HagarA,mla,balA,mdrA,frE,eat
HagarA,mla,balA,mdrA,frE,eat
HanbasA,nTqiyA,balA,tamAra,Ha.hzAb,eat
barE,HsAr,balA,HakAlu,basamAy,eat
barE,HsAr,balA,HakAlu,basamAy,eat
maHswA`tu,hbs,balA,kAhnA,bamaqdas,eat
maHswA`,HqEnDarA,balA,saTA,kato,eat
HqEnDarA,yzo,balA,saTA,Halayasa,speak
sAlu,HandA,balA,HalAcawHqEnarsu,taTabasa,eat
HqEnDarA,qorso,balA,nagA,dras,eat
qiTA,gAgara,balA,sAytaNu,katamA,eat
HaqarabaHqErsu,yAlu,balA,TaTu,Hadaru,eat
kmr,lAy,balA,ygAr,HsahadutA,eat
TarA,HqEnDarA,balA,batarArA,HadarulAbA,eat
bazAfu,frE,balA,mla,nagar,eat
`Ama,manA,balA,na`A,mdr,eat
Taru,.hzbu,balA,HamlAkocA,sagaduHqEsrAHEl,eat
mdritu,frE,balA,manA,qara,eat
mdritu,frE,balA,manA,qara,eat
mAru,saTA,balA,mAru,HanbasA,eat
HalawtaqamaTu,lAy,balA,TaTu,blAtEnAytu,eat
qoy,Hala,balA,sawyo,qubAtunA,eat
.hzbu,damu,balA,.hzbu,damu,eat
sAynaxu,fAsikA,balA,maqdasu,mAnxA,eat
duqEtu,HqEngocA,balA,HamCl,lD,eat
dastA,baHqEgziHab.hEr,balA,TaTu,lD,eat
yta,maTta,balA,HqEgziHab.hEr,das,eat
babEtu,HqEnDarA,balA,Hazanula,HqEgziHab.hEr,eat
HsgA,Hafar,balA,wafo,bA.hr,eat
Hasmararu,canafar,balA,tanaHsto,faradabA,eat
tamAytunnA,taqamaTu,balA,HasmA,mAykalak,eat
CarquA,frE,balA,lDo,Trso,eat
lAy,HqEnDarA,balA,lD,HqEsmAHEl,eat
CarquA,frE,balA,lDo,Trso,eat
glawAl,farADocA,balA,nagaHstAtocA,wadaqu,eat
mlk,mns,balA,samAy,HqEnDarA,eat
badA,manA,balA,saw,balto,eat
manfasAwi,mabl,balA,manfasAwi,maTaT,eat
Hadaragu,balAyu,balA,Hanoru,baHqEgziHab.hEr,eat
frE,wasadacnA,balA,bAl,saTa,eat
HqEsA,bamakAka,balA,safaru,dAr,eat
CuKatA,mdritu,balA,bla,HqEgziHab.hEr,eat
dngAyocu,Hafaru,balA,bagudguAdu,yAla,eat
HamsA,sawu,balA,HqEsA,samAy,eat
HamsA,sawu,balA,HqEgziHab.hEr,HqEsA,eat
HamsA,sawocA,balA,nafsE,thu,eat
TabAqi,HqEnagr,balA,HamalaT,nAgar,speak
hATHa,mkr,balA,xAdqA,yAyutAl,eat
tawagta,rhruho,balA,HqEDo,lDocA,eat
waTA,frE,balA,nagaHstA,batr,eat
HqElamnhAla,yA`qob,balA,nagar,taxaxata,eat
HastAwqA,hm,balA,gEtA,HqEgziHab.hEr,speak
tanAgar,hm,balA,gEtA,HqEgziHab.hEr,speak
trguAmE,HatAwqu,balA,hm,bla,speak
sawu,ywadqAl,balA,yAsaT,znAb,eat
qAl,smu,balA,gEtA,HqEgziHab.hEr,eat
HqEgziHab.hEr,tAwqAlA,balA,HqEgziHab.hEr,qAl,eat
nagar,qarboHal,balA,baHqEsrAHEl,bEt,eat
banguHsu,man,balA,Halaqocu,HErmyAs,eat
tanAgar,hm,balA,qAlE,tsamu,speak
HqEtawAla,hm,balA,HqEgziHab.hEr,ylAl,speak
qum,hm,balA,baro,mtgabu,speak
minoru,tanAgar,balA,HqEsrAHEl,HamlAk,speak
tAyAlA,Hatmalakatu,balA,ba`AynA,HqEndAyAyu,eat
waTA,Hatward,balA,Hala,HElyAs,eat
gulmAsocA,HqEsA,balA,quanaDADtocA,HalAzanu,eat
baginT,HqEgarfAchuAla,balA,bla,tanAgaru,eat
qads,hm,balA,HqEsrAHEl,nagar,speak
qads,hm,balA,HqEsrAHEl,nagar,speak
dnkuAnA,tamalasu,balA,qum,HadrgE,speak
HatwTu,HatwAgu,balA,Hala,tanAgarhuA,speak
Tabqu,hm,balA,baHqEsA,HqEgziHab.hEr,speak
HqEsrAHEl,lDo,balA,twldocA,balbsA,eat
mAguramra,samA,balA,.hyA,naNnA,eat
ySakamAlu,.hzbu,balA,mnbalA,HsgA,eat
ngarA,HqEgziHab.hEr,balA,mAnA,saw,eat
Hsr`A,yhu,balA,HqEsrAHEl,bEt,speak
SaSgA,hm,balA,HqEsrAHEl,HamlAk,speak
bEt,lAy,balA,mlktA,HqEndAdarag,eat
HqEgziHab.hEr,ylAl,balA,`Amaxa,bEt,eat
HqElamnAchuAla,faqaq,balA,yAlu,gazA,eat
gEtA,yAsfalgawAl,balA,HalA,talAku,eat
HalA,stxalyu,balA,basamAyA,mtnor,eat
gabA,HadrganAl,balA,HiyarusAlE,hEd,eat
qaraba,HqEwaqu,balA,HqElAchuAla,qan,eat
bEt,yhu,balA,salAm,lD,eat
bEt,yhu,balA,salAm,lD,eat
maTta,saraqu,balA,bagaZi,tasamA,eat
gEtA,yAsfalgutAl,balA,wadiyA,ysadAcawAl,eat
motacmnA,faqaq,balA,HalA,sAqu,eat
taquarToHalnA,wAy,balA,HqEraNo,kbr,speak
baHqEgziHab.hEr,zm,balA,baHqEgziHab.hEr,maHswA`,speak
ybalA,HqEll,balA,HawdmA,HqEhl,eat
lAy,HqEri,balA,bamdr,noru,eat
HagalgAyo,wAy,balA,HamlAkE,HagalgAyo,speak
qara,kubkubA,balA,batahA,TaDA,eat
gf,tamalkatu,balA,gfnnA,qmiyA,eat
lAy,HqEri,balA,HEfrE,bazalafA,eat
HqEgziHab.hEr,ylAl,balA,qanu,qanu,speak
batarAro,lAy,balA,bamakAkal,sEsaNna,eat
TA`otA,danagaTu,balA,.hzb,samE,eat
tanaHs,tazagAD,balA,hAylaNo,tawagadu,speak
miTabq,yTabqawAl,balA,HqEgziHab.hEr,yA`qob,eat
HqEgziHab.hEr,HqEnwTA,balA,CoKu,qan,eat
yA`qob,das,balA,Ha.hzAb,Halaqo,eat
ylAl,gEtocA,balA,mdritu,bamdr,eat
tamo,HqEngbA,balA,samE,nagarnnA,speak
qsu,wAy,balA,qan,ylAl,speak
qsu,wAy,balA,qan,ylAl,speak
malaka,nfu,balA,CoKA,hulA,eat
tarAro,HqEll,balA,xyo,HqEgziHab.hEr,eat
mtSakamu,HqElf,balA,HqElf,balu,eat
yA`qob,tAdgotAl,balA,bamdra,badA,eat
lAy,tquaTAla,balA,HqEgziHab.hEr,musE,eat
bafitE,zm,balA,Ha.hzAb,hAylA,eat
mangad,faqaq,balA,guadAnA,zawar,eat
farsoHalnA,wAy,balA,qan,yhonAl,speak
molubA,xaT,balA,Si.hor,zarnA,eat
HqEgziHab.hEr,HqEll,balA,badastA,HqEgziHab.hEr,eat
sawu,faqaq,balA,bakfA,ynAgarubhAlnA,eat
HqEgziHab.hEr,HqEll,balA,Hamasgnu,das,eat
baHqEgziHab.hEr,HqEll,balA,bA.hrnA,molA,eat
HqEgziHab.hEr,nagaHsa,balA,HqEndAynAwaT,`Alamu,eat
HamlAk,HqEll,balA,zmArE,HanHsu,eat
HqEgziHab.hEr,HqEll,balA,smu,zamru,eat
HqEgziHab.hEr,HqEll,balA,HqEgziHab.hEr,l`ul,eat
Hasbu,zm,balA,xdq,maHswA`,eat
mSgo,zm,balA,HqEnAgar,tawu,eat
fArad,zm,balA,HqEmotAla,nagar,eat
nawnA,zm,balA,Hatzanu,bla,eat
bArku,hm,balA,babarakatnA,bamsgAnA,speak
bakEbro,nagaHsa,balA,gubaNo,lAka,speak
mAhbar,faqaq,balA,bagmbArA,wadqa,speak
yAqrb,HqEradunA,balA,damu,bamablAtA,speak
HqEgziHab.hErnA,gEdEwo,balA,HalA,gEdEwo,eat
zuriyA,faqaq,balA,ngarA,musE,eat
zuriyA,faqaq,balA,bla,ngarA,eat
mAhbar,faqaq,balA,baqx,HaTafAcawAla,eat
whA,HaTaTu,balA,Hala,mikyAs,eat
`Ama,yngaHs,balA,takatlA,wTu,speak
HawqEHala,zm,balA,HalA,HElyAs,eat
wasda,HawqahAl,balA,Hawo,HawqEHala,eat
dnkuA,gabta,balA,TaTu,warqnA,eat
HqEgziHab.hEr,nagaHsa,balA,bA.hrnA,molA,eat
sabsba,tAdaga,balA,zalAla,zalAla,eat
hATiHatA,yqr,balA,yAlaziyA,xAfKa,eat
HamlAkA,tAwqAlA,balA,hm,bamaSa,speak
takatalA,badarashbA,balA,bamalkAmu,fAntA,eat
HqEsrAHEl,lDo,balA,HqEgziHab.hEr,gbxA,eat
wandmo,Hadrgu,balA,gbx,mdr,eat
HawaTAchuAla,tagalaTal,balA,qAl,ysamAlu,eat
gETA,HawTu,balA,Hala,HqEsrAHEl,eat
