Lcontext3,Lcontext2,Lcontext1,target word,Rcontext1,Rcontext2,Rcontext3,class
sAymaTu,Ha.hzAb,Habro,balA,bamaTu,tagarazu,wagan,eat
HqEgziHab.hEr,Hamasagana,quarso,balA,taxnAnta,mgb,bamarkabu,eat
hATiHataNo,wadAD,lDo,balA,bafarisA,bEt,gabto,eat
bawagabu,Tafr,ytATaq,balA,baraha,mAr,ybalA,eat
dras,tawAba,frE,balA,TlA,mdr,HarAwit,eat
tazagto,baHqEgziHab.hEr,HqEnDarA,balA,yqamaTbatAl,babaru,daDa,eat
HamlAk,kfAtu,tanaHsA,balA,mAycAl,balas,yhudA,eat
HqEsaddbAcawAla,kfAtu,tanaHsA,balA,mAycAl,balas,basayf,eat
qrCA,kfAtu,tanaHsA,balA,mAycAl,balas,HErmyAs,eat
qrCA,kfAtu,tanaHsA,balA,mAycAl,balas,HErmyAs,eat
nagar,saw,ybalAwAl,balA,HqEgziHab.hEr,HalAHsalaTana,ntunA,eat
samAyAtu,bzagA,mdritu,balA,HanbaTA,bAzza,ba.hzb,eat
ba.hywatu,zaman,HqEnDarA,balA,ba.hywatu,zaman,zawatr,eat
saw,bEtE,HqEnDarA,balA,HqEmalasnA,HqEgabA,HaycAla,eat
tablolNAlnA,nabiy,HqEnDarA,balA,whA,yTaTA,bEt,eat
tAlAq,sEt,HqEnDarA,balA,gd,bAlafa,quTr,eat
Hadaraga,wasdA,galabaTa,balA,HqEnbi,saw,HaswaTu,eat
Hadaraga,wasdA,galabaTa,balA,HqEnbi,saw,HaswaTu,eat
`EsA,ywad,kAdana,balA,rbqA,yA`qob,twad,eat
HadargAla,sAymo,bArk,balA,rbqA,HqEnAtu,`EsA,eat
lD,mEmfibostE,gabatA,balA,HaHsrA,Hamst,lDocnA,eat
maTA,mAru,saTA,balA,mAru,HanbasA,rEsA,eat
tagaraza,moyAta,bEt,balA,HsgA,HandA,bEt,eat
tagaraza,moyAta,bEt,balA,HsgA,HandA,bEt,eat
.hzbu,sAyma,HqEnDarA,balA,ligAbzu,maTu,xa.hay,eat
maTA,mAru,saTA,balA,mAru,HanbasA,rEsA,eat
qam,HqEnDarA,mArE,balA,TaDE,watatE,bAlnDarocE,eat
Hada,yAmaTA,sAtmaTA,balA,bArak,tabAraka,hono,eat
Hada,yAmaTA,sAtmaTA,balA,bArak,tabAraka,hono,eat
farA,HqEgziHab.hEr,`rAqu,balA,kAzaz,zAf,bawnu,eat
tDamrAlA,honA,HalAwqA,balA,TaTA,baHadabAbAyA,HastamAr,eat
banagA,baHiyarusAlE,TarA,balA,TaTA,Hasakara,nagar,eat
saTa,daqa,mazAmurtu,balA,Tagabu,tarafa,qursrA,eat
Haya,frE,wasadacnA,balA,bAl,saTa,`Ayno,eat
msr,waT,saTa,balA,TaTA,tanaHsto,hEda,eat
qATala,maHswA`,sbu,balA,.hzbu,Hayta,HqEll,eat
dngAy,bamiga,mAr,balA,CnCA,dngAy,bamiga,eat
Harno,tarArA,Halaqo,balA,mo`Ab,mos,.hzb,eat
HsgAwnnA,qiTA,HqEngocA,balA,HqEgziHab.hEr,malHak,`Aynu,eat
qan,sAHol,sAmuHEl,balA,korabtA,masgaDA,tamAytu,eat
maTu,HqEnDarA,saTutnA,balA,whA,HaTaTu,balasu,eat
tamalasa,babEtu,HqEnDarA,balA,whA,TaTAbamA`d,taqamTa,eat
bamAsaro,whA,HagaNa,balA,TaTA,tamalso,taNAyaHqEgziHab.hEr,eat
ruq,nawnA,tanaHsta,balA,HalawtanaHsto,balA,TaTA,eat
lAy,taraCa,ragaTuHatmbagabA,balA,TaTA,taragama,HqEyu,eat
qATala,maHswA`tnA,maHswA`tu,balA,HqEgziHab.hEr,kbr,bEtu,eat
malAHqEk,HqEnDarA,saw,balA,snq,tarfA,lAkalAcawkasamAy,eat
maTA,HagarA,mla,balA,mdrA,frE,balA,eat
maTA,HagarA,mla,balA,mdrA,frE,balAyaHagarA,eat
dabol,HanbasA,nTqiyA,balA,tamAra,Ha.hzAb,warE,eat
tasadada,barE,HsAr,balA,HakAlu,basamAy,Tal,eat
Hahyo,barE,HsAr,balA,HakAlu,basamAy,Tal,eat
yAltafaqada,maHswA`tu,hbs,balA,kAhnA,bamaqdas,san,eat
yAltafaqada,maHswA`,HqEnDarA,balA,saTA,kato,HalAcawdagmo,eat
maHswA`,HqEnDarA,yzo,balA,saTA,Halayasa,lD,speak
danaqu,sAlu,HandA,balA,HalAcawHqEnarsu,taTabasa,`AHsA,eat
waTto,HqEnDarA,qorso,balA,nagA,dras,tanagAgara,eat
Haqaraba,qiTA,gAgara,balA,sAytaNu,katamA,sado,eat
wandmwAnA,HaqarabaHqErsu,yAlu,balA,TaTu,Hadaru,mAlda,eat
badngAyu,kmr,lAy,balA,ygAr,HsahadutA,TarA,eat
balu,TarA,HqEnDarA,balA,batarArA,HadarulAbA,mAldo,eat
tawa,bazAfu,frE,balA,mla,nagar,zAf,eat
HarbA,`Ama,manA,balA,na`A,mdr,dnbar,eat
maHswA`,Taru,.hzbu,balA,HamlAkocA,sagaduHqEsrAHEl,b`ElfEgor,eat
banagA,mdritu,frE,balA,manA,qara,HqEsrAHEl,eat
balubanagA,mdritu,frE,balA,manA,qara,HqEsrAHEl,eat
maTA,mAru,saTA,balA,mAru,HanbasA,rEsA,eat
thEdAla,HalawtaqamaTu,lAy,balA,TaTu,blAtEnAytu,zArE,eat
dras,qoy,Hala,balA,sawyo,qubAtunA,HaSkaru,eat
Haradu,.hzbu,damu,balA,.hzbu,damu,bamablAtA,eat
sawu,sAynaxu,fAsikA,balA,maqdasu,mAnxA,bAynaxA,eat
Hasqadma,duqEtu,HqEngocA,balA,HamCl,lD,Hadrgi,eat
batAlAq,dastA,baHqEgziHab.hEr,balA,TaTu,lD,salomo,eat
rkusa,yta,maTta,balA,HqEgziHab.hEr,das,HasaNtoHacawAlnA,eat
maTu,babEtu,HqEnDarA,balA,Hazanula,HqEgziHab.hEr,kAmaTA,eat
HamaTA,HsgA,Hafar,balA,wafo,bA.hr,HaSa,eat
maHswA`,Hasmararu,canafar,balA,tanaHsto,faradabA,canafaru,eat
yAla,tamAytunnA,taqamaTu,balA,HasmA,mAykalak,HqEbAbocnnA,eat
HabAto,CarquA,frE,balA,lDo,Trso,Tarasu,eat
bamxPA,lAy,HqEnDarA,balA,lD,HqEsmAHEl,HaHsru,eat
HabAto,CarquA,frE,balA,lDo,Trso,Tarasu,eat
mdDA,glawAl,farADocA,balA,nagaHstAtocA,wadaqu,CoK,eat
HqEndnA,mlk,mns,balA,samAy,HqEnDarA,saTA,eat
bamdra,badA,manA,balA,saw,balto,HqEndAymo,eat
babA.hr,manfasAwi,mabl,balA,manfasAwi,maTaT,manfasAwi,eat
HqEsA,Hadaragu,balAyu,balA,Hanoru,baHqEgziHab.hEr,yAlAzazA,eat
Haya,frE,wasadacnA,balA,bAl,saTa,`Ayno,eat
HqEgziHab.hEr,HqEsA,bamakAka,balA,safaru,dAr,musE,eat
lDo,CuKatA,mdritu,balA,bla,HqEgziHab.hEr,waTtA,eat
HqEnCatu,dngAyocu,Hafaru,balA,bagudguAdu,yAla,whA,eat
twrad,HamsA,sawu,balA,HqEsA,samAy,wardA,eat
twrad,HamsA,sawu,balA,HqEgziHab.hEr,HqEsA,samAy,eat
HamsA,HamsA,sawocA,balA,nafsE,thu,malHak,eat
HaqATala,TabAqi,HqEnagr,balA,HamalaT,nAgar,baHsos,speak
molA,hATHa,mkr,balA,xAdqA,yAyutAl,das,eat
HaTta,tawagta,rhruho,balA,HqEDo,lDocA,qaqlawAl,eat
HqEsA,waTA,frE,balA,nagaHstA,batr,baratA,eat
HqEndtl,HqElamnhAla,yA`qob,balA,nagar,taxaxata,Hayho,eat
rkusa,HastAwqA,hm,balA,gEtA,HqEgziHab.hEr,ylAl,speak
SmAglE,tanAgar,hm,balA,gEtA,HqEgziHab.hEr,ylAl,speak
bEt,trguAmE,HatAwqu,balA,hm,bla,ngarA,speak
mimargu,sawu,ywadqAl,balA,yAsaT,znAb,yzanbAl,eat
HqEgziHab.hEr,qAl,smu,balA,gEtA,HqEgziHab.hEr,ylAl,eat
thonAla,HqEgziHab.hEr,tAwqAlA,balA,HqEgziHab.hEr,qAl,sil,eat
rAHqEyu,nagar,qarboHal,balA,baHqEsrAHEl,bEt,ntu,eat
byE,banguHsu,man,balA,Halaqocu,HErmyAs,maTta,eat
miqamaTu,tanAgar,hm,balA,qAlE,tsamu,tagHsAx,speak
nagar,HqEtawAla,hm,balA,HqEgziHab.hEr,ylAl,basaTahuA,speak
baro,qum,hm,balA,baro,mtgabu,yhudA,speak
baHiyarusAlE,minoru,tanAgar,balA,HqEsrAHEl,HamlAk,HqEgziHab.hEr,speak
mAya,tAyAlA,Hatmalakatu,balA,ba`AynA,HqEndAyAyu,baDoroHa,eat
tmotAla,waTA,Hatward,balA,Hala,HElyAs,hEda,eat
HalA,gulmAsocA,HqEsA,balA,quanaDADtocA,HalAzanu,kAhnAtocA,eat
garfoHachuAl,baginT,HqEgarfAchuAla,balA,bla,tanAgaru,nguHsu,eat
.hzbu,qads,hm,balA,HqEsrAHEl,nagar,bamakAkal,speak
.hzbu,qads,hm,balA,HqEsrAHEl,nagar,bamakAkal,speak
hEda,dnkuAnA,tamalasu,balA,qum,HadrgE,bamsaTA,speak
HqEndAtwadqu,HatwTu,HatwAgu,balA,Hala,tanAgarhuA,baHqEgziHab.hEr,speak
tAqarbul,Tabqu,hm,balA,baHqEsA,HqEgziHab.hEr,mtAqarbu,speak
tanAgara,HqEsrAHEl,lDo,balA,twldocA,balbsA,CAf,eat
lDo,mAguramra,samA,balA,.hyA,naNnA,baDoro,eat
Sak,ySakamAlu,.hzbu,balA,mnbalA,HsgA,ysaTanAl,eat
lDocu,ngarA,HqEgziHab.hEr,balA,mAnA,saw,zarA,eat
zalAla,Hsr`A,yhu,balA,HqEsrAHEl,bEt,bamakAkalA,speak
magbiyA,SaSgA,hm,balA,HqEsrAHEl,HamlAk,HsarA,speak
baHqEsrAHEl,bEt,lAy,balA,mlktA,HqEndAdarag,ydaragbAcawAl,eat
gEtA,HqEgziHab.hEr,ylAl,balA,`Amaxa,bEt,nAcawnA,eat
HqEndtmalakatu,HqElamnAchuAla,faqaq,balA,yAlu,gazA,hodA,eat
biTayqA,gEtA,yAsfalgawAl,balA,HalA,talAku,hEda,eat
Hala,HalA,stxalyu,balA,basamAyA,mtnor,HabAtA,eat
lnAdarga,gabA,HadrganAl,balA,HiyarusAlE,hEd,bagalilAnA,eat
mangHs,qaraba,HqEwaqu,balA,HqElAchuAla,qan,katamA,eat
salAm,bEt,yhu,balA,salAm,lD,binor,eat
salAm,bEt,yhu,balA,salAm,lD,binor,eat
balEli,maTta,saraqu,balA,bagaZi,tasamA,HqEnAsradAwAla,eat
bilA,gEtA,yAsfalgutAl,balA,wadiyA,ysadAcawAl,xyo,eat
taNtAla,motacmnA,faqaq,balA,HalA,sAqu,.hzbu,eat
CAkA,taquarToHalnA,wAy,balA,HqEraNo,kbr,tawArdoHalnA,speak
bagEtA,baHqEgziHab.hEr,zm,balA,baHqEgziHab.hEr,maHswA`,qan,speak
das,ybalA,HqEll,balA,HawdmA,HqEhl,ymolAlu,eat
tarArA,lAy,HqEri,balA,bamdr,noru,ynqaTqaTu,eat
maHsawiyA,HagalgAyo,wAy,balA,HamlAkE,HagalgAyo,lElitu,speak
dagobyA,qara,kubkubA,balA,batahA,TaDA,HafA,eat
yAla,gf,tamalkatu,balA,gfnnA,qmiyA,baHadArASocA,eat
babEtHawE,lAy,HqEri,balA,HEfrE,bazalafA,qan,eat
gEtA,HqEgziHab.hEr,ylAl,balA,qanu,qanu,qrb,speak
baHanci,batarAro,lAy,balA,bamakAkal,sEsaNna,Hadaragu,eat
Hafaru,TA`otA,danagaTu,balA,.hzb,samE,waTtobAtAl,eat
baltoHalnA,tanaHs,tazagAD,balA,hAylaNo,tawagadu,HqEgziHab.hEr,speak
mangA,miTabq,yTabqawAl,balA,HqEgziHab.hEr,yA`qob,tabEZtotAl,eat
HamlAkA,HqEgziHab.hEr,HqEnwTA,balA,CoKu,qan,ymaTAlnA,eat
ylAlnA,yA`qob,das,balA,Ha.hzAb,Halaqo,HqEll,eat
HqEgziHab.hEr,ylAl,gEtocA,balA,mdritu,bamdr,lAy,eat
tamaSagu,tamo,HqEngbA,balA,samE,nagarnnA,xnu,speak
lbasu,qsu,wAy,balA,qan,ylAl,HqEgziHab.hEr,speak
lbasu,qsu,wAy,balA,qan,ylAl,HqEgziHab.hEr,speak
lAy,malaka,nfu,balA,CoKA,hulA,tasabsabu,eat
ybal,tarAro,HqEll,balA,xyo,HqEgziHab.hEr,ttoNAl,eat
`qA,mtSakamu,HqElf,balA,HqElf,balu,wTu,eat
bAriyA,yA`qob,tAdgotAl,balA,bamdra,badA,bamarA,eat
bamAhbaru,lAy,tquaTAla,balA,HqEgziHab.hEr,musE,tanAgara,eat
dasEto,bafitE,zm,balA,Ha.hzAb,hAylA,yAdsu,eat
Hatngaru,mangad,faqaq,balA,guadAnA,zawar,HqEsrAHEl,eat
mSgA,farsoHalnA,wAy,balA,qan,yhonAl,Tiros,speak
ngd,molubA,xaT,balA,Si.hor,zarnA,`AbAy,eat
mdr,HqEgziHab.hEr,HqEll,balA,badastA,HqEgziHab.hEr,tagazu,eat
dam,sawu,faqaq,balA,bakfA,ynAgarubhAlnA,TalAto,eat
mdr,HqEgziHab.hEr,HqEll,balA,Hamasgnu,das,ybalA,eat
banguHs,baHqEgziHab.hEr,HqEll,balA,bA.hrnA,molA,`Ala,eat
baHa.hzAb,HqEgziHab.hEr,nagaHsa,balA,HqEndAynAwaT,`Alamu,HaxanA,eat
yA`qob,HamlAk,HqEll,balA,zmArE,HanHsu,baro,eat
yAlA,HqEgziHab.hEr,HqEll,balA,smu,zamru,msgAnA,eat
qAl,HqEgziHab.hEr,HqEll,balA,HqEgziHab.hEr,l`ul,gru,eat
balbA,Hasbu,zm,balA,xdq,maHswA`,Hsawu,eat
CqA,mSgo,zm,balA,HqEnAgar,tawu,nagar,eat
HqEnEs,fArad,zm,balA,HqEmotAla,nagar,nagar,eat
taqadasa,nawnA,zm,balA,Hatzanu,bla,.hzbu,eat
HqEgziHab.hEr,bArku,hm,balA,babarakatnA,bamsgAnA,lAy,speak
HabEsElo,bakEbro,nagaHsa,balA,gubaNo,lAka,taTaru,speak
HaTafA,mAhbar,faqaq,balA,bagmbArA,wadqa,HamlAk,speak
bagu,yAqrb,HqEradunA,balA,damu,bamablAtA,HqEgziHab.hEr,speak
nfu,HqEgziHab.hErnA,gEdEwo,balA,HalA,gEdEwo,mato,eat
mAdariyA,zuriyA,faqaq,balA,ngarA,musE,tanaHsto,eat
mAdariyA,zuriyA,faqaq,balA,bla,ngarA,musE,eat
tanAgara,mAhbar,faqaq,balA,baqx,HaTafAcawAla,bagmbArA,eat
makarA,whA,HaTaTu,balA,Hala,mikyAs,badahnA,eat
salomo,`Ama,yngaHs,balA,takatlA,wTu,maTto,speak
Hawo,HawqEHala,zm,balA,HalA,HElyAs,HElsA`,eat
zArE,wasda,HawqahAl,balA,Hawo,HawqEHala,zm,eat
bamaTu,dnkuA,gabta,balA,TaTu,warqnA,br,eat
baHa.hzAb,HqEgziHab.hEr,nagaHsa,balA,bA.hrnA,molA,tnAwaT,eat
Ha.hzAb,sabsba,tAdaga,balA,zalAla,zalAla,HqEsrAHEl,eat
HadrgawAl,hATiHatA,yqr,balA,yAlaziyA,xAfKa,max.haf,eat
HqEgziHab.hEr,HamlAkA,tAwqAlA,balA,hm,bamaSa,drCto,speak
tanaHsta,takatalA,badarashbA,balA,bamalkAmu,fAntA,malasA,eat
Hasab,HqEsrAHEl,lDo,balA,HqEgziHab.hEr,gbxA,bArna,eat
tbalAlA,wandmo,Hadrgu,balA,gbx,mdr,.hxAnAtocA,eat
Hagar,HawaTAchuAla,tagalaTal,balA,qAl,ysamAlu,HantanA,eat
Hawq,gETA,HawTu,balA,Hala,HqEsrAHEl,lDo,eat
