Lcontext4,Lcontext3,Lcontext2,Lcontext1,target word,Rcontext1,Rcontext2,Rcontext3,Rcontext4,class
yA`qob,sAymaTu,Ha.hzAb,Habro,balA,bamaTu,tagarazu,wagan,yAlu,eat
bahulu,HqEgziHab.hEr,Hamasagana,quarso,balA,taxnAnta,mgb,bamarkabu,yAla,eat
qarACocnA,hATiHataNo,wadAD,lDo,balA,bafarisA,bEt,gabto,bamA`d,eat
bso,bawagabu,Tafr,ytATaq,balA,baraha,mAr,ybalA,CAmA,eat
dArcA,dras,tawAba,frE,balA,TlA,mdr,HarAwit,yArfu,eat
gabtobatAlnA,tazagto,baHqEgziHab.hEr,HqEnDarA,balA,yqamaTbatAl,babaru,daDa,salAm,eat
yhonuNAl,HamlAk,kfAtu,tanaHsA,balA,mAycAl,balas,yhudA,nguHs,eat
canafar,HqEsaddbAcawAla,kfAtu,tanaHsA,balA,mAycAl,balas,basayf,barAb,eat
balas,qrCA,kfAtu,tanaHsA,balA,mAycAl,balas,HErmyAs,mtA,eat
balas,qrCA,kfAtu,tanaHsA,balA,mAycAl,balas,HErmyAs,mtA,eat
guadala,nagar,saw,ybalAwAl,balA,HqEgziHab.hEr,HalAHsalaTana,ntunA,dawE,eat
HqEndAyward,samAyAtu,bzagA,mdritu,balA,HanbaTA,bAzza,ba.hzb,canafar,eat
yoHaki,ba.hywatu,zaman,HqEnDarA,balA,ba.hywatu,zaman,zawatr,qalab,eat
HqEgziHab.hEr,saw,bEtE,HqEnDarA,balA,HqEmalasnA,HqEgabA,HaycAla,sfrA,eat
qAl,tablolNAlnA,nabiy,HqEnDarA,balA,whA,yTaTA,bEt,malsa,eat
Halafa,tAlAq,sEt,HqEnDarA,balA,gd,bAlafa,quTr,HqEnDarA,eat
HqEngocA,Hadaraga,wasdA,galabaTa,balA,HqEnbi,saw,HaswaTu,saw,eat
HqEngocA,Hadaraga,wasdA,galabaTa,balA,HqEnbi,saw,HaswaTu,saw,eat
yqamaT,`EsA,ywad,kAdana,balA,rbqA,yA`qob,twad,yA`qob,eat
miwada,HadargAla,sAymo,bArk,balA,rbqA,HqEnAtu,`EsA,wandmE,eat
gEtA,lD,mEmfibostE,gabatA,balA,HaHsrA,Hamst,lDocnA,bAriyA,eat
HqEnAtu,maTA,mAru,saTA,balA,mAru,HanbasA,rEsA,wasada,eat
binor,tagaraza,moyAta,bEt,balA,HsgA,HandA,bEt,mEdA,eat
binor,tagaraza,moyAta,bEt,balA,HsgA,HandA,bEt,mEdA,eat
Habzta,.hzbu,sAyma,HqEnDarA,balA,ligAbzu,maTu,xa.hay,sAtTalq,eat
HqEnAtu,maTA,mAru,saTA,balA,mAru,HanbasA,rEsA,wasada,eat
Stu,qam,HqEnDarA,mArE,balA,TaDE,watatE,bAlnDarocE,blu,eat
yAdana,Hada,yAmaTA,sAtmaTA,balA,bArak,tabAraka,hono,HabAtu,eat
yAdana,Hada,yAmaTA,sAtmaTA,balA,bArak,tabAraka,hono,HabAtu,eat
`rAqutE,farA,HqEgziHab.hEr,`rAqu,balA,kAzaz,zAf,bawnu,HqEndtho,eat
ltAnkuAku,tDamrAlA,honA,HalAwqA,balA,TaTA,baHadabAbAyA,HastamAr,ltlu,eat
qannA,banagA,baHiyarusAlE,TarA,balA,TaTA,Hasakara,nagar,bamaSa,eat
mazAmurtu,saTa,daqa,mazAmurtu,balA,Tagabu,tarafa,qursrA,qrCA,eat
malkA,Haya,frE,wasadacnA,balA,bAl,saTa,`Ayno,takafatu,eat
HqEnDarAnA,msr,waT,saTa,balA,TaTA,tanaHsto,hEda,`EsA,eat
lAy,qATala,maHswA`,sbu,balA,.hzbu,Hayta,HqEll,Halu,eat
`Ala,dngAy,bamiga,mAr,balA,CnCA,dngAy,bamiga,zay,eat
`Er,Harno,tarArA,Halaqo,balA,mo`Ab,mos,.hzb,wando,eat
waTto,HsgAwnnA,qiTA,HqEngocA,balA,HqEgziHab.hEr,malHak,`Aynu,tasawara,eat
Hala,qan,sAHol,sAmuHEl,balA,korabtA,masgaDA,tamAytu,waradu,eat
HagNta,maTu,HqEnDarA,saTutnA,balA,whA,HaTaTu,balasu,TfTf,eat
tanAgarawkaHqErsu,tamalasa,babEtu,HqEnDarA,balA,whA,TaTAbamA`d,taqamTa,sAlu,eat
HqEngocAnA,bamAsaro,whA,HagaNa,balA,TaTA,tamalso,taNAyaHqEgziHab.hEr,malHak,eat
mangad,ruq,nawnA,tanaHsta,balA,HalawtanaHsto,balA,TaTA,mgb,eat
bafarasocu,lAy,taraCa,ragaTuHatmbagabA,balA,TaTA,taragama,HqEyu,nguHs,eat
wardo,qATala,maHswA`tnA,maHswA`tu,balA,HqEgziHab.hEr,kbr,bEtu,molAyaHqEgziHab.hEr,eat
saTA,malAHqEk,HqEnDarA,saw,balA,snq,tarfA,lAkalAcawkasamAy,mHsrAq,eat
kubkubA,maTA,HagarA,mla,balA,mdrA,frE,balA,HagarA,eat
kubkubA,maTA,HagarA,mla,balA,mdrA,frE,balAyaHagarA,bakur,eat
HawaTA,dabol,HanbasA,nTqiyA,balA,tamAra,Ha.hzAb,warE,samu,eat
talayto,tasadada,barE,HsAr,balA,HakAlu,basamAy,Tal,rasarasazamanu,eat
badA,Hahyo,barE,HsAr,balA,HakAlu,basamAy,Tal,rasarasablTAsor,eat
libalu,yAltafaqada,maHswA`tu,hbs,balA,kAhnA,bamaqdas,san,yAraksu,eat
mablA,yAltafaqada,maHswA`,HqEnDarA,balA,saTA,kato,HalAcawdagmo,san,eat
yAltafaqada,maHswA`,HqEnDarA,yzo,balA,saTA,Halayasa,lD,san,speak
slAlAmanu,danaqu,sAlu,HandA,balA,HalAcawHqEnarsu,taTabasa,`AHsA,qurAC,eat
HatnCACu,waTto,HqEnDarA,qorso,balA,nagA,dras,tanagAgara,hm,eat
mA`d,Haqaraba,qiTA,gAgara,balA,sAytaNu,katamA,sado,sawu,eat
sTotA,wandmwAnA,HaqarabaHqErsu,yAlu,balA,TaTu,Hadaru,mAlda,gEtA,eat
maru,badngAyu,kmr,lAy,balA,ygAr,HsahadutA,TarA,yA`qob,eat
HqEnDarA,balu,TarA,HqEnDarA,balA,batarArA,HadarulAbA,mAldo,tanaHsto,eat
barado,tawa,bazAfu,frE,balA,mla,nagar,zAf,mdr,eat
dras,HarbA,`Ama,manA,balA,na`A,mdr,dnbar,maTu,eat
HamlAkocA,maHswA`,Taru,.hzbu,balA,HamlAkocA,sagaduHqEsrAHEl,b`ElfEgor,takatala,eat
qan,banagA,mdritu,frE,balA,manA,qara,HqEsrAHEl,lDo,eat
qan,balubanagA,mdritu,frE,balA,manA,qara,HqEsrAHEl,lDo,eat
HqEnAtu,maTA,mAru,saTA,balA,mAru,HanbasA,rEsA,wasada,eat
HabartA,thEdAla,HalawtaqamaTu,lAy,balA,TaTu,blAtEnAytu,zArE,mAdar,eat
wAgad,dras,qoy,Hala,balA,sawyo,qubAtunA,HaSkaru,mahEd,eat
lAy,Haradu,.hzbu,damu,balA,.hzbu,damu,bamablAtA,HqEgziHab.hEr,eat
wagan,sawu,sAynaxu,fAsikA,balA,maqdasu,mAnxA,bAynaxA,HabAtocu,eat
Hadrgi,Hasqadma,duqEtu,HqEngocA,balA,HamCl,lD,Hadrgi,HqEsrAHEl,eat
qan,batAlAq,dastA,baHqEgziHab.hEr,balA,TaTu,lD,salomo,HanagaHsu,eat
Ha.hzAb,rkusa,yta,maTta,balA,HqEgziHab.hEr,das,HasaNtoHacawAlnA,HqEsrAHEl,eat
yAwqu,maTu,babEtu,HqEnDarA,balA,Hazanula,HqEgziHab.hEr,kAmaTA,nagar,eat
nafAs,HamaTA,HsgA,Hafar,balA,wafo,bA.hr,HaSa,Hazanaba,eat
mutA,maHswA`,Hasmararu,canafar,balA,tanaHsto,faradabA,canafaru,tawayA,eat
mdritunnA,yAla,tamAytunnA,taqamaTu,balA,HasmA,mAykalak,HqEbAbocnnA,HqEfuNto,eat
dAgma,HabAto,CarquA,frE,balA,lDo,Trso,Tarasu,nagar,eat
maTA,bamxPA,lAy,HqEnDarA,balA,lD,HqEsmAHEl,HaHsru,sawu,eat
HqEsrAHEl,HabAto,CarquA,frE,balA,lDo,Trso,Tarasu,blA,eat
nabalbAl,mdDA,glawAl,farADocA,balA,nagaHstAtocA,wadaqu,CoK,Ha.hzAb,eat
Hayta,HqEndnA,mlk,mns,balA,samAy,HqEnDarA,saTA,tablo,eat
HabAtocA,bamdra,badA,manA,balA,saw,balto,HqEndAymo,samAy,eat
badamanAnA,babA.hr,manfasAwi,mabl,balA,manfasAwi,maTaT,manfasAwi,`Ala,eat
wasda,HqEsA,Hadaragu,balAyu,balA,Hanoru,baHqEgziHab.hEr,yAlAzazA,HqEsA,eat
malkA,Haya,frE,wasadacnA,balA,bAl,saTa,`Ayno,takafatu,eat
taquaTA,HqEgziHab.hEr,HqEsA,bamakAka,balA,safaru,dAr,musE,CoKu,eat
HqEsrAHEl,lDo,CuKatA,mdritu,balA,bla,HqEgziHab.hEr,waTtA,yATnu,eat
maHswA`tu,HqEnCatu,dngAyocu,Hafaru,balA,bagudguAdu,yAla,whA,.hzbu,eat
samAy,twrad,HamsA,sawu,balA,HqEsA,samAy,wardA,HqErsunnA,eat
samAy,twrad,HamsA,sawu,balA,HqEgziHab.hEr,HqEsA,samAy,wardA,eat
HalaqocnA,HamsA,HamsA,sawocA,balA,nafsE,thu,malHak,wrad,eat
bagocu,HaqATala,TabAqi,HqEnagr,balA,HamalaT,nAgar,baHsos,radf,speak
nagar,molA,hATHa,mkr,balA,xAdqA,yAyutAl,das,ylAcawAl,eat
frE,HaTta,tawagta,rhruho,balA,HqEDo,lDocA,qaqlawAl,waganE,eat
batro,HqEsA,waTA,frE,balA,nagaHstA,batr,baratA,batr,eat
yqr,HqEndtl,HqElamnhAla,yA`qob,balA,nagar,taxaxata,Hayho,ylAl,eat
HabAtocA,rkusa,HastAwqA,hm,balA,gEtA,HqEgziHab.hEr,ylAl,HqEsrAHEl,speak
HqEsrAHEl,SmAglE,tanAgar,hm,balA,gEtA,HqEgziHab.hEr,ylAl,tTayqu,speak
`Amaxa,bEt,trguAmE,HatAwqu,balA,hm,bla,ngarA,bAbilo,speak
CqA,mimargu,sawu,ywadqAl,balA,yAsaT,znAb,yzanbAl,tAlAq,eat
nAgaru,HqEgziHab.hEr,qAl,smu,balA,gEtA,HqEgziHab.hEr,ylAl,sAyAyu,eat
wdmA,thonAla,HqEgziHab.hEr,tAwqAlA,balA,HqEgziHab.hEr,qAl,sil,maTA,eat
zamanunA,rAHqEyu,nagar,qarboHal,balA,baHqEsrAHEl,bEt,ntu,rAHqEynA,eat
Hatmalsa,byE,banguHsu,man,balA,Halaqocu,HErmyAs,maTta,Tayaqu,eat
baHiyarusAlE,miqamaTu,tanAgar,hm,balA,qAlE,tsamu,tagHsAx,Hatqabalu,speak
yAsabhubA,nagar,HqEtawAla,hm,balA,HqEgziHab.hEr,ylAl,basaTahuA,.hgE,speak
baHiyarusAlE,baro,qum,hm,balA,baro,mtgabu,yhudA,nagaHstA,speak
sawu,baHiyarusAlE,minoru,tanAgar,balA,HqEsrAHEl,HamlAk,HqEgziHab.hEr,ylAl,speak
HatAstawlu,mAya,tAyAlA,Hatmalakatu,balA,ba`AynA,HqEndAyAyu,baDoroHa,HqEndAysamu,eat
ylAl,tmotAla,waTA,Hatward,balA,Hala,HElyAs,hEda,malHqEktaNo,eat
cal,HalA,gulmAsocA,HqEsA,balA,quanaDADtocA,HalAzanu,kAhnAtocA,basayf,eat
baHalangA,garfoHachuAl,baginT,HqEgarfAchuAla,balA,bla,tanAgaru,nguHsu,baHsosta,eat
tanaHsAnA,.hzbu,qads,hm,balA,HqEsrAHEl,nagar,bamakAkal,Hala,speak
tanaHsAnA,.hzbu,qads,hm,balA,HqEsrAHEl,nagar,bamakAkal,Hala,speak
mna,hEda,dnkuAnA,tamalasu,balA,qum,HadrgE,bamsaTA,mdr,speak
baTalAtocA,HqEndAtwadqu,HatwTu,HatwAgu,balA,Hala,tanAgarhuA,baHqEgziHab.hEr,tHqEzAz,speak
bayagizE,tAqarbul,Tabqu,hm,balA,baHqEsA,HqEgziHab.hEr,mtAqarbu,qurbA,speak
musE,tanAgara,HqEsrAHEl,lDo,balA,twldocA,balbsA,CAf,zarf,eat
HqEsrAHEl,lDo,mAguramra,samA,balA,.hyA,naNnA,baDoro,tanAgarA,eat
.hzbu,Sak,ySakamAlu,.hzbu,balA,mnbalA,HsgA,ysaTanAl,bagbx,eat
HaronnA,lDocu,ngarA,HqEgziHab.hEr,balA,mAnA,saw,zarA,batwldA,eat
lDA,zalAla,Hsr`A,yhu,balA,HqEsrAHEl,bEt,bamakAkalA,minoru,speak
daD,magbiyA,SaSgA,hm,balA,HqEsrAHEl,HamlAk,HsarA,gEtA,speak
baminoru,baHqEsrAHEl,bEt,lAy,balA,mlktA,HqEndAdarag,ydaragbAcawAl,basda,eat
HqElkhAla,gEtA,HqEgziHab.hEr,ylAl,balA,`Amaxa,bEt,nAcawnA,bisamu,eat
sawu,HqEndtmalakatu,HqElamnAchuAla,faqaq,balA,yAlu,gazA,hodA,gEtA,eat
tfatutAlA,biTayqA,gEtA,yAsfalgawAl,balA,HalA,talAku,hEda,HqEndAlA,eat
Hastamra,Hala,HalA,stxalyu,balA,basamAyA,mtnor,HabAtA,sm,eat
nan,lnAdarga,gabA,HadrganAl,balA,HiyarusAlE,hEd,bagalilAnA,basamAryA,eat
HqEgziHab.hEr,mangHs,qaraba,HqEwaqu,balA,HqElAchuAla,qan,katamA,sado,eat
HasqadmA,salAm,bEt,yhu,balA,salAm,lD,binor,salAmA,eat
HasqadmA,salAm,bEt,yhu,balA,salAm,lD,binor,salAmA,eat
mazAmurtu,balEli,maTta,saraqu,balA,bagaZi,tasamA,HqEnAsradAwAla,yAla,eat
HandA,bilA,gEtA,yAsfalgutAl,balA,wadiyA,ysadAcawAl,xyo,lD,eat
blAtEnAytu,taNtAla,motacmnA,faqaq,balA,HalA,sAqu,.hzbu,HaswaTu,eat
xnu,CAkA,taquarToHalnA,wAy,balA,HqEraNo,kbr,tawArdoHalnA,wAytA,speak
qadsoHalnA,bagEtA,baHqEgziHab.hEr,zm,balA,baHqEgziHab.hEr,maHswA`,qan,HalaqocnnA,speak
baHqErsu,das,ybalA,HqEll,balA,HawdmA,HqEhl,ymolAlu,maTmaqiyA,eat
baqdusu,tarArA,lAy,HqEri,balA,bamdr,noru,ynqaTqaTu,HqEgziHab.hEr,eat
qsu,maHsawiyA,HagalgAyo,wAy,balA,HamlAkE,HagalgAyo,lElitu,bamAq,speak
balA,dagobyA,qara,kubkubA,balA,batahA,TaDA,HafA,tawagdoHalnA,eat
bamakAkal,yAla,gf,tamalkatu,balA,gfnnA,qmiyA,baHadArASocA,yAkamAcu,eat
lAc,babEtHawE,lAy,HqEri,balA,HEfrE,bazalafA,qan,farasa,eat
bal,gEtA,HqEgziHab.hEr,ylAl,balA,qanu,qanu,qrb,HqEgziHab.hEr,speak
baHanci,baHanci,batarAro,lAy,balA,bamakAkal,sEsaNna,Hadaragu,baHanci,eat
mslo,Hafaru,TA`otA,danagaTu,balA,.hzb,samE,waTtobAtAl,mdr,eat
yAla,baltoHalnA,tanaHs,tazagAD,balA,hAylaNo,tawagadu,HqEgziHab.hEr,slAdakamA,speak
HqEra,mangA,miTabq,yTabqawAl,balA,HqEgziHab.hEr,yA`qob,tabEZtotAl,baratu,eat
xyo,HamlAkA,HqEgziHab.hEr,HqEnwTA,balA,CoKu,qan,ymaTAlnA,HqEgziHab.hEr,eat
HqEgziHab.hEr,ylAlnA,yA`qob,das,balA,Ha.hzAb,Halaqo,HqEll,Hawru,eat
gEtA,HqEgziHab.hEr,ylAl,gEtocA,balA,mdritu,bamdr,lAy,yAlu,eat
tasabsabu,tamaSagu,tamo,HqEngbA,balA,samE,nagarnnA,xnu,TfA,speak
mAq,lbasu,qsu,wAy,balA,qan,ylAl,HqEgziHab.hEr,nguHsunA,speak
mAq,lbasu,qsu,wAy,balA,qan,ylAl,HqEgziHab.hEr,nguHsunA,speak
baHagaritu,lAy,malaka,nfu,balA,CoKA,hulA,tasabsabu,tamaSagu,eat
das,ybal,tarAro,HqEll,balA,xyo,HqEgziHab.hEr,ttoNAl,gEtA,eat
HqEgziHab.hEr,`qA,mtSakamu,HqElf,balA,HqElf,balu,wTu,rkus,eat
HqEgziHab.hEr,bAriyA,yA`qob,tAdgotAl,balA,bamdra,badA,bamarA,taTamu,eat
biHsarA,bamAhbaru,lAy,tquaTAla,balA,HqEgziHab.hEr,musE,tanAgara,mAhbaru,eat
Haydakmu,dasEto,bafitE,zm,balA,Ha.hzAb,hAylA,yAdsu,yqrabu,eat
nagar,Hatngaru,mangad,faqaq,balA,guadAnA,zawar,HqEsrAHEl,qdus,eat
markabo,mSgA,farsoHalnA,wAy,balA,qan,yhonAl,Tiros,nguHs,speak
nagAdE,ngd,molubA,xaT,balA,Si.hor,zarnA,`AbAy,wanz,eat
mazmur,mdr,HqEgziHab.hEr,HqEll,balA,badastA,HqEgziHab.hEr,tagazu,ba.haHsE,eat
honhs,dam,sawu,faqaq,balA,bakfA,ynAgarubhAlnA,TalAto,bakantu,eat
Hayu,mdr,HqEgziHab.hEr,HqEll,balA,Hamasgnu,das,ybalA,zamru,eat
dmx,banguHs,baHqEgziHab.hEr,HqEll,balA,bA.hrnA,molA,`Ala,noru,eat
tnawAwaT,baHa.hzAb,HqEgziHab.hEr,nagaHsa,balA,HqEndAynAwaT,`Alamu,HaxanA,Ha.hzAb,eat
ybalA,yA`qob,HamlAk,HqEll,balA,zmArE,HanHsu,baro,sTu,eat
bamdr,yAlA,HqEgziHab.hEr,HqEll,balA,smu,zamru,msgAnA,kbr,eat
badastA,qAl,HqEgziHab.hEr,HqEll,balA,HqEgziHab.hEr,l`ul,gru,nawnA,eat
sAlA,balbA,Hasbu,zm,balA,xdq,maHswA`,Hsawu,baHqEgziHab.hEr,eat
mSgocA,CqA,mSgo,zm,balA,HqEnAgar,tawu,nagar,ymTAb,eat
HawqAla,HqEnEs,fArad,zm,balA,HqEmotAla,nagar,nagar,HatAdrgb,eat
qanu,taqadasa,nawnA,zm,balA,Hatzanu,bla,.hzbu,xaT,eat
HamlAkA,HqEgziHab.hEr,bArku,hm,balA,babarakatnA,bamsgAnA,lAy,kaf,speak
basamA,HabEsElo,bakEbro,nagaHsa,balA,gubaNo,lAka,taTaru,mato,speak
baqx,HaTafA,mAhbar,faqaq,balA,bagmbArA,wadqa,HamlAk,saw,speak
barEwnnA,bagu,yAqrb,HqEradunA,balA,damu,bamablAtA,HqEgziHab.hEr,Hatbadlu,speak
malakatA,nfu,HqEgziHab.hErnA,gEdEwo,balA,HalA,gEdEwo,mato,sawu,eat
HabEro,mAdariyA,zuriyA,faqaq,balA,ngarA,musE,tanaHsto,dAtAnnA,eat
HabEro,mAdariyA,zuriyA,faqaq,balA,bla,ngarA,musE,tanaHsto,eat
musE,tanAgara,mAhbar,faqaq,balA,baqx,HaTafAcawAla,bagmbArA,wadaqu,eat
magbu,makarA,whA,HaTaTu,balA,Hala,mikyAs,badahnA,btmalas,eat
naftA,salomo,`Ama,yngaHs,balA,takatlA,wTu,maTto,bazufAnE,speak
Halu,Hawo,HawqEHala,zm,balA,HalA,HElyAs,HElsA`,HqEgziHab.hEr,eat
lAy,zArE,wasda,HawqahAl,balA,Hawo,HawqEHala,zm,balu,eat
dArcA,bamaTu,dnkuA,gabta,balA,TaTu,warqnA,br,lbs,eat
tAdrg,baHa.hzAb,HqEgziHab.hEr,nagaHsa,balA,bA.hrnA,molA,tnAwaT,baraha,eat
HqEnmakA,Ha.hzAb,sabsba,tAdaga,balA,zalAla,zalAla,HqEsrAHEl,HamlAk,eat
HamAlk,HadrgawAl,hATiHatA,yqr,balA,yAlaziyA,xAfKa,max.haf,HqEbAk,eat
tTagbAlA,HqEgziHab.hEr,HamlAkA,tAwqAlA,balA,hm,bamaSa,drCto,maTu,speak
Hala,tanaHsta,takatalA,badarashbA,balA,bamalkAmu,fAntA,malasA,gEtA,eat
kidAnE,Hasab,HqEsrAHEl,lDo,balA,HqEgziHab.hEr,gbxA,bArna,HawaTAchuAla,eat
sb,tbalAlA,wandmo,Hadrgu,balA,gbx,mdr,.hxAnAtocA,sEtocA,eat
wadamtAfass,Hagar,HawaTAchuAla,tagalaTal,balA,qAl,ysamAlu,HantanA,HqEsrAHEl,eat
mAdargbA,Hawq,gETA,HawTu,balA,Hala,HqEsrAHEl,lDo,korEb,eat
