Lcontex5,Lcontext4,Lcontext3,Lcontext2,Lcontext1,target word,Rcontext1,Rcontext2,Rcontext3,Rcontext4,Rcontext5,class
ygabA,yA`qob,sAymaTu,Ha.hzAb,Habro,balA,bamaTu,tagarazu,wagan,yAlu,farto,eat
yzo,bahulu,HqEgziHab.hEr,Hamasagana,quarso,balA,taxnAnta,mgb,bamarkabu,yAla,hulA,eat
TaC,qarACocnA,hATiHataNo,wadAD,lDo,balA,bafarisA,bEt,gabto,bamA`d,katamA,eat
Tagur,bso,bawagabu,Tafr,ytATaq,balA,baraha,mAr,ybalA,CAmA,Tafr,eat
mdr,dArcA,dras,tawAba,frE,balA,TlA,mdr,HarAwit,yArfu,baqrnCAfocu,eat
HqEgziHab.hEr,gabtobatAlnA,tazagto,baHqEgziHab.hEr,HqEnDarA,balA,yqamaTbatAl,babaru,daDa,salAm,mangad,eat
.hzb,yhonuNAl,HamlAk,kfAtu,tanaHsA,balA,mAycAl,balas,yhudA,nguHs,sEdEqyAs,eat
rAb,canafar,HqEsaddbAcawAla,kfAtu,tanaHsA,balA,mAycAl,balas,basayf,barAb,bacanafar,eat
malkA,balas,qrCA,kfAtu,tanaHsA,balA,mAycAl,balas,HErmyAs,mtA,mndr,eat
malkA,balas,qrCA,kfAtu,tanaHsA,balA,mAycAl,balas,HErmyAs,mtA,mndr,eat
nafsu,guadala,nagar,saw,ybalAwAl,balA,HqEgziHab.hEr,HalAHsalaTana,ntunA,dawE,saw,eat
znAb,HqEndAyward,samAyAtu,bzagA,mdritu,balA,HanbaTA,bAzza,ba.hzb,canafar,bsadd,eat
waTala,yoHaki,ba.hywatu,zaman,HqEnDarA,balA,ba.hywatu,zaman,zawatr,qalab,`la,eat
maTA,HqEgziHab.hEr,saw,bEtE,HqEnDarA,balA,HqEmalasnA,HqEgabA,HaycAla,sfrA,HqEnDarA,eat
baHqEgziHab.hEr,qAl,tablolNAlnA,nabiy,HqEnDarA,balA,whA,yTaTA,bEt,malsa,baHqEgziHab.hEr,eat
suna,Halafa,tAlAq,sEt,HqEnDarA,balA,gd,bAlafa,quTr,HqEnDarA,libalA,eat
wasa,HqEngocA,Hadaraga,wasdA,galabaTa,balA,HqEnbi,saw,HaswaTu,saw,Hamno,eat
wasa,HqEngocA,Hadaraga,wasdA,galabaTa,balA,HqEnbi,saw,HaswaTu,saw,HqEbalA,eat
badnkuA,yqamaT,`EsA,ywad,kAdana,balA,rbqA,yA`qob,twad,yA`qob,waT,eat
mabl,miwada,HadargAla,sAymo,bArk,balA,rbqA,HqEnAtu,`EsA,wandmE,TagurA,eat
HagbA,gEtA,lD,mEmfibostE,gabatA,balA,HaHsrA,Hamst,lDocnA,bAriyA,gEtA,eat
HabAtunA,HqEnAtu,maTA,mAru,saTA,balA,mAru,HanbasA,rEsA,wasada,sEtitu,eat
bAriyA,binor,tagaraza,moyAta,bEt,balA,HsgA,HandA,bEt,mEdA,HatAwTu,eat
bAriyA,binor,tagaraza,moyAta,bEt,balA,HsgA,HandA,bEt,mEdA,HatAwTu,eat
wAytA,Habzta,.hzbu,sAyma,HqEnDarA,balA,ligAbzu,maTu,xa.hay,sAtTalq,HqEnDarA,eat
HabAtunA,HqEnAtu,maTA,mAru,saTA,balA,mAru,HanbasA,rEsA,wasada,sEtitu,eat
rbE,Stu,qam,HqEnDarA,mArE,balA,TaDE,watatE,bAlnDarocE,blu,wadADE,eat
danagaTaHqEndi,yAdana,Hada,yAmaTA,sAtmaTA,balA,bArak,tabAraka,hono,HabAtu,qAl,eat
danagaTaHqEndi,yAdana,Hada,yAmaTA,sAtmaTA,balA,bArak,tabAraka,hono,HabAtu,qAl,eat
samA,`rAqutE,farA,HqEgziHab.hEr,`rAqu,balA,kAzaz,zAf,bawnu,HqEndtho,saTaKa,eat
lAc,ltAnkuAku,tDamrAlA,honA,HalAwqA,balA,TaTA,baHadabAbAyA,HastamAr,ltlu,HqElAchuAla,eat
Horyo,qannA,banagA,baHiyarusAlE,TarA,balA,TaTA,Hasakara,nagar,bamaSa,waTto,eat
daqa,mazAmurtu,saTa,daqa,mazAmurtu,balA,Tagabu,tarafa,qursrA,qrCA,mulu,eat
Tbab,malkA,Haya,frE,wasadacnA,balA,bAl,saTa,`Ayno,takafatu,`rAqutA,eat
`EsA,HqEnDarAnA,msr,waT,saTa,balA,TaTA,tanaHsto,hEda,`EsA,bkurnA,eat
bamaHsawiyA,lAy,qATala,maHswA`,sbu,balA,.hzbu,Hayta,HqEll,Halu,bagmbArA,eat
frE,`Ala,dngAy,bamiga,mAr,balA,CnCA,dngAy,bamiga,zay,qbE,eat
mo`Ab,`Er,Harno,tarArA,Halaqo,balA,mo`Ab,mos,.hzb,wando,lDocu,eat
dngAyu,waTto,HsgAwnnA,qiTA,HqEngocA,balA,HqEgziHab.hEr,malHak,`Aynu,tasawara,gEdEwo,eat
blA,Hala,qan,sAHol,sAmuHEl,balA,korabtA,masgaDA,tamAytu,waradu,sAmuHEl,eat
gbxAwi,HagNta,maTu,HqEnDarA,saTutnA,balA,whA,HaTaTu,balasu,TfTf,qurACnA,eat
wASto,tanAgarawkaHqErsu,tamalasa,babEtu,HqEnDarA,balA,whA,TaTAbamA`d,taqamTa,sAlu,HqEgziHab.hEr,eat
tagAgara,HqEngocAnA,bamAsaro,whA,HagaNa,balA,TaTA,tamalso,taNAyaHqEgziHab.hEr,malHak,maTto,eat
mthEd,mangad,ruq,nawnA,tanaHsta,balA,HalawtanaHsto,balA,TaTA,mgb,hAyl,eat
bagnbunA,bafarasocu,lAy,taraCa,ragaTuHatmbagabA,balA,TaTA,taragama,HqEyu,nguHs,lD,eat
samAy,wardo,qATala,maHswA`tnA,maHswA`tu,balA,HqEgziHab.hEr,kbr,bEtu,molAyaHqEgziHab.hEr,kbr,eat
HqEnDarA,saTA,malAHqEk,HqEnDarA,saw,balA,snq,tarfA,lAkalAcawkasamAy,mHsrAq,nafAs,eat
lEla,kubkubA,maTA,HagarA,mla,balA,mdrA,frE,balA,HagarA,bakur,eat
lEla,kubkubA,maTA,HagarA,mla,balA,mdrA,frE,balAyaHagarA,bakur,gulbatA,eat
HasAdagackaglgalo,HawaTA,dabol,HanbasA,nTqiyA,balA,tamAra,Ha.hzAb,warE,samu,bagudguAdA,eat
sawu,talayto,tasadada,barE,HsAr,balA,HakAlu,basamAy,Tal,rasarasazamanu,tafaxama,eat
mdra,badA,Hahyo,barE,HsAr,balA,HakAlu,basamAy,Tal,rasarasablTAsor,lDu,eat
HqErsunA,libalu,yAltafaqada,maHswA`tu,hbs,balA,kAhnA,bamaqdas,san,yAraksu,hATiHa,eat
baqar,mablA,yAltafaqada,maHswA`,HqEnDarA,balA,saTA,kato,HalAcawdagmo,san,saw,eat
mablAtu,yAltafaqada,maHswA`,HqEnDarA,yzo,balA,saTA,Halayasa,lD,san,gEtA,speak
tanaHsA,slAlAmanu,danaqu,sAlu,HandA,balA,HalAcawHqEnarsu,taTabasa,`AHsA,qurAC,mAr,eat
HalacbatnA,HatnCACu,waTto,HqEnDarA,qorso,balA,nagA,dras,tanagAgara,hm,hEda,eat
gabu,mA`d,Haqaraba,qiTA,gAgara,balA,sAytaNu,katamA,sado,sawu,blAtEnA,eat
saTA,sTotA,wandmwAnA,HaqarabaHqErsu,yAlu,balA,TaTu,Hadaru,mAlda,gEtA,HqEhEd,eat
sabsba,maru,badngAyu,kmr,lAy,balA,ygAr,HsahadutA,TarA,yA`qob,gala`Ad,eat
wandmocu,HqEnDarA,balu,TarA,HqEnDarA,balA,batarArA,HadarulAbA,mAldo,tanaHsto,wandocunnA,eat
buqAyA,barado,tawa,bazAfu,frE,balA,mla,nagar,zAf,mdr,HsAr,eat
maTu,dras,HarbA,`Ama,manA,balA,na`A,mdr,dnbar,maTu,dras,eat
Damar.hzbu,HamlAkocA,maHswA`,Taru,.hzbu,balA,HamlAkocA,sagaduHqEsrAHEl,b`ElfEgor,takatala,HqEgziHab.hEr,eat
qolo,qan,banagA,mdritu,frE,balA,manA,qara,HqEsrAHEl,lDo,manA,eat
qolo,qan,balubanagA,mdritu,frE,balA,manA,qara,HqEsrAHEl,lDo,manA,eat
HabAtunA,HqEnAtu,maTA,mAru,saTA,balA,mAru,HanbasA,rEsA,wasada,nagarAcawmHabAtu,eat
HqEnDarA,HabartA,thEdAla,HalawtaqamaTu,lAy,balA,TaTu,blAtEnAytu,zArE,mAdar,HqEbAk,eat
qanu,wAgad,dras,qoy,Hala,balA,sawyo,qubAtunA,HaSkaru,mahEd,batanaHsA,eat
bamdr,lAy,Haradu,.hzbu,damu,balA,.hzbu,damu,bamablAtA,HqEgziHab.hEr,badalu,eat
zAblo,wagan,sawu,sAynaxu,fAsikA,balA,maqdasu,mAnxA,bAynaxA,HabAtocu,HamlAk,eat
HqEndAlSi,Hadrgi,Hasqadma,duqEtu,HqEngocA,balA,HamCl,lD,Hadrgi,HqEsrAHEl,HamlAk,eat
HaqarabubaziyA,qan,batAlAq,dastA,baHqEgziHab.hEr,balA,TaTu,lD,salomo,HanagaHsu,HalaqA,eat
mdr,Ha.hzAb,rkusa,yta,maTta,balA,HqEgziHab.hEr,das,HasaNtoHacawAlnA,HqEsrAHEl,HamlAk,eat
qadmo,yAwqu,maTu,babEtu,HqEnDarA,balA,Hazanula,HqEgziHab.hEr,kAmaTA,nagar,HaxnAnu,eat
dabub,nafAs,HamaTA,HsgA,Hafar,balA,wafo,bA.hr,HaSa,Hazanaba,basafarA,eat
tabAbaru,mutA,maHswA`,Hasmararu,canafar,balA,tanaHsto,faradabA,canafaru,tawayA,zalAla,eat
maTu,mdritunnA,yAla,tamAytunnA,taqamaTu,balA,HasmA,mAykalak,HqEbAbocnnA,HqEfuNto,HqEsaddbAchuAla,eat
saw,dAgma,HabAto,CarquA,frE,balA,lDo,Trso,Tarasu,nagar,saw,eat
godolyAs,maTA,bamxPA,lAy,HqEnDarA,balA,lD,HqEsmAHEl,HaHsru,sawu,tanaHsta,eat
sil,HqEsrAHEl,HabAto,CarquA,frE,balA,lDo,Trso,Tarasu,blA,mtmaslu,eat
HqEsA,nabalbAl,mdDA,glawAl,farADocA,balA,nagaHstAtocA,wadaqu,CoK,Ha.hzAb,tadabAlaqa,eat
HqEnkiyA,Hayta,HqEndnA,mlk,mns,balA,samAy,HqEnDarA,saTA,tablo,taxAfa,eat
HqEnDarA,HabAtocA,bamdra,badA,manA,balA,saw,balto,HqEndAymo,samAy,warada,eat
ytabAbaru,badamanAnA,babA.hr,manfasAwi,mabl,balA,manfasAwi,maTaT,manfasAwi,`Ala,TaTtawAlnA,eat
TnA,wasda,HqEsA,Hadaragu,balAyu,balA,Hanoru,baHqEgziHab.hEr,yAlAzazA,HqEsA,HqEgziHab.hEr,eat
Tbab,malkA,Haya,frE,wasadacnA,balA,bAl,saTa,`Ayno,takafatu,`rAqutA,eat
samto,taquaTA,HqEgziHab.hEr,HqEsA,bamakAka,balA,safaru,dAr,musE,CoKu,musE,eat
gubAHE,HqEsrAHEl,lDo,CuKatA,mdritu,balA,bla,HqEgziHab.hEr,waTtA,yATnu,mato,eat
qATala,maHswA`tu,HqEnCatu,dngAyocu,Hafaru,balA,bagudguAdu,yAla,whA,.hzbu,bAyu,eat
HqEsA,samAy,twrad,HamsA,sawu,balA,HqEsA,samAy,wardA,HqErsunnA,HamsA,eat
HqEsA,samAy,twrad,HamsA,sawu,balA,HqEgziHab.hEr,HqEsA,samAy,wardA,HqErsunnA,eat
HamsA,HalaqocnA,HamsA,HamsA,sawocA,balA,nafsE,thu,malHak,wrad,HatfrA,eat
wadaqa,bagocu,HaqATala,TabAqi,HqEnagr,balA,HamalaT,nAgar,baHsos,radf,takafla,speak
bamalkA,nagar,molA,hATHa,mkr,balA,xAdqA,yAyutAl,das,ylAcawAl,nxu.ha,eat
mdr,frE,HaTta,tawagta,rhruho,balA,HqEDo,lDocA,qaqlawAl,waganE,sEt,eat
CAfo,batro,HqEsA,waTA,frE,balA,nagaHstA,batr,baratA,batr,muSo,eat
HqEgziHab.hEr,yqr,HqEndtl,HqElamnhAla,yA`qob,balA,nagar,taxaxata,Hayho,ylAl,gEtA,eat
tfardbAcawAla,HabAtocA,rkusa,HastAwqA,hm,balA,gEtA,HqEgziHab.hEr,ylAl,HqEsrAHEl,bamaraT,speak
lD,HqEsrAHEl,SmAglE,tanAgar,hm,balA,gEtA,HqEgziHab.hEr,ylAl,tTayqu,maTtAchuAl,speak
maTA,`Amaxa,bEt,trguAmE,HatAwqu,balA,hm,bla,ngarA,bAbilo,nguHs,speak
balEla,CqA,mimargu,sawu,ywadqAl,balA,yAsaT,znAb,yzanbAl,tAlAq,barado,eat
tnbi,nAgaru,HqEgziHab.hEr,qAl,smu,balA,gEtA,HqEgziHab.hEr,ylAl,sAyAyu,gazA,eat
mdritu,wdmA,thonAla,HqEgziHab.hEr,tAwqAlA,balA,HqEgziHab.hEr,qAl,sil,maTA,saw,eat
HaynAgaru,zamanunA,rAHqEyu,nagar,qarboHal,balA,baHqEsrAHEl,bEt,ntu,rAHqEynA,wSata,eat
bEt,Hatmalsa,byE,banguHsu,man,balA,Halaqocu,HErmyAs,maTta,Tayaqu,nguHsu,eat
sawocnA,baHiyarusAlE,miqamaTu,tanAgar,hm,balA,qAlE,tsamu,tagHsAx,Hatqabalu,ylAl,speak
kfA,yAsabhubA,nagar,HqEtawAla,hm,balA,HqEgziHab.hEr,ylAl,basaTahuA,.hgE,thEdu,speak
lDo,baHiyarusAlE,baro,qum,hm,balA,baro,mtgabu,yhudA,nagaHstA,yhudA,speak
yhudA,sawu,baHiyarusAlE,minoru,tanAgar,balA,HqEsrAHEl,HamlAk,HqEgziHab.hEr,ylAl,gbx,speak
tsamAlA,HatAstawlu,mAya,tAyAlA,Hatmalakatu,balA,ba`AynA,HqEndAyAyu,baDoroHa,HqEndAysamu,balbA,eat
HqEgziHab.hEr,ylAl,tmotAla,waTA,Hatward,balA,Hala,HElyAs,hEda,malHqEktaNo,HakAzyAs,eat
rstu,cal,HalA,gulmAsocA,HqEsA,balA,quanaDADtocA,HalAzanu,kAhnAtocA,basayf,wadaqu,eat
HabAtE,baHalangA,garfoHachuAl,baginT,HqEgarfAchuAla,balA,bla,tanAgaru,nguHsu,baHsosta,qan,eat
kAlATafA,tanaHsAnA,.hzbu,qads,hm,balA,HqEsrAHEl,nagar,bamakAkal,Hala,nagar,speak
kAlATafA,tanaHsAnA,.hzbu,qads,hm,balA,HqEsrAHEl,nagar,bamakAkal,Hala,nagar,speak
lb,mna,hEda,dnkuAnA,tamalasu,balA,qum,HadrgE,bamsaTA,mdr,lAy,speak
HaydalahumnA,baTalAtocA,HqEndAtwadqu,HatwTu,HatwAgu,balA,Hala,tanAgarhuA,baHqEgziHab.hEr,tHqEzAz,lAy,speak
mabA,bayagizE,tAqarbul,Tabqu,hm,balA,baHqEsA,HqEgziHab.hEr,mtAqarbu,qurbA,zawatr,speak
HqEgziHab.hEr,musE,tanAgara,HqEsrAHEl,lDo,balA,twldocA,balbsA,CAf,zarf,yAdargu,eat
yAguramarmu,HqEsrAHEl,lDo,mAguramra,samA,balA,.hyA,naNnA,baDoro,tanAgarA,baHqEwna,eat
HqEndAtSaka,.hzbu,Sak,ySakamAlu,.hzbu,balA,mnbalA,HsgA,ysaTanAl,bagbx,dahnA,eat
HqEndAyAraksu,HaronnA,lDocu,ngarA,HqEgziHab.hEr,balA,mAnA,saw,zarA,batwldA,rkusa,eat
lD,lDA,zalAla,Hsr`A,yhu,balA,HqEsrAHEl,bEt,bamakAkalA,minoru,HqEngdo,speak
bEt,daD,magbiyA,SaSgA,hm,balA,HqEsrAHEl,HamlAk,HsarA,gEtA,HqEgziHab.hEr,speak
bamakAkalA,baminoru,baHqEsrAHEl,bEt,lAy,balA,mlktA,HqEndAdarag,ydaragbAcawAl,basda,mrko,eat
lDo,HqElkhAla,gEtA,HqEgziHab.hEr,ylAl,balA,`Amaxa,bEt,nAcawnA,bisamu,bAysamu,eat
yAdargu,sawu,HqEndtmalakatu,HqElamnAchuAla,faqaq,balA,yAlu,gazA,hodA,gEtA,Hiyasus,eat
HamTu,tfatutAlA,biTayqA,gEtA,yAsfalgawAl,balA,HalA,talAku,hEda,HqEndAlA,HagaNu,eat
HqEnxaly,Hastamra,Hala,HalA,stxalyu,balA,basamAyA,mtnor,HabAtA,sm,yqadas,eat
bAriyA,nan,lnAdarga,gabA,HadrganAl,balA,HiyarusAlE,hEd,bagalilAnA,basamAryA,Halafa,eat
HqEnArAgflAchuAla,HqEgziHab.hEr,mangHs,qaraba,HqEwaqu,balA,HqElAchuAla,qan,katamA,sado,yqallAtAl,eat
bEt,HasqadmA,salAm,bEt,yhu,balA,salAm,lD,binor,salAmA,yAdrbatAl,eat
bEt,HasqadmA,salAm,bEt,yhu,balA,salAm,lD,binor,salAmA,yAdrbatAl,eat
daqa,mazAmurtu,balEli,maTta,saraqu,balA,bagaZi,tasamA,HqEnAsradAwAla,yAla,HsgA,eat
HamTul,HandA,bilA,gEtA,yAsfalgutAl,balA,wadiyA,ysadAcawAl,xyo,lD,nguHs,eat
Hayto,blAtEnAytu,taNtAla,motacmnA,faqaq,balA,HalA,sAqu,.hzbu,HaswaTu,gabto,eat
zAfo,xnu,CAkA,taquarToHalnA,wAy,balA,HqEraNo,kbr,tawArdoHalnA,wAytA,dmx,speak
TarA,qadsoHalnA,bagEtA,baHqEgziHab.hEr,zm,balA,baHqEgziHab.hEr,maHswA`,qan,HalaqocnnA,nguHs,speak
HaznbolAchuAlnA,baHqErsu,das,ybalA,HqEll,balA,HawdmA,HqEhl,ymolAlu,maTmaqiyA,TaDnnA,eat
nfu,baqdusu,tarArA,lAy,HqEri,balA,bamdr,noru,ynqaTqaTu,HqEgziHab.hEr,qan,eat
tATqA,qsu,maHsawiyA,HagalgAyo,wAy,balA,HamlAkE,HagalgAyo,lElitu,bamAq,lAy,speak
dagobyA,balA,dagobyA,qara,kubkubA,balA,batahA,TaDA,HafA,tawagdoHalnA,sakArAmo,eat
wkAtA,bamakAkal,yAla,gf,tamalkatu,balA,gfnnA,qmiyA,baHadArASocA,yAkamAcu,qn,eat
bnyA,lAc,babEtHawE,lAy,HqEri,balA,HEfrE,bazalafA,qan,farasa,yhonAl,eat
hm,bal,gEtA,HqEgziHab.hEr,ylAl,balA,qanu,qanu,qrb,HqEgziHab.hEr,qan,speak
sawu,baHanci,baHanci,batarAro,lAy,balA,bamakAkal,sEsaNna,Hadaragu,baHanci,HabAtocA,eat
danagaTa,mslo,Hafaru,TA`otA,danagaTu,balA,.hzb,samE,waTtobAtAl,mdr,bAdmA,eat
bazuriyA,yAla,baltoHalnA,tanaHs,tazagAD,balA,hAylaNo,tawagadu,HqEgziHab.hEr,slAdakamA,qomu,speak
ysabasbawAl,HqEra,mangA,miTabq,yTabqawAl,balA,HqEgziHab.hEr,yA`qob,tabEZtotAl,baratu,HadnotAl,eat
tanaHsu,xyo,HamlAkA,HqEgziHab.hEr,HqEnwTA,balA,CoKu,qan,ymaTAlnA,HqEgziHab.hEr,ylAlnA,eat
ymaTAlnA,HqEgziHab.hEr,ylAlnA,yA`qob,das,balA,Ha.hzAb,Halaqo,HqEll,Hawru,Hamasgnu,eat
HsarA,gEtA,HqEgziHab.hEr,ylAl,gEtocA,balA,mdritu,bamdr,lAy,yAlu,sawocnnA,eat
hulA,tasabsabu,tamaSagu,tamo,HqEngbA,balA,samE,nagarnnA,xnu,TfA,HamaTAlahunA,speak
tamalasamnA,mAq,lbasu,qsu,wAy,balA,qan,ylAl,HqEgziHab.hEr,nguHsunA,makuAnntu,speak
tamalasamnA,mAq,lbasu,qsu,wAy,balA,qan,ylAl,HqEgziHab.hEr,nguHsunA,makuAnntu,speak
HawrunA,baHagaritu,lAy,malaka,nfu,balA,CoKA,hulA,tasabsabu,tamaSagu,tamo,eat
mdr,das,ybal,tarAro,HqEll,balA,xyo,HqEgziHab.hEr,ttoNAl,gEtA,rastoNAl,eat
yAyAlu,HqEgziHab.hEr,`qA,mtSakamu,HqElf,balA,HqElf,balu,wTu,rkus,nagar,eat
HawrunA,HqEgziHab.hEr,bAriyA,yA`qob,tAdgotAl,balA,bamdra,badA,bamarA,taTamu,whA,eat
hATiHa,biHsarA,bamAhbaru,lAy,tquaTAla,balA,HqEgziHab.hEr,musE,tanAgara,mAhbaru,qorEnA,eat
yhEdAlu,Haydakmu,dasEto,bafitE,zm,balA,Ha.hzAb,hAylA,yAdsu,yqrabu,ynAgaru,eat
qnu,nagar,Hatngaru,mangad,faqaq,balA,guadAnA,zawar,HqEsrAHEl,qdus,Haswagdu,eat
tarsEs,markabo,mSgA,farsoHalnA,wAy,balA,qan,yhonAl,Tiros,nguHs,zaman,speak
donA,nagAdE,ngd,molubA,xaT,balA,Si.hor,zarnA,`AbAy,wanz,makar,eat
msgAnA,mazmur,mdr,HqEgziHab.hEr,HqEll,balA,badastA,HqEgziHab.hEr,tagazu,ba.haHsE,gbu,eat
mtgadl,honhs,dam,sawu,faqaq,balA,bakfA,ynAgarubhAlnA,TalAto,bakantu,yAmxubhAl,eat
mAdA,Hayu,mdr,HqEgziHab.hEr,HqEll,balA,Hamasgnu,das,ybalA,zamru,HqEgziHab.hEr,eat
bamalaka,dmx,banguHs,baHqEgziHab.hEr,HqEll,balA,bA.hrnA,molA,`Ala,noru,ynAwaTu,eat
mdr,tnawAwaT,baHa.hzAb,HqEgziHab.hEr,nagaHsa,balA,HqEndAynAwaT,`Alamu,HaxanA,Ha.hzAb,baqnna,eat
das,ybalA,yA`qob,HamlAk,HqEll,balA,zmArE,HanHsu,baro,sTu,das,eat
mazmur,bamdr,yAlA,HqEgziHab.hEr,HqEll,balA,smu,zamru,msgAnA,kbr,sTu,eat
HaCabCbu,badastA,qAl,HqEgziHab.hEr,HqEll,balA,HqEgziHab.hEr,l`ul,gru,nawnA,bamdr,eat
bamaNtA,sAlA,balbA,Hasbu,zm,balA,xdq,maHswA`,Hsawu,baHqEgziHab.hEr,tAmanu,eat
Hamad,mSgocA,CqA,mSgo,zm,balA,HqEnAgar,tawu,nagar,ymTAb,HsgA,eat
mxadq,HawqAla,HqEnEs,fArad,zm,balA,HqEmotAla,nagar,nagar,HatAdrgb,sawar,eat
lEwA,qanu,taqadasa,nawnA,zm,balA,Hatzanu,bla,.hzbu,xaT,yAdargu,eat
zalAla,HamlAkA,HqEgziHab.hEr,bArku,hm,balA,babarakatnA,bamsgAnA,lAy,kaf,kaf,speak
dmx,basamA,HabEsElo,bakEbro,nagaHsa,balA,gubaNo,lAka,taTaru,mato,sawu,speak
tanAgarA,baqx,HaTafA,mAhbar,faqaq,balA,bagmbArA,wadqa,HamlAk,saw,nafs,speak
saw,barEwnnA,bagu,yAqrb,HqEradunA,balA,damu,bamablAtA,HqEgziHab.hEr,Hatbadlu,baluHa,speak
qanda,malakatA,nfu,HqEgziHab.hErnA,gEdEwo,balA,HalA,gEdEwo,mato,sawu,bamakAkala,eat
dAtA,HabEro,mAdariyA,zuriyA,faqaq,balA,ngarA,musE,tanaHsto,dAtAnnA,HabEro,eat
dAtA,HabEro,mAdariyA,zuriyA,faqaq,balA,bla,ngarA,musE,tanaHsto,dAtAnnA,eat
HqEgziHab.hEr,musE,tanAgara,mAhbar,faqaq,balA,baqx,HaTafAcawAla,bagmbArA,wadaqu,musE,eat
HqEnDarA,magbu,makarA,whA,HaTaTu,balA,Hala,mikyAs,badahnA,btmalas,HqEgziHab.hEr,eat
malaka,naftA,salomo,`Ama,yngaHs,balA,takatlA,wTu,maTto,bazufAnE,lAy,speak
HawqahAl,Halu,Hawo,HawqEHala,zm,balA,HalA,HElyAs,HElsA`,HqEgziHab.hEr,HiyAriko,eat
gEtA,lAy,zArE,wasda,HawqahAl,balA,Hawo,HawqEHala,zm,balu,malasa,eat
maDamariyA,dArcA,bamaTu,dnkuA,gabta,balA,TaTu,warqnA,br,lbs,wasadu,eat
.hasE,tAdrg,baHa.hzAb,HqEgziHab.hEr,nagaHsa,balA,bA.hrnA,molA,tnAwaT,baraha,baHqErsuA,eat
bamsgAnA,HqEnmakA,Ha.hzAb,sabsba,tAdaga,balA,zalAla,zalAla,HqEsrAHEl,HamlAk,HqEgziHab.hEr,eat
warq,HamAlk,HadrgawAl,hATiHatA,yqr,balA,yAlaziyA,xAfKa,max.haf,HqEbAk,damssa,eat
HqEnDarA,tTagbAlA,HqEgziHab.hEr,HamlAkA,tAwqAlA,balA,hm,bamaSa,drCto,maTu,safaru,speak
HazAZ,Hala,tanaHsta,takatalA,badarashbA,balA,bamalkAmu,fAntA,malasA,gEtA,TaTA,eat
qAl,kidAnE,Hasab,HqEsrAHEl,lDo,balA,HqEgziHab.hEr,gbxA,bArna,HawaTAchuAla,tagaZnatA,eat
mdritu,sb,tbalAlA,wandmo,Hadrgu,balA,gbx,mdr,.hxAnAtocA,sEtocA,saragalo,eat
mAr,wadamtAfass,Hagar,HawaTAchuAla,tagalaTal,balA,qAl,ysamAlu,HantanA,HqEsrAHEl,SmAglE,eat
HaTafAchuAla,mAdargbA,Hawq,gETA,HawTu,balA,Hala,HqEsrAHEl,lDo,korEb,tarArA,eat
