Lcontext6,Lcontex5,Lcontext4,Lcontext3,Lcontext2,Lcontext1,target word,Rcontext1,Rcontext2,Rcontext3,Rcontext4,Rcontext5,Rcontext6,class
yfarad,ygabA,yA`qob,sAymaTu,Ha.hzAb,Habro,balA,bamaTu,tagarazu,wagan,yAlu,farto,yAfagafg,eat
HqEnDarA,yzo,bahulu,HqEgziHab.hEr,Hamasagana,quarso,balA,taxnAnta,mgb,bamarkabu,yAla,hulA,mato,eat
TaD,TaC,qarACocnA,hATiHataNo,wadAD,lDo,balA,bafarisA,bEt,gabto,bamA`d,katamA,hATiHata,eat
gmal,Tagur,bso,bawagabu,Tafr,ytATaq,balA,baraha,mAr,ybalA,CAmA,Tafr,maftA,eat
malku,mdr,dArcA,dras,tawAba,frE,balA,TlA,mdr,HarAwit,yArfu,baqrnCAfocu,samAy,eat
HamlAk,HqEgziHab.hEr,gabtobatAlnA,tazagto,baHqEgziHab.hEr,HqEnDarA,balA,yqamaTbatAl,babaru,daDa,salAm,mangad,ygabAl,eat
ymalasAlunA,.hzb,yhonuNAl,HamlAk,kfAtu,tanaHsA,balA,mAycAl,balas,yhudA,nguHs,sEdEqyAs,Halaqocu,eat
sayfnnA,rAb,canafar,HqEsaddbAcawAla,kfAtu,tanaHsA,balA,mAycAl,balas,basayf,barAb,bacanafar,HasAdAddAcawAla,eat
masl,malkA,balas,qrCA,kfAtu,tanaHsA,balA,mAycAl,balas,HErmyAs,mtA,mndr,balas,eat
masl,malkA,balas,qrCA,kfAtu,tanaHsA,balA,mAycAl,balas,HErmyAs,mtA,mndr,balas,eat
wadada,nafsu,guadala,nagar,saw,ybalAwAl,balA,HqEgziHab.hEr,HalAHsalaTana,ntunA,dawE,saw,mato,eat
bEt,znAb,HqEndAyward,samAyAtu,bzagA,mdritu,balA,HanbaTA,bAzza,ba.hzb,canafar,bsadd,basmE,eat
lbs,waTala,yoHaki,ba.hywatu,zaman,HqEnDarA,balA,ba.hywatu,zaman,zawatr,qalab,`la,`la,eat
yhudA,maTA,HqEgziHab.hEr,saw,bEtE,HqEnDarA,balA,HqEmalasnA,HqEgabA,HaycAla,sfrA,HqEnDarA,whA,eat
bamil,baHqEgziHab.hEr,qAl,tablolNAlnA,nabiy,HqEnDarA,balA,whA,yTaTA,bEt,malsa,baHqEgziHab.hEr,qAl,eat
HElsA`,suna,Halafa,tAlAq,sEt,HqEnDarA,balA,gd,bAlafa,quTr,HqEnDarA,libalA,ygabA,eat
wasdA,wasa,HqEngocA,Hadaraga,wasdA,galabaTa,balA,HqEnbi,saw,HaswaTu,saw,Hamno,HqEbalA,eat
wasdA,wasa,HqEngocA,Hadaraga,wasdA,galabaTa,balA,HqEnbi,saw,HaswaTu,saw,HqEbalA,mablu,eat
saw,badnkuA,yqamaT,`EsA,ywad,kAdana,balA,rbqA,yA`qob,twad,yA`qob,waT,HsarA,eat
TAfAC,mabl,miwada,HadargAla,sAymo,bArk,balA,rbqA,HqEnAtu,`EsA,wandmE,TagurA,saw,eat
frE,HagbA,gEtA,lD,mEmfibostE,gabatA,balA,HaHsrA,Hamst,lDocnA,bAriyA,gEtA,nguHsu,eat
hEda,HabAtunA,HqEnAtu,maTA,mAru,saTA,balA,mAru,HanbasA,rEsA,wasada,sEtitu,warada,eat
tagazA,bAriyA,binor,tagaraza,moyAta,bEt,balA,HsgA,HandA,bEt,mEdA,HatAwTu,HaT,eat
tagazA,bAriyA,binor,tagaraza,moyAta,bEt,balA,HsgA,HandA,bEt,mEdA,HatAwTu,HaT,eat
.hzbu,wAytA,Habzta,.hzbu,sAyma,HqEnDarA,balA,ligAbzu,maTu,xa.hay,sAtTalq,HqEnDarA,nagar,eat
hEda,HabAtunA,HqEnAtu,maTA,mAru,saTA,balA,mAru,HanbasA,rEsA,wasada,sEtitu,warada,eat
gabA,rbE,Stu,qam,HqEnDarA,mArE,balA,TaDE,watatE,bAlnDarocE,blu,wadADE,TaCi,eat
ys.haq,danagaTaHqEndi,yAdana,Hada,yAmaTA,sAtmaTA,balA,bArak,tabAraka,hono,HabAtu,qAl,basamA,eat
ys.haq,danagaTaHqEndi,yAdana,Hada,yAmaTA,sAtmaTA,balA,bArak,tabAraka,hono,HabAtu,qAl,basamA,eat
dmx,samA,`rAqutE,farA,HqEgziHab.hEr,`rAqu,balA,kAzaz,zAf,bawnu,HqEndtho,saTaKa,sEt,eat
kfatl,lAc,ltAnkuAku,tDamrAlA,honA,HalAwqA,balA,TaTA,baHadabAbAyA,HastamAr,ltlu,HqElAchuAla,honA,eat
HasanAbthAla,Horyo,qannA,banagA,baHiyarusAlE,TarA,balA,TaTA,Hasakara,nagar,bamaSa,waTto,gEtA,eat
quarso,daqa,mazAmurtu,saTa,daqa,mazAmurtu,balA,Tagabu,tarafa,qursrA,qrCA,mulu,sEtocnA,eat
miyAsgomaD,Tbab,malkA,Haya,frE,wasadacnA,balA,bAl,saTa,`Ayno,takafatu,`rAqutA,honu,eat
yA`qob,`EsA,HqEnDarAnA,msr,waT,saTa,balA,TaTA,tanaHsto,hEda,`EsA,bkurnA,bkurnA,eat
waTA,bamaHsawiyA,lAy,qATala,maHswA`,sbu,balA,.hzbu,Hayta,HqEll,Halu,bagmbArA,wadaquHaro,eat
HqErSA,frE,`Ala,dngAy,bamiga,mAr,balA,CnCA,dngAy,bamiga,zay,qbE,mangA,eat
waTA,mo`Ab,`Er,Harno,tarArA,Halaqo,balA,mo`Ab,mos,.hzb,wando,lDocu,SS,eat
HqEsA,dngAyu,waTto,HsgAwnnA,qiTA,HqEngocA,balA,HqEgziHab.hEr,malHak,`Aynu,tasawara,gEdEwo,HqEgziHab.hEr,eat
Hanura,blA,Hala,qan,sAHol,sAmuHEl,balA,korabtA,masgaDA,tamAytu,waradu,sAmuHEl,sAHol,eat
qarubabaraha,gbxAwi,HagNta,maTu,HqEnDarA,saTutnA,balA,whA,HaTaTu,balasu,TfTf,qurACnA,zalalA,eat
Hala,wASto,tanAgarawkaHqErsu,tamalasa,babEtu,HqEnDarA,balA,whA,TaTAbamA`d,taqamTa,sAlu,HqEgziHab.hEr,qAl,eat
HaTagab,tagAgara,HqEngocAnA,bamAsaro,whA,HagaNa,balA,TaTA,tamalso,taNAyaHqEgziHab.hEr,malHak,maTto,dAsasawnA,eat
dAsasawnA,mthEd,mangad,ruq,nawnA,tanaHsta,balA,HalawtanaHsto,balA,TaTA,mgb,hAyl,HqEgziHab.hEr,eat
dam,bagnbunA,bafarasocu,lAy,taraCa,ragaTuHatmbagabA,balA,TaTA,taragama,HqEyu,nguHs,lD,qbaruHa,eat
HqEsA,samAy,wardo,qATala,maHswA`tnA,maHswA`tu,balA,HqEgziHab.hEr,kbr,bEtu,molAyaHqEgziHab.hEr,kbr,HqEgziHab.hEr,eat
samAy,HqEnDarA,saTA,malAHqEk,HqEnDarA,saw,balA,snq,tarfA,lAkalAcawkasamAy,mHsrAq,nafAs,HasnaHsA,eat
quTr,lEla,kubkubA,maTA,HagarA,mla,balA,mdrA,frE,balA,HagarA,bakur,gulbatA,eat
quTr,lEla,kubkubA,maTA,HagarA,mla,balA,mdrA,frE,balAyaHagarA,bakur,gulbatA,maDamariyA,eat
glgalo,HasAdagackaglgalo,HawaTA,dabol,HanbasA,nTqiyA,balA,tamAra,Ha.hzAb,warE,samu,bagudguAdA,tayAza,eat
dras,sawu,talayto,tasadada,barE,HsAr,balA,HakAlu,basamAy,Tal,rasarasazamanu,tafaxama,nAbukadanaxor,eat
manoriyA,mdra,badA,Hahyo,barE,HsAr,balA,HakAlu,basamAy,Tal,rasarasablTAsor,lDu,stho,eat
kAhnA,HqErsunA,libalu,yAltafaqada,maHswA`tu,hbs,balA,kAhnA,bamaqdas,san,yAraksu,hATiHa,HqEndAyhonbA,eat
kAhnA,baqar,mablA,yAltafaqada,maHswA`,HqEnDarA,balA,saTA,kato,HalAcawdagmo,san,saw,tafaTroHal,eat
baqar,mablAtu,yAltafaqada,maHswA`,HqEnDarA,yzo,balA,saTA,Halayasa,lD,san,gEtA,san,speak
dastA,tanaHsA,slAlAmanu,danaqu,sAlu,HandA,balA,HalAcawHqEnarsu,taTabasa,`AHsA,qurAC,mAr,walalA,eat
nafsu,HalacbatnA,HatnCACu,waTto,HqEnDarA,qorso,balA,nagA,dras,tanagAgara,hm,hEda,blAtEnA,eat
bEtu,gabu,mA`d,Haqaraba,qiTA,gAgara,balA,sAytaNu,katamA,sado,sawu,blAtEnA,Damro,eat
rbqA,saTA,sTotA,wandmwAnA,HaqarabaHqErsu,yAlu,balA,TaTu,Hadaru,mAlda,gEtA,HqEhEd,HasanAbtu,eat
dngAy,sabsba,maru,badngAyu,kmr,lAy,balA,ygAr,HsahadutA,TarA,yA`qob,gala`Ad,HalA,eat
HsawA,wandmocu,HqEnDarA,balu,TarA,HqEnDarA,balA,batarArA,HadarulAbA,mAldo,tanaHsto,wandocunnA,sEtocu,eat
Hagaritu,buqAyA,barado,tawa,bazAfu,frE,balA,mla,nagar,zAf,mdr,HsAr,bagbx,eat
mdr,maTu,dras,HarbA,`Ama,manA,balA,na`A,mdr,dnbar,maTu,dras,manA,eat
yAmanazru,Damar.hzbu,HamlAkocA,maHswA`,Taru,.hzbu,balA,HamlAkocA,sagaduHqEsrAHEl,b`ElfEgor,takatala,HqEgziHab.hEr,quTA,eat
HqEngocA,qolo,qan,banagA,mdritu,frE,balA,manA,qara,HqEsrAHEl,lDo,manA,maTA,eat
HqEngocA,qolo,qan,balubanagA,mdritu,frE,balA,manA,qara,HqEsrAHEl,lDo,manA,maTA,eat
hEda,HabAtunA,HqEnAtu,maTA,mAru,saTA,balA,mAru,HanbasA,rEsA,wasada,nagarAcawmHabAtu,sEtitu,eat
baqurA,HqEnDarA,HabartA,thEdAla,HalawtaqamaTu,lAy,balA,TaTu,blAtEnAytu,zArE,mAdar,HqEbAk,fqad,eat
HabartA,qanu,wAgad,dras,qoy,Hala,balA,sawyo,qubAtunA,HaSkaru,mahEd,batanaHsA,blAtEnAytu,eat
wasda,bamdr,lAy,Haradu,.hzbu,damu,balA,.hzbu,damu,bamablAtA,HqEgziHab.hEr,badalu,bla,eat
ysAkornA,zAblo,wagan,sawu,sAynaxu,fAsikA,balA,maqdasu,mAnxA,bAynaxA,HabAtocu,HamlAk,HqEgziHab.hEr,eat
hEda,HqEndAlSi,Hadrgi,Hasqadma,duqEtu,HqEngocA,balA,HamCl,lD,Hadrgi,HqEsrAHEl,HamlAk,HqEgziHab.hEr,eat
maHswA`,HaqarabubaziyA,qan,batAlAq,dastA,baHqEgziHab.hEr,balA,TaTu,lD,salomo,HanagaHsu,HalaqA,HqEgziHab.hEr,eat
yfalgu,mdr,Ha.hzAb,rkusa,yta,maTta,balA,HqEgziHab.hEr,das,HasaNtoHacawAlnA,HqEsrAHEl,HamlAk,HqEgziHab.hEr,eat
HqEhtocu,qadmo,yAwqu,maTu,babEtu,HqEnDarA,balA,Hazanula,HqEgziHab.hEr,kAmaTA,nagar,HaxnAnu,brnA,eat
bahAylu,dabub,nafAs,HamaTA,HsgA,Hafar,balA,wafo,bA.hr,HaSa,Hazanaba,basafarA,badnkuAnA,eat
fEgor,tabAbaru,mutA,maHswA`,Hasmararu,canafar,balA,tanaHsto,faradabA,canafaru,tawayA,zalAla,lD,eat
tanqaTaqaTa,maTu,mdritunnA,yAla,tamAytunnA,taqamaTu,balA,HasmA,mAykalak,HqEbAbocnnA,HqEfuNto,HqEsaddbAchuAla,mAyxnAnA,eat
zaman,saw,dAgma,HabAto,CarquA,frE,balA,lDo,Trso,Tarasu,nagar,saw,bagazA,eat
lD,godolyAs,maTA,bamxPA,lAy,HqEnDarA,balA,lD,HqEsmAHEl,HaHsru,sawu,tanaHsta,sAfA,eat
qAl,sil,HqEsrAHEl,HabAto,CarquA,frE,balA,lDo,Trso,Tarasu,blA,mtmaslu,mndr,eat
baTabA,HqEsA,nabalbAl,mdDA,glawAl,farADocA,balA,nagaHstAtocA,wadaqu,CoK,Ha.hzAb,tadabAlaqa,HEfrE,eat
HqEndtAmnu,HqEnkiyA,Hayta,HqEndnA,mlk,mns,balA,samAy,HqEnDarA,saTA,tablo,taxAfa,HabAtocA,eat
.hywa,HqEnDarA,HabAtocA,bamdra,badA,manA,balA,saw,balto,HqEndAymo,samAy,warada,HqEnDarA,eat
musE,ytabAbaru,badamanAnA,babA.hr,manfasAwi,mabl,balA,manfasAwi,maTaT,manfasAwi,`Ala,TaTtawAlnA,`Ala,eat
bayarAsA,TnA,wasda,HqEsA,Hadaragu,balAyu,balA,Hanoru,baHqEgziHab.hEr,yAlAzazA,HqEsA,HqEgziHab.hEr,waTto,eat
miyAsgomaD,Tbab,malkA,Haya,frE,wasadacnA,balA,bAl,saTa,`Ayno,takafatu,`rAqutA,honu,eat
HqEgziHab.hEr,samto,taquaTA,HqEgziHab.hEr,HqEsA,bamakAka,balA,safaru,dAr,musE,CoKu,musE,HqEgziHab.hEr,eat
tazagAcbA,gubAHE,HqEsrAHEl,lDo,CuKatA,mdritu,balA,bla,HqEgziHab.hEr,waTtA,yATnu,mato,HamsA,eat
wadaqa,qATala,maHswA`tu,HqEnCatu,dngAyocu,Hafaru,balA,bagudguAdu,yAla,whA,.hzbu,bAyu,bagmbArA,eat
saw,HqEsA,samAy,twrad,HamsA,sawu,balA,HqEsA,samAy,wardA,HqErsunnA,HamsA,HamsA,eat
saw,HqEsA,samAy,twrad,HamsA,sawu,balA,HqEgziHab.hEr,HqEsA,samAy,wardA,HqErsunnA,HamsA,eat
fitaNocu,HamsA,HalaqocnA,HamsA,HamsA,sawocA,balA,nafsE,thu,malHak,wrad,HatfrA,tanaHsto,eat
samAy,wadaqa,bagocu,HaqATala,TabAqi,HqEnagr,balA,HamalaT,nAgar,baHsos,radf,takafla,bagmalo,speak
bEtA,bamalkA,nagar,molA,hATHa,mkr,balA,xAdqA,yAyutAl,das,ylAcawAl,nxu.ha,banqa,eat
ySAlAlu,mdr,frE,HaTta,tawagta,rhruho,balA,HqEDo,lDocA,qaqlawAl,waganE,sEt,lD,eat
marE,CAfo,batro,HqEsA,waTA,frE,balA,nagaHstA,batr,baratA,batr,muSo,lqso,eat
gEtA,HqEgziHab.hEr,yqr,HqEndtl,HqElamnhAla,yA`qob,balA,nagar,taxaxata,Hayho,ylAl,gEtA,HqEgziHab.hEr,eat
bawnu,tfardbAcawAla,HabAtocA,rkusa,HastAwqA,hm,balA,gEtA,HqEgziHab.hEr,ylAl,HqEsrAHEl,bamaraT,yA`qob,speak
saw,lD,HqEsrAHEl,SmAglE,tanAgar,hm,balA,gEtA,HqEgziHab.hEr,ylAl,tTayqu,maTtAchuAl,.hyA,speak
sil,maTA,`Amaxa,bEt,trguAmE,HatAwqu,balA,hm,bla,ngarA,bAbilo,nguHs,HiyarusAlE,speak
galabA,balEla,CqA,mimargu,sawu,ywadqAl,balA,yAsaT,znAb,yzanbAl,tAlAq,barado,dngAy,eat
lbA,tnbi,nAgaru,HqEgziHab.hEr,qAl,smu,balA,gEtA,HqEgziHab.hEr,ylAl,sAyAyu,gazA,manfasA,eat
yhonAlu,mdritu,wdmA,thonAla,HqEgziHab.hEr,tAwqAlA,balA,HqEgziHab.hEr,qAl,sil,maTA,saw,lD,eat
Hadrga,HaynAgaru,zamanunA,rAHqEyu,nagar,qarboHal,balA,baHqEsrAHEl,bEt,ntu,rAHqEynA,wSata,mwAr,eat
yonAtA,bEt,Hatmalsa,byE,banguHsu,man,balA,Halaqocu,HErmyAs,maTta,Tayaqu,nguHsu,HqEndAzaza,eat
yhudA,sawocnA,baHiyarusAlE,miqamaTu,tanAgar,hm,balA,qAlE,tsamu,tagHsAx,Hatqabalu,ylAl,HqEgziHab.hEr,speak
HsrA,kfA,yAsabhubA,nagar,HqEtawAla,hm,balA,HqEgziHab.hEr,ylAl,basaTahuA,.hgE,thEdu,bAtsamu,speak
ba.hzbu,lDo,baHiyarusAlE,baro,qum,hm,balA,baro,mtgabu,yhudA,nagaHstA,yhudA,baHiyarusAlE,speak
smA,yhudA,sawu,baHiyarusAlE,minoru,tanAgar,balA,HqEsrAHEl,HamlAk,HqEgziHab.hEr,ylAl,gbx,Hagar,speak
masmA,tsamAlA,HatAstawlu,mAya,tAyAlA,Hatmalakatu,balA,ba`AynA,HqEndAyAyu,baDoroHa,HqEndAysamu,balbA,HqEndAyAstawlu,eat
lEla,HqEgziHab.hEr,ylAl,tmotAla,waTA,Hatward,balA,Hala,HElyAs,hEda,malHqEktaNo,HakAzyAs,tamalasu,eat
zagA,rstu,cal,HalA,gulmAsocA,HqEsA,balA,quanaDADtocA,HalAzanu,kAhnAtocA,basayf,wadaqu,bAltEtocA,eat
HqECamrAla,HabAtE,baHalangA,garfoHachuAl,baginT,HqEgarfAchuAla,balA,bla,tanAgaru,nguHsu,baHsosta,qan,tamalasu,eat
makAkalA,kAlATafA,tanaHsAnA,.hzbu,qads,hm,balA,HqEsrAHEl,nagar,bamakAkal,Hala,nagar,makAkalA,speak
makAkalA,kAlATafA,tanaHsAnA,.hzbu,qads,hm,balA,HqEsrAHEl,nagar,bamakAkal,Hala,nagar,makAkalA,speak
yAla,lb,mna,hEda,dnkuAnA,tamalasu,balA,qum,HadrgE,bamsaTA,mdr,lAy,yAdarguHa,speak
HqEgziHab.hEr,HaydalahumnA,baTalAtocA,HqEndAtwadqu,HatwTu,HatwAgu,balA,Hala,tanAgarhuA,baHqEgziHab.hEr,tHqEzAz,lAy,`AmaxA,speak
qurbAnE,mabA,bayagizE,tAqarbul,Tabqu,hm,balA,baHqEsA,HqEgziHab.hEr,mtAqarbu,qurbA,zawatr,miqATal,speak
wagaru,HqEgziHab.hEr,musE,tanAgara,HqEsrAHEl,lDo,balA,twldocA,balbsA,CAf,zarf,yAdargu,bazarfu,eat
lAy,yAguramarmu,HqEsrAHEl,lDo,mAguramra,samA,balA,.hyA,naNnA,baDoro,tanAgarA,baHqEwna,HadargbAchuAla,eat
HadargawAla,HqEndAtSaka,.hzbu,Sak,ySakamAlu,.hzbu,balA,mnbalA,HsgA,ysaTanAl,bagbx,dahnA,nabaral,eat
smE,HqEndAyAraksu,HaronnA,lDocu,ngarA,HqEgziHab.hEr,balA,mAnA,saw,zarA,batwldA,rkusa,HqEsrAHEl,eat
HayHsawu,lD,lDA,zalAla,Hsr`A,yhu,balA,HqEsrAHEl,bEt,bamakAkalA,minoru,HqEngdo,mAnA,speak
bafar`o,bEt,daD,magbiyA,SaSgA,hm,balA,HqEsrAHEl,HamlAk,HsarA,gEtA,HqEgziHab.hEr,ylAl,speak
lAy,bamakAkalA,baminoru,baHqEsrAHEl,bEt,lAy,balA,mlktA,HqEndAdarag,ydaragbAcawAl,basda,mrko,yhEdAlu,eat
danadana,lDo,HqElkhAla,gEtA,HqEgziHab.hEr,ylAl,balA,`Amaxa,bEt,nAcawnA,bisamu,bAysamu,nabiy,eat
mAsanAkayA,yAdargu,sawu,HqEndtmalakatu,HqElamnAchuAla,faqaq,balA,yAlu,gazA,hodA,gEtA,Hiyasus,krstos,eat
fattA,HamTu,tfatutAlA,biTayqA,gEtA,yAsfalgawAl,balA,HalA,talAku,hEda,HqEndAlA,HagaNu,wrnCA,eat
HqEndAstamAra,HqEnxaly,Hastamra,Hala,HalA,stxalyu,balA,basamAyA,mtnor,HabAtA,sm,yqadas,mangHs,eat
mAnTaq,bAriyA,nan,lnAdarga,gabA,HadrganAl,balA,HiyarusAlE,hEd,bagalilAnA,basamAryA,Halafa,Handi,eat
tbiyA,HqEnArAgflAchuAla,HqEgziHab.hEr,mangHs,qaraba,HqEwaqu,balA,HqElAchuAla,qan,katamA,sado,yqallAtAl,wayol,eat
wadamtgabu,bEt,HasqadmA,salAm,bEt,yhu,balA,salAm,lD,binor,salAmA,yAdrbatAl,HalaziyA,eat
wadamtgabu,bEt,HasqadmA,salAm,bEt,yhu,balA,salAm,lD,binor,salAmA,yAdrbatAl,HalaziyA,eat
sAla,daqa,mazAmurtu,balEli,maTta,saraqu,balA,bagaZi,tasamA,HqEnAsradAwAla,yAla,HsgA,HqEndthonu,eat
fattA,HamTul,HandA,bilA,gEtA,yAsfalgutAl,balA,wadiyA,ysadAcawAl,xyo,lD,nguHs,wAh,eat
.hzb,Hayto,blAtEnAytu,taNtAla,motacmnA,faqaq,balA,HalA,sAqu,.hzbu,HaswaTu,gabto,yAzA,eat
bAsA,zAfo,xnu,CAkA,taquarToHalnA,wAy,balA,HqEraNo,kbr,tawArdoHalnA,wAytA,dmx,tasamtoHal,speak
HazagADtoHalnA,TarA,qadsoHalnA,bagEtA,baHqEgziHab.hEr,zm,balA,baHqEgziHab.hEr,maHswA`,qan,HalaqocnnA,nguHs,lDo,speak
znAb,HaznbolAchuAlnA,baHqErsu,das,ybalA,HqEll,balA,HawdmA,HqEhl,ymolAlu,maTmaqiyA,TaDnnA,zay,eat
malaka,nfu,baqdusu,tarArA,lAy,HqEri,balA,bamdr,noru,ynqaTqaTu,HqEgziHab.hEr,qan,maTtoHalnA,eat
mAq,tATqA,qsu,maHsawiyA,HagalgAyo,wAy,balA,HamlAkE,HagalgAyo,lElitu,bamAq,lAy,taNu,speak
qara,dagobyA,balA,dagobyA,qara,kubkubA,balA,batahA,TaDA,HafA,tawagdoHalnA,sakArAmo,naqtA,eat
tAlAqu,wkAtA,bamakAkal,yAla,gf,tamalkatu,balA,gfnnA,qmiyA,baHadArASocA,yAkamAcu,qn,nagar,eat
nfunA,bnyA,lAc,babEtHawE,lAy,HqEri,balA,HEfrE,bazalafA,qan,farasa,yhonAl,baHqEsrAHEl,eat
tanAgar,hm,bal,gEtA,HqEgziHab.hEr,ylAl,balA,qanu,qanu,qrb,HqEgziHab.hEr,qan,qrb,speak
qamANo,sawu,baHanci,baHanci,batarAro,lAy,balA,bamakAkal,sEsaNna,Hadaragu,baHanci,HabAtocA,hafrata,eat
mErodAk,danagaTa,mslo,Hafaru,TA`otA,danagaTu,balA,.hzb,samE,waTtobAtAl,mdr,bAdmA,yAdargAl,eat
sayf,bazuriyA,yAla,baltoHalnA,tanaHs,tazagAD,balA,hAylaNo,tawagadu,HqEgziHab.hEr,slAdakamA,qomu,bzAtA,speak
batana,ysabasbawAl,HqEra,mangA,miTabq,yTabqawAl,balA,HqEgziHab.hEr,yA`qob,tabEZtotAl,baratu,HadnotAl,ymaTAlu,eat
TabAqo,tanaHsu,xyo,HamlAkA,HqEgziHab.hEr,HqEnwTA,balA,CoKu,qan,ymaTAlnA,HqEgziHab.hEr,ylAlnA,yA`qob,eat
qan,ymaTAlnA,HqEgziHab.hEr,ylAlnA,yA`qob,das,balA,Ha.hzAb,Halaqo,HqEll,Hawru,Hamasgnu,HqEgziHab.hEr,eat
HamlAk,HsarA,gEtA,HqEgziHab.hEr,ylAl,gEtocA,balA,mdritu,bamdr,lAy,yAlu,sawocnnA,HqEnsso,eat
CoKA,hulA,tasabsabu,tamaSagu,tamo,HqEngbA,balA,samE,nagarnnA,xnu,TfA,HamaTAlahunA,xyo,speak
quTA,tamalasamnA,mAq,lbasu,qsu,wAy,balA,qan,ylAl,HqEgziHab.hEr,nguHsunA,makuAnntu,lb,speak
quTA,tamalasamnA,mAq,lbasu,qsu,wAy,balA,qan,ylAl,HqEgziHab.hEr,nguHsunA,makuAnntu,lb,speak
lAy,HawrunA,baHagaritu,lAy,malaka,nfu,balA,CoKA,hulA,tasabsabu,tamaSagu,tamo,HqEngbA,eat
zamru,mdr,das,ybal,tarAro,HqEll,balA,xyo,HqEgziHab.hEr,ttoNAl,gEtA,rastoNAl,Hala,eat
madhAni,yAyAlu,HqEgziHab.hEr,`qA,mtSakamu,HqElf,balA,HqElf,balu,wTu,rkus,nagar,Hatnku,eat
dras,HawrunA,HqEgziHab.hEr,bAriyA,yA`qob,tAdgotAl,balA,bamdra,badA,bamarA,taTamu,whA,`Alatu,eat
saw,hATiHa,biHsarA,bamAhbaru,lAy,tquaTAla,balA,HqEgziHab.hEr,musE,tanAgara,mAhbaru,qorEnA,dAtA,eat
HaytAktu,yhEdAlu,Haydakmu,dasEto,bafitE,zm,balA,Ha.hzAb,hAylA,yAdsu,yqrabu,ynAgaru,frd,eat
nagar,qnu,nagar,Hatngaru,mangad,faqaq,balA,guadAnA,zawar,HqEsrAHEl,qdus,Haswagdu,yluHacawAl,eat
HadaraguA,tarsEs,markabo,mSgA,farsoHalnA,wAy,balA,qan,yhonAl,Tiros,nguHs,zaman,`Ama,speak
mtSAgaru,donA,nagAdE,ngd,molubA,xaT,balA,Si.hor,zarnA,`AbAy,wanz,makar,babzu,eat
nawnA,msgAnA,mazmur,mdr,HqEgziHab.hEr,HqEll,balA,badastA,HqEgziHab.hEr,tagazu,ba.haHsE,gbu,HqEgziHab.hEr,eat
hATiHataNo,mtgadl,honhs,dam,sawu,faqaq,balA,bakfA,ynAgarubhAlnA,TalAto,bakantu,yAmxubhAl,HabEtu,eat
HamlAkA,mAdA,Hayu,mdr,HqEgziHab.hEr,HqEll,balA,Hamasgnu,das,ybalA,zamru,HqEgziHab.hEr,bamasanqo,eat
bawASntnA,bamalaka,dmx,banguHs,baHqEgziHab.hEr,HqEll,balA,bA.hrnA,molA,`Ala,noru,ynAwaTu,wanzo,eat
sgadu,mdr,tnawAwaT,baHa.hzAb,HqEgziHab.hEr,nagaHsa,balA,HqEndAynAwaT,`Alamu,HaxanA,Ha.hzAb,baqnna,yfardAl,eat
baHqEgziHab.hEr,das,ybalA,yA`qob,HamlAk,HqEll,balA,zmArE,HanHsu,baro,sTu,das,yAsaNa,eat
msgAnA,mazmur,bamdr,yAlA,HqEgziHab.hEr,HqEll,balA,smu,zamru,msgAnA,kbr,sTu,HqEgziHab.hEr,eat
HqEDocA,HaCabCbu,badastA,qAl,HqEgziHab.hEr,HqEll,balA,HqEgziHab.hEr,l`ul,gru,nawnA,bamdr,lAy,eat
HatAdrgu,bamaNtA,sAlA,balbA,Hasbu,zm,balA,xdq,maHswA`,Hsawu,baHqEgziHab.hEr,tAmanu,bago,eat
mslEwocA,Hamad,mSgocA,CqA,mSgo,zm,balA,HqEnAgar,tawu,nagar,ymTAb,HsgA,baTrsE,eat
HazagADcAla,mxadq,HawqAla,HqEnEs,fArad,zm,balA,HqEmotAla,nagar,nagar,HatAdrgb,sawar,Harq,eat
HalA,lEwA,qanu,taqadasa,nawnA,zm,balA,Hatzanu,bla,.hzbu,xaT,yAdargu,.hzbu,eat
zalAla,zalAla,HamlAkA,HqEgziHab.hEr,bArku,hm,balA,babarakatnA,bamsgAnA,lAy,kaf,kaf,yAla,speak
malaka,dmx,basamA,HabEsElo,bakEbro,nagaHsa,balA,gubaNo,lAka,taTaru,mato,sawu,HabEsElo,speak
Haro,tanAgarA,baqx,HaTafA,mAhbar,faqaq,balA,bagmbArA,wadqa,HamlAk,saw,nafs,HamlAk,speak
zorA,saw,barEwnnA,bagu,yAqrb,HqEradunA,balA,damu,bamablAtA,HqEgziHab.hEr,Hatbadlu,baluHa,Hala,speak
zuriyA,qanda,malakatA,nfu,HqEgziHab.hErnA,gEdEwo,balA,HalA,gEdEwo,mato,sawu,bamakAkala,tgA,eat
qorEnA,dAtA,HabEro,mAdariyA,zuriyA,faqaq,balA,ngarA,musE,tanaHsto,dAtAnnA,HabEro,hEda,eat
qorEnA,dAtA,HabEro,mAdariyA,zuriyA,faqaq,balA,bla,ngarA,musE,tanaHsto,dAtAnnA,HabEro,eat
maTu,HqEgziHab.hEr,musE,tanAgara,mAhbar,faqaq,balA,baqx,HaTafAcawAla,bagmbArA,wadaqu,musE,Haro,eat
makarA,HqEnDarA,magbu,makarA,whA,HaTaTu,balA,Hala,mikyAs,badahnA,btmalas,HqEgziHab.hEr,tanAgara,eat
qanda,malaka,naftA,salomo,`Ama,yngaHs,balA,takatlA,wTu,maTto,bazufAnE,lAy,yqamaT,speak
wasda,HawqahAl,Halu,Hawo,HawqEHala,zm,balA,HalA,HElyAs,HElsA`,HqEgziHab.hEr,HiyAriko,lkoNAlnA,eat
HqEgziHab.hEr,gEtA,lAy,zArE,wasda,HawqahAl,balA,Hawo,HawqEHala,zm,balu,malasa,HElyAs,eat
safaru,maDamariyA,dArcA,bamaTu,dnkuA,gabta,balA,TaTu,warqnA,br,lbs,wasadu,hEda,eat
mdr,.hasE,tAdrg,baHa.hzAb,HqEgziHab.hEr,nagaHsa,balA,bA.hrnA,molA,tnAwaT,baraha,baHqErsuA,yAlu,eat
HqEnAmasag,bamsgAnA,HqEnmakA,Ha.hzAb,sabsba,tAdaga,balA,zalAla,zalAla,HqEsrAHEl,HamlAk,HqEgziHab.hEr,ybArak,eat
HsartawAl,warq,HamAlk,HadrgawAl,hATiHatA,yqr,balA,yAlaziyA,xAfKa,max.haf,HqEbAk,damssa,Hala,eat
mAladA,HqEnDarA,tTagbAlA,HqEgziHab.hEr,HamlAkA,tAwqAlA,balA,hm,bamaSa,drCto,maTu,safaru,danu,speak
bEtu,HazAZ,Hala,tanaHsta,takatalA,badarashbA,balA,bamalkAmu,fAntA,malasA,gEtA,TaTA,mHsTir,eat
samA,qAl,kidAnE,Hasab,HqEsrAHEl,lDo,balA,HqEgziHab.hEr,gbxA,bArna,HawaTAchuAla,tagaZnatA,HadnAchuAla,eat
HqEsaTAchuAla,mdritu,sb,tbalAlA,wandmo,Hadrgu,balA,gbx,mdr,.hxAnAtocA,sEtocA,saragalo,wsadu,eat
watatnA,mAr,wadamtAfass,Hagar,HawaTAchuAla,tagalaTal,balA,qAl,ysamAlu,HantanA,HqEsrAHEl,SmAglE,gbx,eat
bwaTA,HaTafAchuAla,mAdargbA,Hawq,gETA,HawTu,balA,Hala,HqEsrAHEl,lDo,korEb,tarArA,Damra,eat
