Lcontext9,Lcontext8,Lcontext7,Lcontext6,Lcontex5,Lcontext4,Lcontext3,Lcontext2,Lcontext1,target word,Rcontext1,Rcontext2,Rcontext3,Rcontext4,Rcontext5,Rcontext6,Rcontext7,Rcontext8,Rcontext9,class
HanxokiyA,bamaTA,taqAwa,yfarad,ygabA,yA`qob,sAymaTu,Ha.hzAb,Habro,balA,bamaTu,tagarazu,wagan,yAlu,farto,yAfagafg,Hayhud,barnAbAs,snkuA,eat
tbalu,dahnnatA,Tagur,HqEnDarA,yzo,bahulu,HqEgziHab.hEr,Hamasagana,quarso,balA,taxnAnta,mgb,bamarkabu,yAla,hulA,mato,sdst,nafs,baTagabu,eat
balAnA,TaTA,balAtaNAnA,TaD,TaC,qarACocnA,hATiHataNo,wadAD,lDo,balA,bafarisA,bEt,gabto,bamA`d,katamA,hATiHata,Handi,bafarisA,bEt,eat
bayordAnos,wanz,yTamaqu,gmal,Tagur,bso,bawagabu,Tafr,ytATaq,balA,baraha,mAr,ybalA,CAmA,Tafr,maftA,mAygabA,baratA,bawhA,eat
qumatu,samAy,darasa,malku,mdr,dArcA,dras,tawAba,frE,balA,TlA,mdr,HarAwit,yArfu,baqrnCAfocu,samAy,wafo,yqamaTu,qumatu,eat
saw,HaygabA,HqEsrAHEl,HamlAk,HqEgziHab.hEr,gabtobatAlnA,tazagto,baHqEgziHab.hEr,HqEnDarA,balA,yqamaTbatAl,babaru,daDa,salAm,mangad,ygabAl,mangad,mangad,babEtu,eat
HqEsaTAcawAla,bafxu,lbA,ymalasAlunA,.hzb,yhonuNAl,HamlAk,kfAtu,tanaHsA,balA,mAycAl,balas,yhudA,nguHs,sEdEqyAs,Halaqocu,Hagar,qaru,HiyarusAlE,eat
.hzb,gEtA,HqEgziHab.hEr,sayfnnA,rAb,canafar,HqEsaddbAcawAla,kfAtu,tanaHsA,balA,mAycAl,balas,basayf,barAb,bacanafar,HasAdAddAcawAla,bAsAdadhubA,Ha.hzAb,TlAcAnA,eat
Hasqadmo,darasa,balas,masl,malkA,balas,qrCA,kfAtu,tanaHsA,balA,mAycAl,balas,HErmyAs,mtA,mndr,balas,HayAla,malkA,malkA,eat
Hasqadmo,darasa,balas,masl,malkA,balas,qrCA,kfAtu,tanaHsA,balA,mAycAl,balas,HErmyAs,mtA,mndr,balas,HayAla,malkA,malkA,eat
Tri,kbr,saTa,wadada,nafsu,guadala,nagar,saw,ybalAwAl,balA,HqEgziHab.hEr,HalAHsalaTana,ntunA,dawE,saw,mato,lDo,biwald,zaman,eat
sfrA,rAsE,maHswA`,bEt,znAb,HqEndAyward,samAyAtu,bzagA,mdritu,balA,HanbaTA,bAzza,ba.hzb,canafar,bsadd,basmE,taTaru,.hzbE,sawnatA,eat
nagaHstA,zufA,bso,lbs,waTala,yoHaki,ba.hywatu,zaman,HqEnDarA,balA,ba.hywatu,zaman,zawatr,qalab,`la,`la,ysaTa,yhudA,nguHs,eat
baHadbAr,zAf,taqamTo,yhudA,maTA,HqEgziHab.hEr,saw,bEtE,HqEnDarA,balA,HqEmalasnA,HqEgabA,HaycAla,sfrA,HqEnDarA,whA,TaTAmbaziyA,HqEnDarA,HatblA,eat
bamaTA,mangad,Hatmalas,bamil,baHqEgziHab.hEr,qAl,tablolNAlnA,nabiy,HqEnDarA,balA,whA,yTaTA,bEt,malsa,baHqEgziHab.hEr,qAl,tanAgara,wASto,tamalasa,eat
tarafa,tamagabu,qan,HElsA`,suna,Halafa,tAlAq,sEt,HqEnDarA,balA,gd,bAlafa,quTr,HqEnDarA,libalA,ygabA,yAlfa,qdus,HqEgziHab.hEr,eat
hEda,taNto,duqE,wasdA,wasa,HqEngocA,Hadaraga,wasdA,galabaTa,balA,HqEnbi,saw,HaswaTu,saw,Hamno,HqEbalA,mablu,HqElfNu,Hagbi,eat
hEda,taNto,duqE,wasdA,wasa,HqEngocA,Hadaraga,wasdA,galabaTa,balA,HqEnbi,saw,HaswaTu,saw,HqEbalA,mablu,HqElfNu,Hagbi,HalA,eat
saw,yA`qob,Cm,saw,badnkuA,yqamaT,`EsA,ywad,kAdana,balA,rbqA,yA`qob,twad,yA`qob,waT,HsarA,`EsA,dakmo,barahA,eat
malkAkA,Taboto,HamTAl,TAfAC,mabl,miwada,HadargAla,sAymo,bArk,balA,rbqA,HqEnAtu,`EsA,wandmE,TagurA,saw,slAsA,mnAl,HabAtE,eat
lD,HqEnDarA,yhona,frE,HagbA,gEtA,lD,mEmfibostE,gabatA,balA,HaHsrA,Hamst,lDocnA,bAriyA,gEtA,nguHsu,bAriyA,HqEndAzaza,bAriyA,eat
wasdo,mangad,mangad,hEda,HabAtunA,HqEnAtu,maTA,mAru,saTA,balA,mAru,HanbasA,rEsA,wasada,sEtitu,warada,gobazo,yAdargu,somso,eat
HqEngdA,saw,babr,tagazA,bAriyA,binor,tagaraza,moyAta,bEt,balA,HsgA,HandA,bEt,mEdA,HatAwTu,HaT,HqEsrAHEl,gubAHE,saw,eat
HqEngdA,saw,babr,tagazA,bAriyA,binor,tagaraza,moyAta,bEt,balA,HsgA,HandA,bEt,mEdA,HatAwTu,HaT,HqEsrAHEl,gubAHE,saw,eat
wadaq,lqso,qnE,.hzbu,wAytA,Habzta,.hzbu,sAyma,HqEnDarA,balA,ligAbzu,maTu,xa.hay,sAtTalq,HqEnDarA,nagar,bqams,HqEgziHab.hEr,yAdrgb,eat
wasdo,mangad,mangad,hEda,HabAtunA,HqEnAtu,maTA,mAru,saTA,balA,mAru,HanbasA,rEsA,wasada,sEtitu,warada,gobazo,yAdargu,somso,eat
HqEhtE,muSrA,ganatE,gabA,rbE,Stu,qam,HqEnDarA,mArE,balA,TaDE,watatE,bAlnDarocE,blu,wadADE,TaCi,traki,dras,taNcAla,eat
bakur,lD,`EsA,ys.haq,danagaTaHqEndi,yAdana,Hada,yAmaTA,sAtmaTA,balA,bArak,tabAraka,hono,HabAtu,qAl,basamA,tAlAq,marArA,CuKa,eat
bakur,lD,`EsA,ys.haq,danagaTaHqEndi,yAdana,Hada,yAmaTA,sAtmaTA,balA,bArak,tabAraka,hono,HabAtu,qAl,basamA,tAlAq,marArA,CuKa,eat
mndr,sEtitu,bagana,dmx,samA,`rAqutE,farA,HqEgziHab.hEr,`rAqu,balA,kAzaz,zAf,bawnu,HqEndtho,saTaKa,sEt,zAfu,saTacNnA,HamlAk,eat
qualafa,gEtA,gEtA,kfatl,lAc,ltAnkuAku,tDamrAlA,honA,HalAwqA,balA,TaTA,baHadabAbAyA,HastamAr,ltlu,HqElAchuAla,honA,hulA,`AmaxaNo,rAqu,eat
zArE,taqamaT,naga,HasanAbthAla,Horyo,qannA,banagA,baHiyarusAlE,TarA,balA,TaTA,Hasakara,nagar,bamaSa,waTto,gEtA,bAriyA,bamnTAfu,lAy,eat
`AHsA,yzo,Hamasagana,quarso,daqa,mazAmurtu,saTa,daqa,mazAmurtu,balA,Tagabu,tarafa,qursrA,qrCA,mulu,sEtocnA,lDo,baqar,wando,eat
mablA,yAmAra,`Ay,miyAsgomaD,Tbab,malkA,Haya,frE,wasadacnA,balA,bAl,saTa,`Ayno,takafatu,`rAqutA,honu,Hawaqu,balas,qTalo,eat
mAll,mAlala,bkurnA,yA`qob,`EsA,HqEnDarAnA,msr,waT,saTa,balA,TaTA,tanaHsto,hEda,`EsA,bkurnA,bkurnA,STl,?,?,eat
kbr,.hzbu,HqEgziHab.hEr,waTA,bamaHsawiyA,lAy,qATala,maHswA`,sbu,balA,.hzbu,Hayta,HqEll,Halu,bagmbArA,wadaquHaro,HqEDocu,.hzbu,zaragA,eat
ftA,lAy,HawaTA,HqErSA,frE,`Ala,dngAy,bamiga,mAr,balA,CnCA,dngAy,bamiga,zay,qbE,mangA,wata,Tabo,sb,eat
nabalbAl,sEwo,katamA,waTA,mo`Ab,`Er,Harno,tarArA,Halaqo,balA,mo`Ab,mos,.hzb,wando,lDocu,SS,sEto,lDocu,mrko,eat
qiTA,HqEngocA,HasnakA,HqEsA,dngAyu,waTto,HsgAwnnA,qiTA,HqEngocA,balA,HqEgziHab.hEr,malHak,`Aynu,tasawara,gEdEwo,HqEgziHab.hEr,malHak,Haya,gEdEwo,eat
dras,taTabqoHalnA,taqamaTal,Hanura,blA,Hala,qan,sAHol,sAmuHEl,balA,korabtA,masgaDA,tamAytu,waradu,sAmuHEl,sAHol,basaganatu,lAy,maNtA,eat
wanz,maSAgar,dakmawAlnA,qarubabaraha,gbxAwi,HagNta,maTu,HqEnDarA,saTutnA,balA,whA,HaTaTu,balasu,TfTf,qurACnA,zalalA,saTu,Hsos,qannA,eat
baHqEgziHab.hEr,qAl,tanAgara,Hala,wASto,tanAgarawkaHqErsu,tamalasa,babEtu,HqEnDarA,balA,whA,TaTAbamA`d,taqamTa,sAlu,HqEgziHab.hEr,qAl,malasa,nabiy,maTA,eat
blA,Halawsimalaka,barAsu,HaTagab,tagAgara,HqEngocAnA,bamAsaro,whA,HagaNa,balA,TaTA,tamalso,taNAyaHqEgziHab.hEr,malHak,maTto,dAsasawnA,mthEd,mangad,ruq,eat
taNAyaHqEgziHab.hEr,malHak,maTto,dAsasawnA,mthEd,mangad,ruq,nawnA,tanaHsta,balA,HalawtanaHsto,balA,TaTA,mgb,hAyl,HqEgziHab.hEr,tarArA,korEb,dras,eat
warwruHa,Hala,warawaruHa,dam,bagnbunA,bafarasocu,lAy,taraCa,ragaTuHatmbagabA,balA,TaTA,taragama,HqEyu,nguHs,lD,qbaruHa,HalaliqabruHa,bahEdu,HanAtwAnA,eat
Hamasaganusalomo,xalotu,bafaxama,HqEsA,samAy,wardo,qATala,maHswA`tnA,maHswA`tu,balA,HqEgziHab.hEr,kbr,bEtu,molAyaHqEgziHab.hEr,kbr,HqEgziHab.hEr,bEt,molto,kAhnAtu,eat
ybalu,manA,Hazanaba,samAy,HqEnDarA,saTA,malAHqEk,HqEnDarA,saw,balA,snq,tarfA,lAkalAcawkasamAy,mHsrAq,nafAs,HasnaHsA,bahAylu,dabub,nafAs,eat
sabaratanAgara,HanbaTA,sfr,quTr,lEla,kubkubA,maTA,HagarA,mla,balA,mdrA,frE,balA,HagarA,bakur,gulbatA,maDamariyA,matAkawarqnA,br,eat
sabaratanAgara,HanbaTA,sfr,quTr,lEla,kubkubA,maTA,HagarA,mla,balA,mdrA,frE,balAyaHagarA,bakur,gulbatA,maDamariyA,matAkawarqnA,br,HawaTA,eat
tagAdama,badabol,Hanbaso,glgalo,HasAdagackaglgalo,HawaTA,dabol,HanbasA,nTqiyA,balA,tamAra,Ha.hzAb,warE,samu,bagudguAdA,tayAza,basansala,Hadrga,gbx,eat
Tfru,wafo,raz,dras,sawu,talayto,tasadada,barE,HsAr,balA,HakAlu,basamAy,Tal,rasarasazamanu,tafaxama,nAbukadanaxor,`AynE,samAy,HanaHsA,eat
lbu,HawrE,lb,manoriyA,mdra,badA,Hahyo,barE,HsAr,balA,HakAlu,basamAy,Tal,rasarasablTAsor,lDu,stho,waq,basamAy,gEtA,eat
HqEgziHab.hEr,bEt,gabA,kAhnA,HqErsunA,libalu,yAltafaqada,maHswA`tu,hbs,balA,kAhnA,bamaqdas,san,yAraksu,hATiHa,HqEndAyhonbA,ba.hgu,?,?,eat
HqEgziHab.hEr,bEt,gabA,kAhnA,baqar,mablA,yAltafaqada,maHswA`,HqEnDarA,balA,saTA,kato,HalAcawdagmo,san,saw,tafaTroHal,saw,san,tafaTaramHqEndi,eat
bEt,gabA,kAhnA,baqar,mablAtu,yAltafaqada,maHswA`,HqEnDarA,yzo,balA,saTA,Halayasa,lD,san,gEtA,san,mkurAb,gabto,HastamAra,speak
HasAyAcaw,HqEgrocu,HqEnarsu,dastA,tanaHsA,slAlAmanu,danaqu,sAlu,HandA,balA,HalAcawHqEnarsu,taTabasa,`AHsA,qurAC,mAr,walalA,saTuttaqablo,sAla,bamusE,eat
balAyu,wadaqa,Haqfo,nafsu,HalacbatnA,HatnCACu,waTto,HqEnDarA,qorso,balA,nagA,dras,tanagAgara,hm,hEda,blAtEnA,dahnA,hono,wasadu,eat
Halu,zabazabA,Haqanu,bEtu,gabu,mA`d,Haqaraba,qiTA,gAgara,balA,sAytaNu,katamA,sado,sawu,blAtEnA,Damro,SmAglE,dras,bayasfrA,eat
gET,lbs,HawaTA,rbqA,saTA,sTotA,wandmwAnA,HaqarabaHqErsu,yAlu,balA,TaTu,Hadaru,mAlda,gEtA,HqEhEd,HasanAbtu,HalAcawwandmwAnA,blAtEnAytu,HaHsr,eat
yA`qob,dngAy,sabsbu,dngAy,sabsba,maru,badngAyu,kmr,lAy,balA,ygAr,HsahadutA,TarA,yA`qob,gala`Ad,HalA,lAbA,kmr,baHanta,eat
batarArA,lAy,maHswA`,HsawA,wandmocu,HqEnDarA,balu,TarA,HqEnDarA,balA,batarArA,HadarulAbA,mAldo,tanaHsto,wandocunnA,sEtocu,lDocu,sAma,bArakA,eat
Safanu,Hagaritu,Calama,Hagaritu,buqAyA,barado,tawa,bazAfu,frE,balA,mla,nagar,zAf,mdr,HsAr,bagbx,Hagar,qaramfar`o,musEnnA,eat
HqEsrAHEl,lDo,wadaminoru,mdr,maTu,dras,HarbA,`Ama,manA,balA,na`A,mdr,dnbar,maTu,dras,manA,balugomor,Hif,masfariyA,eat
.hzbu,mo`Ab,lDo,yAmanazru,Damar.hzbu,HamlAkocA,maHswA`,Taru,.hzbu,balA,HamlAkocA,sagaduHqEsrAHEl,b`ElfEgor,takatala,HqEgziHab.hEr,quTA,baHqEsrAHEl,lAy,nadadaHqEgziHab.hEr,eat
mdritu,frE,qiTA,HqEngocA,qolo,qan,banagA,mdritu,frE,balA,manA,qara,HqEsrAHEl,lDo,manA,maTA,nagar,`Ama,na`A,eat
mdritu,frE,qiTA,HqEngocA,qolo,qan,balubanagA,mdritu,frE,balA,manA,qara,HqEsrAHEl,lDo,manA,maTA,nagar,`Ama,na`A,eat
mangad,mangad,balA,hEda,HabAtunA,HqEnAtu,maTA,mAru,saTA,balA,mAru,HanbasA,rEsA,wasada,nagarAcawmHabAtu,sEtitu,warada,gobazo,yAdargu,eat
tanaHsA,blAtEnAytu,sawna,baqurA,HqEnDarA,HabartA,thEdAla,HalawtaqamaTu,lAy,balA,TaTu,blAtEnAytu,zArE,mAdar,HqEbAk,fqad,lb,das,ybala,eat
blAtEnAytu,HqEbAk,sawna,HabartA,qanu,wAgad,dras,qoy,Hala,balA,sawyo,qubAtunA,HaSkaru,mahEd,batanaHsA,blAtEnAytu,HamAtu,qanu,tawAgdoHal,eat
bago,barE,TDo,wasda,bamdr,lAy,Haradu,.hzbu,damu,balA,.hzbu,damu,bamablAtA,HqEgziHab.hEr,badalu,bla,nagaru,sAHol,talAlafA,eat
tHqEzAzu,HEfrEmnA,mnAsE,ysAkornA,zAblo,wagan,sawu,sAynaxu,fAsikA,balA,maqdasu,mAnxA,bAynaxA,HabAtocu,HamlAk,HqEgziHab.hEr,mafalag,lbu,yAqanA,eat
HalA,Hatfri,ylqs,hEda,HqEndAlSi,Hadrgi,Hasqadma,duqEtu,HqEngocA,balA,HamCl,lD,Hadrgi,HqEsrAHEl,HamlAk,HqEgziHab.hEr,ylAlnA,bamdr,lAy,eat
maTaT,qurbAnA,HqEsrAHEl,maHswA`,HaqarabubaziyA,qan,batAlAq,dastA,baHqEgziHab.hEr,balA,TaTu,lD,salomo,HanagaHsu,HalaqA,HqEgziHab.hEr,qabu,sAdoq,kAh,eat
HqEsrAHEl,HamlAk,HqEgziHab.hEr,yfalgu,mdr,Ha.hzAb,rkusa,yta,maTta,balA,HqEgziHab.hEr,das,HasaNtoHacawAlnA,HqEsrAHEl,HamlAk,HqEgziHab.hEr,bEt,maHsrA,HqEDA,eat
HqETf,Hadrgo,Hiyob,HqEhtocu,qadmo,yAwqu,maTu,babEtu,HqEnDarA,balA,Hazanula,HqEgziHab.hEr,kAmaTA,nagar,HaxnAnu,brnA,warq,qala,fita,eat
mHsrAq,nafAs,HasnaHsA,bahAylu,dabub,nafAs,HamaTA,HsgA,Hafar,balA,wafo,bA.hr,HaSa,Hazanaba,basafarA,badnkuAnA,zuriyA,Tagabu,mNotA,eat
bayaHagaru,ybatnA,HqEDu,fEgor,tabAbaru,mutA,maHswA`,Hasmararu,canafar,balA,tanaHsto,faradabA,canafaru,tawayA,zalAla,lD,lD,xdq,hono,eat
mASkAkA,tanaHsA,mdr,tanqaTaqaTa,maTu,mdritunnA,yAla,tamAytunnA,taqamaTu,balA,HasmA,mAykalak,HqEbAbocnnA,HqEfuNto,HqEsaddbAchuAla,mAyxnAnA,lbE,bawsTE,HqEgziHab.hEr,eat
HqEtak,HqEtagAla,ylAl,zaman,saw,dAgma,HabAto,CarquA,frE,balA,lDo,Trso,Tarasu,nagar,saw,bagazA,badalu,ymotAl,marArA,eat
sawu,mxPA,HakiqA,lD,godolyAs,maTA,bamxPA,lAy,HqEnDarA,balA,lD,HqEsmAHEl,HaHsru,sawu,tanaHsta,sAfA,lD,HakiqA,lD,eat
Hatmaslu,ylAl,HqEgziHab.hEr,qAl,sil,HqEsrAHEl,HabAto,CarquA,frE,balA,lDo,Trso,Tarasu,blA,mtmaslu,mndr,.hyA,naNnA,HqEngdi,eat
HabazA,lElitu,HanqalAfA,baTabA,HqEsA,nabalbAl,mdDA,glawAl,farADocA,balA,nagaHstAtocA,wadaqu,CoK,Ha.hzAb,tadabAlaqa,HEfrE,HqEndAltagalAbaTa,qiTA,gulbatu,eat
HqEgziHab.hEr,HsrA,balAka,HqEndtAmnu,HqEnkiyA,Hayta,HqEndnA,mlk,mns,balA,samAy,HqEnDarA,saTA,tablo,taxAfa,HabAtocA,bamdra,badA,manA,eat
HqEwna,HqElAchuAla,zalAla,.hywa,HqEnDarA,HabAtocA,bamdra,badA,manA,balA,saw,balto,HqEndAymo,samAy,warada,HqEnDarA,samAy,warada,.hyA,eat
HabAtocA,damanA,babA.hr,musE,ytabAbaru,badamanAnA,babA.hr,manfasAwi,mabl,balA,manfasAwi,maTaT,manfasAwi,`Ala,TaTtawAlnA,`Ala,krstos,bamibazu,das,eat
lDo,nAdAbnA,Habyud,bayarAsA,TnA,wasda,HqEsA,Hadaragu,balAyu,balA,Hanoru,baHqEgziHab.hEr,yAlAzazA,HqEsA,HqEgziHab.hEr,waTto,baHqEgziHab.hEr,bamiqarbu,HqEqadsAla,eat
mablA,yAmAra,`Ay,miyAsgomaD,Tbab,malkA,Haya,frE,wasadacnA,balA,bAl,saTa,`Ayno,takafatu,`rAqutA,honu,Hawaqu,balas,qTalo,eat
baHqEgziHab.hEr,lAy,Haguramaramu,HqEgziHab.hEr,samto,taquaTA,HqEgziHab.hEr,HqEsA,bamakAka,balA,safaru,dAr,musE,CoKu,musE,HqEgziHab.hEr,xalaya,HqEsAtitu,HqEsA,eat
Hol,waradu,mdritu,tazagAcbA,gubAHE,HqEsrAHEl,lDo,CuKatA,mdritu,balA,bla,HqEgziHab.hEr,waTtA,yATnu,mato,HamsA,sawu,HqEgziHab.hEr,musE,eat
HabEtu,smA,HqEsA,wadaqa,qATala,maHswA`tu,HqEnCatu,dngAyocu,Hafaru,balA,bagudguAdu,yAla,whA,.hzbu,bAyu,bagmbArA,HqEgziHab.hEr,HamlAk,baHAl,eat
HamsA,HqEnEs,HqEgziHab.hEr,saw,HqEsA,samAy,twrad,HamsA,sawu,balA,HqEsA,samAy,wardA,HqErsunnA,HamsA,HamsA,HalaqA,HamsA,sawu,eat
ylAl,HqEnEs,HqEgziHab.hEr,saw,HqEsA,samAy,twrad,HamsA,sawu,balA,HqEgziHab.hEr,HqEsA,samAy,wardA,HqErsunnA,HamsA,Hsosta,HamsA,HalaqA,eat
HqEsA,samAy,wardA,fitaNocu,HamsA,HalaqocnA,HamsA,HamsA,sawocA,balA,nafsE,thu,malHak,wrad,HatfrA,tanaHsto,nguHsu,HqEgziHab.hEr,HaqAro,eat
nAgar,HqEgziHab.hEr,HqEsA,samAy,wadaqa,bagocu,HaqATala,TabAqi,HqEnagr,balA,HamalaT,nAgar,baHsos,radf,takafla,bagmalo,lAy,HadagA,TAlu,speak
cl,HamlAk,liyAdargl,bEtA,bamalkA,nagar,molA,hATHa,mkr,balA,xAdqA,yAyutAl,das,ylAcawAl,nxu.ha,banqa,habtA,TafA,qara,eat
motu,barAb,motu,ySAlAlu,mdr,frE,HaTta,tawagta,rhruho,balA,HqEDo,lDocA,qaqlawAl,waganE,sEt,lD,bamaqaTqaT,mabl,HqEgziHab.hEr,eat
badA,badaraqnA,bataTamA,marE,CAfo,batro,HqEsA,waTA,frE,balA,nagaHstA,batr,baratA,batr,muSo,lqso,tAwra,bamangad,lAy,eat
HsAr,balta,Carasu,gEtA,HqEgziHab.hEr,yqr,HqEndtl,HqElamnhAla,yA`qob,balA,nagar,taxaxata,Hayho,ylAl,gEtA,HqEgziHab.hEr,HasAya,gEtA,HqEgziHab.hEr,eat
tfardbAcawAla,saw,lD,bawnu,tfardbAcawAla,HabAtocA,rkusa,HastAwqA,hm,balA,gEtA,HqEgziHab.hEr,ylAl,HqEsrAHEl,bamaraT,yA`qob,bEt,zar,bamAl,speak
qAl,sil,maTA,saw,lD,HqEsrAHEl,SmAglE,tanAgar,hm,balA,gEtA,HqEgziHab.hEr,ylAl,tTayqu,maTtAchuAl,.hyA,naNnA,Tayaq,ylAl,speak
ydarqAl,HqEgziHab.hEr,qAl,sil,maTA,`Amaxa,bEt,trguAmE,HatAwqu,balA,hm,bla,ngarA,bAbilo,nguHs,HiyarusAlE,maTA,nguHswAnnA,makuAnnto,speak
balEla,CqA,ymargutAlnA,galabA,balEla,CqA,mimargu,sawu,ywadqAl,balA,yAsaT,znAb,yzanbAl,tAlAq,barado,dngAy,ywadqAl,`awlo,nafAs,eat
tnbi,tanAgar,gazA,lbA,tnbi,nAgaru,HqEgziHab.hEr,qAl,smu,balA,gEtA,HqEgziHab.hEr,ylAl,sAyAyu,gazA,manfasA,mikatalu,sanafo,nabiyA,eat
norubA,tamo,bAdmA,yhonAlu,mdritu,wdmA,thonAla,HqEgziHab.hEr,tAwqAlA,balA,HqEgziHab.hEr,qAl,sil,maTA,saw,lD,baHqEsrAHEl,mdr,zamanu,eat
ylAl,HasqarawAla,baHqEsrAHEl,Hadrga,HaynAgaru,zamanunA,rAHqEyu,nagar,qarboHal,balA,baHqEsrAHEl,bEt,ntu,rAHqEynA,wSata,mwAr,Hayho,HqEgziHab.hEr,HqEnAgarAla,eat
ngara,bilu,HqEmo,yonAtA,bEt,Hatmalsa,byE,banguHsu,man,balA,Halaqocu,HErmyAs,maTta,Tayaqu,nguHsu,HqEndAzaza,qAl,nagarA,nagaru,eat
HqEgziHab.hEr,ylAl,hidnA,yhudA,sawocnA,baHiyarusAlE,miqamaTu,tanAgar,hm,balA,qAlE,tsamu,tagHsAx,Hatqabalu,ylAl,HqEgziHab.hEr,rEkAb,lD,HiyonAdAb,speak
mangadA,ymalasu,yhonAl,HsrA,kfA,yAsabhubA,nagar,HqEtawAla,hm,balA,HqEgziHab.hEr,ylAl,basaTahuA,.hgE,thEdu,bAtsamu,yAlsamA,bamAladA,tanaHscE,speak
nagaHstA,bamigabubatnA,bamiwaTu,ba.hzbu,lDo,baHiyarusAlE,baro,qum,hm,balA,baro,mtgabu,yhudA,nagaHstA,yhudA,baHiyarusAlE,mtnoru,HqEgziHab.hEr,qAl,speak
qAl,kidA,qAl,smA,yhudA,sawu,baHiyarusAlE,minoru,tanAgar,balA,HqEsrAHEl,HamlAk,HqEgziHab.hEr,ylAl,gbx,Hagar,bra,mdDA,bAwaTAhuA,speak
lAka,hid,.hzb,masmA,tsamAlA,HatAstawlu,mAya,tAyAlA,Hatmalakatu,balA,ba`AynA,HqEndAyAyu,baDoroHa,HqEndAysamu,balbA,HqEndAyAstawlu,tamalsa,HqEndAyfawasu,.hzb,eat
mthEdu,baHqEsrAHEl,HamlAk,lEla,HqEgziHab.hEr,ylAl,tmotAla,waTA,Hatward,balA,Hala,HElyAs,hEda,malHqEktaNo,HakAzyAs,tamalasu,tamalasA,HalA,saw,eat
saTa,.hzbu,baTor,zagA,rstu,cal,HalA,gulmAsocA,HqEsA,balA,quanaDADtocA,HalAzanu,kAhnAtocA,basayf,wadaqu,bAltEtocA,HalAlaqasulA,HqEgziHab.hEr,HqEnqlf,eat
CnobAchuAl,baqanbarA,lAy,HqECamrAla,HabAtE,baHalangA,garfoHachuAl,baginT,HqEgarfAchuAla,balA,bla,tanAgaru,nguHsu,baHsosta,qan,tamalasu,tanAgara,Hiyorb`AmnA,.hzbu,eat
baTalAtocA,ySaSAlu,nagar,makAkalA,kAlATafA,tanaHsAnA,.hzbu,qads,hm,balA,HqEsrAHEl,nagar,bamakAkal,Hala,nagar,makAkalA,tATafu,dras,baTalAtocA,speak
baTalAtocA,ySaSAlu,nagar,makAkalA,kAlATafA,tanaHsAnA,.hzbu,qads,hm,balA,HqEsrAHEl,nagar,bamakAkal,Hala,nagar,makAkalA,tATafu,dras,baTalAtocA,speak
faru,tHqEzAzE,Tabqu,yAla,lb,mna,hEda,dnkuAnA,tamalasu,balA,qum,HadrgE,bamsaTA,mdr,lAy,yAdarguHa,mtAstamrA,tHqEzAzEnnA,Hsr`AtE,speak
Hagar,mawTA,HaqalalA,HqEgziHab.hEr,HaydalahumnA,baTalAtocA,HqEndAtwadqu,HatwTu,HatwAgu,balA,Hala,tanAgarhuA,baHqEgziHab.hEr,tHqEzAz,lAy,`AmaxA,samA,bat`bitA,tarArAmA,speak
StA,baHqEsA,tadaraga,qurbAnE,mabA,bayagizE,tAqarbul,Tabqu,hm,balA,baHqEsA,HqEgziHab.hEr,mtAqarbu,qurbA,zawatr,miqATal,maHswA`,nawr,lElabA,speak
mot,dras,badngAy,wagaru,HqEgziHab.hEr,musE,tanAgara,HqEsrAHEl,lDo,balA,twldocA,balbsA,CAf,zarf,yAdargu,bazarfu,lAy,samAyAwi,fatl,eat
.hzb,macE,HqEtAgaHsawAla,lAy,yAguramarmu,HqEsrAHEl,lDo,mAguramra,samA,balA,.hyA,naNnA,baDoro,tanAgarA,baHqEwna,HadargbAchuAla,ylAl,HqEgziHab.hEr,badnocA,eat
wasDE,baHqEnarsu,lAy,HadargawAla,HqEndAtSaka,.hzbu,Sak,ySakamAlu,.hzbu,balA,mnbalA,HsgA,ysaTanAl,bagbx,dahnA,nabaral,lAc,yAlaqasA,HqEgziHab.hEr,eat
nagaro,layu,taqadasa,smE,HqEndAyAraksu,HaronnA,lDocu,ngarA,HqEgziHab.hEr,balA,mAnA,saw,zarA,batwldA,rkusa,HqEsrAHEl,lDo,HqEgziHab.hEr,wadamiqadsu,eat
takatla,lAmanazarubA,sayTAnA,HayHsawu,lD,lDA,zalAla,Hsr`A,yhu,balA,HqEsrAHEl,bEt,bamakAkalA,minoru,HqEngdo,mAnA,saw,qATal,maHswA`,speak
sawu,baTAfnAs,bAla,bafar`o,bEt,daD,magbiyA,SaSgA,hm,balA,HqEsrAHEl,HamlAk,HsarA,gEtA,HqEgziHab.hEr,ylAl,lkE,bAriyA,bAbilo,speak
baHiyarusAlE,baminora,HalaqA,lAy,bamakAkalA,baminoru,baHqEsrAHEl,bEt,lAy,balA,mlktA,HqEndAdarag,ydaragbAcawAl,basda,mrko,yhEdAlu,bal,bamakAkalA,nora,eat
`amaxub,taCamAtara,lbA,danadana,lDo,HqElkhAla,gEtA,HqEgziHab.hEr,ylAl,balA,`Amaxa,bEt,nAcawnA,bisamu,bAysamu,nabiy,bamakAkalA,HqEndAla,yAwqAlu,eat
tmhrt,qAwamu,malayAyatnnA,mAsanAkayA,yAdargu,sawu,HqEndtmalakatu,HqElamnAchuAla,faqaq,balA,yAlu,gazA,hodA,gEtA,Hiyasus,krstos,HaygazumnA,bamalkAmnA,bamiyAqolAmT,eat
wrnCA,tAsro,tAgaNAlA,fattA,HamTu,tfatutAlA,biTayqA,gEtA,yAsfalgawAl,balA,HalA,talAku,hEda,HqEndAlA,HagaNu,wrnCA,fatu,gEtocu,wrnCA,eat
yo.hans,daqa,mazAmurtu,HqEndAstamAra,HqEnxaly,Hastamra,Hala,HalA,stxalyu,balA,basamAyA,mtnor,HabAtA,sm,yqadas,mangHs,tmTA,faqAd,basamAy,eat
yAmasagnawAl,tAzazA,bAdaragA,mAnTaq,bAriyA,nan,lnAdarga,gabA,HadrganAl,balA,HiyarusAlE,hEd,bagalilAnA,basamAryA,Halafa,Handi,mandar,gabA,baruq,eat
waTtA,tamA,taTAbaqab,tbiyA,HqEnArAgflAchuAla,HqEgziHab.hEr,mangHs,qaraba,HqEwaqu,balA,HqElAchuAla,qan,katamA,sado,yqallAtAl,wayol,korAzi,wayol,bEta,eat
HatyAzu,bamangad,HatnHsu,wadamtgabu,bEt,HasqadmA,salAm,bEt,yhu,balA,salAm,lD,binor,salAmA,yAdrbatAl,HalaziyA,ymalaslAchuAl,bEt,kAla,eat
HatyAzu,bamangad,HatnHsu,wadamtgabu,bEt,HasqadmA,salAm,bEt,yhu,balA,salAm,lD,binor,salAmA,yAdrbatAl,HalaziyA,ymalaslAchuAl,bEt,kAla,eat
ganzab,saTta,taNta,sAla,daqa,mazAmurtu,balEli,maTta,saraqu,balA,bagaZi,tasamA,HqEnAsradAwAla,yAla,HsgA,HqEndthonu,HqEnAdargAla,HaluHa,ganzabu,eat
HahyA,wrnCA,tAgaNAlA,fattA,HamTul,HandA,bilA,gEtA,yAsfalgutAl,balA,wadiyA,ysadAcawAl,xyo,lD,nguHs,wAh,hono,baHahyA,lAynA,eat
badarasa,HqEmbiltaNocnnA,nCACA,.hzb,Hayto,blAtEnAytu,taNtAla,motacmnA,faqaq,balA,HalA,sAqu,.hzbu,HaswaTu,gabto,yAzA,blAtEnAytu,tanaHsA,znA,eat
TaftawAlnA,wAy,bal,bAsA,zAfo,xnu,CAkA,taquarToHalnA,wAy,balA,HqEraNo,kbr,tawArdoHalnA,wAytA,dmx,tasamtoHal,yordAnos,t`bi,tawArdoHalnA,speak
qarboHalnA,HqEgziHab.hEr,maHswA`,HazagADtoHalnA,TarA,qadsoHalnA,bagEtA,baHqEgziHab.hEr,zm,balA,baHqEgziHab.hEr,maHswA`,qan,HalaqocnnA,nguHs,lDo,HqEngdA,lbs,bsu,speak
qadmo,fitaNAwnnA,huAla,znAb,HaznbolAchuAlnA,baHqErsu,das,ybalA,HqEll,balA,HawdmA,HqEhl,ymolAlu,maTmaqiyA,TaDnnA,zay,Hatrafrfa,yAfassAlu,sadadhubA,eat
maTtoHalnA,qarboHalnA,baxyo,malaka,nfu,baqdusu,tarArA,lAy,HqEri,balA,bamdr,noru,ynqaTqaTu,HqEgziHab.hEr,qan,maTtoHalnA,CalamAnA,CgAg,qan,eat
bEt,qartoHalnA,kAhnA,mAq,tATqA,qsu,maHsawiyA,HagalgAyo,wAy,balA,HamlAkE,HagalgAyo,lElitu,bamAq,lAy,taNu,xom,qadsu,gubAHE,speak
HanbaTA,balA,HanbaTA,qara,dagobyA,balA,dagobyA,qara,kubkubA,balA,batahA,TaDA,HafA,tawagdoHalnA,sakArAmo,naqtA,qsu,TaD,mtTaTu,eat
tarAro,lAy,tasabsabu,tAlAqu,wkAtA,bamakAkal,yAla,gf,tamalkatu,balA,gfnnA,qmiyA,baHadArASocA,yAkamAcu,qn,nagar,yAdargu,HayAwqu,ylAl,eat
malaka,barAmA,HqEnbiltA,nfunA,bnyA,lAc,babEtHawE,lAy,HqEri,balA,HEfrE,bazalafA,qan,farasa,yhonAl,baHqEsrAHEl,nagado,baHqErgT,nagar,eat
saw,lD,tnbi,tanAgar,hm,bal,gEtA,HqEgziHab.hEr,ylAl,balA,qanu,qanu,qrb,HqEgziHab.hEr,qan,qrb,damanA,qan,Ha.hzAb,speak
Harakas,dam,yAfassu,qamANo,sawu,baHanci,baHanci,batarAro,lAy,balA,bamakAkal,sEsaNna,Hadaragu,baHanci,HabAtocA,hafrata,HsgA,galaTu,baHanci,eat
tawasada,bEl,Hafara,mErodAk,danagaTa,mslo,Hafaru,TA`otA,danagaTu,balA,.hzb,samE,waTtobAtAl,mdr,bAdmA,yAdargAl,qamaT,Hayga,saw,eat
bamEmfosnA,baTAfnAs,Hasamu,sayf,bazuriyA,yAla,baltoHalnA,tanaHs,tazagAD,balA,hAylaNo,tawagadu,HqEgziHab.hEr,slAdakamA,qomu,bzAtA,tasanAkala,saw,baHandu,speak
dasEto,HawrunA,HqEsrAHEl,batana,ysabasbawAl,HqEra,mangA,miTabq,yTabqawAl,balA,HqEgziHab.hEr,yA`qob,tabEZtotAl,baratu,HadnotAl,ymaTAlu,baxyo,tarArA,HqEll,eat
tarAro,lAy,yAlu,TabAqo,tanaHsu,xyo,HamlAkA,HqEgziHab.hEr,HqEnwTA,balA,CoKu,qan,ymaTAlnA,HqEgziHab.hEr,ylAlnA,yA`qob,das,ybalA,Ha.hzAb,eat
HqEnwTA,bla,CoKu,qan,ymaTAlnA,HqEgziHab.hEr,ylAlnA,yA`qob,das,balA,Ha.hzAb,Halaqo,HqEll,Hawru,Hamasgnu,HqEgziHab.hEr,.hzbu,HqEsrAHEl,qrEtA,eat
bla,HqEzazA,HqEsrAHEl,HamlAk,HsarA,gEtA,HqEgziHab.hEr,ylAl,gEtocA,balA,mdritu,bamdr,lAy,yAlu,sawocnnA,HqEnsso,batAlAq,hAylEnA,batazaragA,eat
malaka,nfu,balu,CoKA,hulA,tasabsabu,tamaSagu,tamo,HqEngbA,balA,samE,nagarnnA,xnu,TfA,HamaTAlahunA,xyo,`AlAmA,HanHsu,SSu,speak
yhonAlu,HqEgziHab.hEr,xnu,quTA,tamalasamnA,mAq,lbasu,qsu,wAy,balA,qan,ylAl,HqEgziHab.hEr,nguHsunA,makuAnntu,lb,yTafAl,kAhnAtu,ydanaqAlu,speak
yhonAlu,HqEgziHab.hEr,xnu,quTA,tamalasamnA,mAq,lbasu,qsu,wAy,balA,qan,ylAl,HqEgziHab.hEr,nguHsunA,makuAnntu,lb,yTafAl,kAhnAtu,ydanaqAlu,speak
bayhudA,tanAgaru,baHiyarusAlE,lAy,HawrunA,baHagaritu,lAy,malaka,nfu,balA,CoKA,hulA,tasabsabu,tamaSagu,tamo,HqEngbA,balu,samE,nagarnnA,eat
cgraNocu,rArtoHalnA,samAyA,zamru,mdr,das,ybal,tarAro,HqEll,balA,xyo,HqEgziHab.hEr,ttoNAl,gEtA,rastoNAl,Hala,bawnu,sEt,mAhxa,eat
dArcA,noru,HamlAkA,madhAni,yAyAlu,HqEgziHab.hEr,`qA,mtSakamu,HqElf,balA,HqElf,balu,wTu,rkus,nagar,Hatnku,wTu,nx.ha,hunu,eat
ngaru,mdr,dArcA,dras,HawrunA,HqEgziHab.hEr,bAriyA,yA`qob,tAdgotAl,balA,bamdra,badA,bamarA,taTamu,whA,`Alatu,HafalaqalA,`Alatu,sanaTaqa,eat
saw,nafs,HamlAk,saw,hATiHa,biHsarA,bamAhbaru,lAy,tquaTAla,balA,HqEgziHab.hEr,musE,tanAgara,mAhbaru,qorEnA,dAtA,HabEro,mAdariyA,zuriyA,eat
baknf,ywaTAlu,yroTAlu,HaytAktu,yhEdAlu,Haydakmu,dasEto,bafitE,zm,balA,Ha.hzAb,hAylA,yAdsu,yqrabu,ynAgaru,frd,Handna,HqEnqrab,mHsrAq,eat
nabiyA,TAfACunnA,HatAlAyu,nagar,qnu,nagar,Hatngaru,mangad,faqaq,balA,guadAnA,zawar,HqEsrAHEl,qdus,Haswagdu,yluHacawAl,HqEsrAHEl,qdus,ylAl,eat
HadArASo,Hafarasu,bAdmA,HadaraguA,tarsEs,markabo,mSgA,farsoHalnA,wAy,balA,qan,yhonAl,Tiros,nguHs,zaman,`Ama,yAhl,tarasA,thonAla,speak
badasE,mtnoru,babA.hr,mtSAgaru,donA,nagAdE,ngd,molubA,xaT,balA,Si.hor,zarnA,`AbAy,wanz,makar,babzu,who,lAy,gabi,eat
HamlAkA,HqEgziHab.hEr,qdus,nawnA,msgAnA,mazmur,mdr,HqEgziHab.hEr,HqEll,balA,badastA,HqEgziHab.hEr,tagazu,ba.haHsE,gbu,HqEgziHab.hEr,HamlAk,HqEwaqu,HsarA,eat
ybazAlu,tanaHsA,HabEtu,hATiHataNo,mtgadl,honhs,dam,sawu,faqaq,balA,bakfA,ynAgarubhAlnA,TalAto,bakantu,yAmxubhAl,HabEtu,Talu,TalA,Haydala,eat
Hasaba,mdr,dArcA,HamlAkA,mAdA,Hayu,mdr,HqEgziHab.hEr,HqEll,balA,Hamasgnu,das,ybalA,zamru,HqEgziHab.hEr,bamasanqo,bamasanqonA,bazmArE,dmx,eat
bazmArE,dmx,zamru,bawASntnA,bamalaka,dmx,banguHs,baHqEgziHab.hEr,HqEll,balA,bA.hrnA,molA,`Ala,noru,ynAwaTu,wanzo,baHandna,yACabCbu,tarAro,eat
baqdsnA,sfrA,HqEgziHab.hEr,sgadu,mdr,tnawAwaT,baHa.hzAb,HqEgziHab.hEr,nagaHsa,balA,HqEndAynAwaT,`Alamu,HaxanA,Ha.hzAb,baqnna,yfardAl,samAyA,das,ybalA,eat
HasAf,mazmur,baradHEtA,baHqEgziHab.hEr,das,ybalA,yA`qob,HamlAk,HqEll,balA,zmArE,HanHsu,baro,sTu,das,yAsaNa,baganA,masanqo,gArbamabAcA,eat
mazamrA,HalaqA,manaHsA,msgAnA,mazmur,bamdr,yAlA,HqEgziHab.hEr,HqEll,balA,smu,zamru,msgAnA,kbr,sTu,HqEgziHab.hEr,balu,HsrA,gru,eat
mazmur,Ha.hzAb,hulA,HqEDocA,HaCabCbu,badastA,qAl,HqEgziHab.hEr,HqEll,balA,HqEgziHab.hEr,l`ul,gru,nawnA,bamdr,lAy,tAlAq,nguHs,nawnA,eat
taquaTu,nagar,hATiHa,HatAdrgu,bamaNtA,sAlA,balbA,Hasbu,zm,balA,xdq,maHswA`,Hsawu,baHqEgziHab.hEr,tAmanu,bago,yAsAyanAl,HabEtu,brhA,eat
HayAsfarA,grmAws,HaywadqbA,mslEwocA,Hamad,mSgocA,CqA,mSgo,zm,balA,HqEnAgar,tawu,nagar,ymTAb,HsgA,baTrsE,HqEyzAla,.hywatE,baHqEDE,eat
baDoroHa,HadmTu,mugtE,HazagADcAla,mxadq,HawqAla,HqEnEs,fArad,zm,balA,HqEmotAla,nagar,nagar,HatAdrgb,sawar,Harq,grmA,HatAsdangTa,TrA,eat
hAylA,nawnA,Hatzanu,HalA,lEwA,qanu,taqadasa,nawnA,zm,balA,Hatzanu,bla,.hzbu,xaT,yAdargu,.hzbu,tanagaralA,qAl,HastawlawAlnA,eat
fatAyA,Halu,qomA,zalAla,zalAla,HamlAkA,HqEgziHab.hEr,bArku,hm,balA,babarakatnA,bamsgAnA,lAy,kaf,kaf,yAla,kbur,sm,ybArak,speak
baHqEsrAHEl,nagad,qanda,malaka,dmx,basamA,HabEsElo,bakEbro,nagaHsa,balA,gubaNo,lAka,taTaru,mato,sawu,HabEsElo,bayawAhna,HiyarusAlE,hEdu,speak
tagalaTa,HqEgziHab.hEr,musEnnA,Haro,tanAgarA,baqx,HaTafA,mAhbar,faqaq,balA,bagmbArA,wadqa,HamlAk,saw,nafs,HamlAk,saw,hATiHa,biHsarA,speak
HalA,sAHol,ba.hzbu,zorA,saw,barEwnnA,bagu,yAqrb,HqEradunA,balA,damu,bamablAtA,HqEgziHab.hEr,Hatbadlu,baluHa,Hala,saw,baHqEDu,yAla,speak
malaka,snnafA,basafaru,zuriyA,qanda,malakatA,nfu,HqEgziHab.hErnA,gEdEwo,balA,HalA,gEdEwo,mato,sawu,bamakAkala,tgA,tgAtu,bataDamara,safaru,eat
musE,tanAgara,mAhbaru,qorEnA,dAtA,HabEro,mAdariyA,zuriyA,faqaq,balA,ngarA,musE,tanaHsto,dAtAnnA,HabEro,hEda,HqEsrAHEl,SmAglE,takatalu,eat
musE,tanAgara,mAhbaru,qorEnA,dAtA,HabEro,mAdariyA,zuriyA,faqaq,balA,bla,ngarA,musE,tanaHsto,dAtAnnA,HabEro,hEda,HqEsrAHEl,SmAglE,eat
Haro,maganA,dnkuA,maTu,HqEgziHab.hEr,musE,tanAgara,mAhbar,faqaq,balA,baqx,HaTafAcawAla,bagmbArA,wadaqu,musE,Haro,TnA,wsad,maHsawiyA,eat
saw,bagzo,Hanuru,makarA,HqEnDarA,magbu,makarA,whA,HaTaTu,balA,Hala,mikyAs,badahnA,btmalas,HqEgziHab.hEr,tanAgara,Haydala,Hala,Ha.hzAb,eat
nguHs,Hadrga,yqbu,qanda,malaka,naftA,salomo,`Ama,yngaHs,balA,takatlA,wTu,maTto,bazufAnE,lAy,yqamaT,fAntA,yngaHs,baHqEsrAHElnA,speak
gEtA,lAy,zArE,wasda,HawqahAl,Halu,Hawo,HawqEHala,zm,balA,HalA,HElyAs,HElsA`,HqEgziHab.hEr,HiyAriko,lkoNAlnA,HqEbAk,qoy,Hala,eat
lDo,HElsA`,qarba,HqEgziHab.hEr,gEtA,lAy,zArE,wasda,HawqahAl,balA,Hawo,HawqEHala,zm,balu,malasa,HElyAs,HqEgziHab.hEr,yordAnos,lkoNAlnA,eat
yAdnu,SaSu,mxAmo,safaru,maDamariyA,dArcA,bamaTu,dnkuA,gabta,balA,TaTu,warqnA,br,lbs,wasadu,hEda,SaSagu,tamalsa,dnkuA,eat
samAyA,das,ybalA,mdr,.hasE,tAdrg,baHa.hzAb,HqEgziHab.hEr,nagaHsa,balA,bA.hrnA,molA,tnAwaT,baraha,baHqErsuA,yAlu,.haHsE,yAdrgu,bamdr,eat
Hadna,qdus,sm,HqEnAmasag,bamsgAnA,HqEnmakA,Ha.hzAb,sabsba,tAdaga,balA,zalAla,zalAla,HqEsrAHEl,HamlAk,HqEgziHab.hEr,ybArak,.hzbu,HamE,ybalu,eat
.hzb,tAlAq,hATiHa,HsartawAl,warq,HamAlk,HadrgawAl,hATiHatA,yqr,balA,yAlaziyA,xAfKa,max.haf,HqEbAk,damssa,Hala,HqEgziHab.hEr,musE,badala,eat
mAtA,HsgA,tbalAlA,mAladA,HqEnDarA,tTagbAlA,HqEgziHab.hEr,HamlAkA,tAwqAlA,balA,hm,bamaSa,drCto,maTu,safaru,danu,mAladA,basafaru,zuriyA,speak
waTta,sAyrqu,yosEf,bEtu,HazAZ,Hala,tanaHsta,takatalA,badarashbA,balA,bamalkAmu,fAntA,malasA,gEtA,TaTA,mHsTir,yAwq,xwA,Haydala,eat
HqEsrAHEl,lDo,lqso,samA,qAl,kidAnE,Hasab,HqEsrAHEl,lDo,balA,HqEgziHab.hEr,gbxA,bArna,HawaTAchuAla,tagaZnatA,HadnAchuAla,batazaragA,knd,batAlAq,eat
gbx,mdr,baraka,HqEsaTAchuAla,mdritu,sb,tbalAlA,wandmo,Hadrgu,balA,gbx,mdr,.hxAnAtocA,sEtocA,saragalo,wsadu,HabAtA,yzA,`qA,eat
HEwiyA,yAbusA,Hagar,watatnA,mAr,wadamtAfass,Hagar,HawaTAchuAla,tagalaTal,balA,qAl,ysamAlu,HantanA,HqEsrAHEl,SmAglE,gbx,nguHs,tgabAlA,`brA,eat
dandAnA,.hzb,nAc,bwaTA,HaTafAchuAla,mAdargbA,Hawq,gETA,HawTu,balA,Hala,HqEsrAHEl,lDo,korEb,tarArA,Damra,gETA,HawaTu,musE,eat
