Lcontext1,target word,Rcontext1,class
yAhl,tanasA,`AlAmA,stand
hAlAfi,tanasA,gl,stand
tanasubA,tanasA,Halam,stand
noru,tanasA,tanasta,stand
hAlAfinatA,tanasA,mnCo,stand
slTA,tanasA,matAsarAcawnA,stand
tATqa,tanasA,kulA,stand
CbCabA,tanasA,kAstro,cause
HababA,tanasA,naCuA,stand
blA,tanasA,gundA,stand
zalA,tanasA,qaT,stand
mot,tanasA,tablo,stand
gAstrikE,tanasA,ylAlu,stand
mot,tanasA,dras,stand
maqamaCA,tanasA,Hakbro,cause
mAbarka,tanasA,takasata,stand
zar,tanasA,sfA,stand
mAHqEbal,tanasA,spA,cause
wr,tanasA,HamErikA,stand
HqEkatalAla,tanasA,dEmokrAsi,stand
magalbaT,tanasA,mil,stand
mamulAtu,tanasA,dAga,cause
HayahunA,tanasA,dAgos,stand
mAla,tanasA,lboladu,stand
wadaqa,tanasA,CaraqA,cause
taqAwmo,tanasA,zEguacuA,cause
HarAgfa,tanasA,HqEni,cause
HababA,tanasA,naCuA,stand
maTta,tanasA,hid,cause
nagA,tanasA,HahyAytu,stand
taqamaTu,tanasA,zarEd,cause
Halho,tanasA,.hzbu,cause
TuAt,tanasA,flmiyA,stand
Hangba,tanasA,tATAqi,stand
fargusa,tanasA,fotogrAf,stand
mAstAwaSA,tanasA,tanasA,stand
gAwA,tanasA,fotogrAf,stand
zala,tanasA,gAla,stand
bla,tanasA,marE,cause
qurTaNna,tanasA,mangHstA,stand
mot,tanasA,samAy,stand
tElE,tanasA,mAlatA,stand
tATqo,tanasA,nurowu,cause
zamacA,tanasA,gudAyo,stand
zarf,tanasA,TyAqE,stand
rmuAl,tanasA,gudAyo,stand
TyAqE,tanasA,proDaktu,stand
tAriko,tanasA,hagarAtu,stand
ymaslaNAl,tanasA,hasAbo,stand
smA,tanasA,sawu,stand
TyAqE,tanasA,HqEwna,stand
CawAtA,tanasA,wadADA,stand
markab,tanasA,sunAmi,stand
sark,tanasA,TAlu,stand
yzo,tanasA,HigAd,stand
mimalaka,tanasA,TyAqE,stand
krkr,tanasA,HsrA,stand
yzo,tanasA,`AlAmA,stand
polatikA,tanasA,tanasA,stand
mAla,tanasA,naTb,stand
sawu,tanasA,TyAqE,stand
bagadAmu,tanasA,TyAqE,stand
sawu,tanasA,TyAqE,stand
mlA,tanasA,naTb,stand
yzo,tanasA,bab.hEr,stand
yzo,tanasA,polatikA,stand
HamarAr,tanasA,HamarAru,stand
yzo,tanasA,HidEpA,stand
badgAmi,tanasA,HastayAya,stand
badgAmi,tanasA,HastayAya,stand
taragomu,tanasA,tmhrt,stand
HslAsE,tanasA,kAti,cause
wzgb,tanasA,Hada,stand
hAymAno,tanasA,.hasAb,stand
zm,tanasA,warE,stand
Damro,tanasA,ganzabnA,stand
HqEndAlu,tanasA,HqEsA,stand
HqEsA,tanasA,HqEskA,cause
maTayaq,tanasA,mAramiyA,stand
mahonunA,tanasA,tadaraga,stand
pArti,tanasA,hAsAb,stand
pArti,tanasA,hAsAb,stand
pArti,tanasA,hAsAb,stand
yAsA,tanasA,talaya,stand
kfl,tanasA,HqEsA,cause
HasAfro,tanasA,HawroplAnu,stand
HakAbAbi,tanasA,drq,stand
HakAbAbi,tanasA,sadad,stand
mAhbarA,tanasA,Tmra,stand
smEtnA,tanasA,fta,stand
HqEndAlu,tanasA,HqEsA,stand
HqEsA,tanasA,HqEskA,cause
bEt,tanasA,grgr,stand
yAsA,tanasA,talaya,stand
pArti,tanasA,hAsAb,stand
minor,tanasA,mawsad,cause
zarf,tanasA,zagADu,stand
mawTA,tanasA,taqAwmonnA,stand
TAqasu,tanasA,frdu,cause
fil,tanasA,tuwArEg,stand
flsfnA,tanasA,HascagAri,stand
gugu,tanasA,Tga,stand
mrE,tanasA,miyATafu,stand
slAla,tanasA,baHafaxAxa,stand
polatikA,tanasA,yAla,stand
polatikA,tanasA,yAla,stand
polatikA,tanasA,yAlA,stand
bAlamAgNa,tanasA,`Ala,stand
HafaxAxa,tanasA,HElEktrik,stand
TabAbna,tanasA,hlmA,stand
manfas,tanasA,saw,stand
mahonu,tanasA,HagarnnA,stand
maTariyA,tanasA,gl,stand
mAlatu,tanasA,Torna,stand
qand,tanasA,HafrikA,stand
mknyAto,tanasA,HisAyAs,stand
HqEsraNo,tanasA,xab,stand
xnA,tanasA,snqA,stand
gadAy,tanasA,fta,stand
bluAl,tanasA,HsrA,stand
wfratA,tanasA,gbi,stand
mahonA,tanasA,yAsdanagTAlu,stand
bAhry,tanasA,HabEtutA,stand
TlAcA,tanasA,tafaTro,stand
gmtA,tanasA,cAynAnA,stand
nqatA,tanasA,Tqur,stand
HqETo,tanasA,.hkmnA,stand
mknyAto,tanasA,TEnA,stand
Hawtobsu,tanasA,HqEsA,stand
frhA,tanasA,ySAlAl,cause
mAdnaqA,tanasA,hAq,stand
migadadu,tanasA,HsrA,stand
Hadrga,tanasA,tagalabAbAC,stand
xnA,tanasA,snqA,stand
HabzANocu,tanasA,tagadalu,cause
wfratA,tanasA,gbi,stand
kfl,tanasA,HakAbAbi,cause
mAnas,tanasA,tmhrt,stand
HqETra,tanasA,hxAnAtu,stand
mAnas,tanasA,tmhrtA,stand
mAnas,tanasA,tmharatA,stand
mAnas,tanasA,tmharatA,stand
cgro,tanasA,madaba,stand
kflo,tanasA,kfl,stand
bAlamAgNa,tanasA,`Ala,stand
qdmiyA,tanasA,mawsaduA,cause
HafaxAxa,tanasA,HElEktrik,stand
zar,tanasA,sfA,stand
TabAbna,tanasA,hlmA,stand
mahonu,tanasA,HagarnnA,stand
yzo,tanasA,`AlAmA,stand
HaquA,tanasA,tawasada,stand
gzufnatA,tanasA,botA,stand
HamalakAkato,tanasA,mabt,cause
sfA,tanasA,kAti,stand
yAlamamacAca,tanasA,gAbcA,cause
TaqamEtAHawqo,tanasA,gdEtA,stand
fAydA,tanasA,hAgarA,cause
mAglalu,tanasA,HafrikA,stand
yAsA,tanasA,rbrb,stand
walid,tanasA,hlfa,stand
bEt,tanasA,grgr,stand
waradA,tanasA,gC,cause
mAnas,tanasA,tabla,stand
gaTama,tanasA,proDaktu,stand
qorTo,tanasA,hagarA,stand
nqatu,tanasA,naDi,stand
HadmA,tanasA,tmhrt,stand
mknyAto,tanasA,gudA,cause
maguAdal,tanasA,TrE,stand
HqEwuqa,tanasA,Tayaqu,stand
pArti,tanasA,manbar,stand
yAwazAgb,tanasA,zandro,cause
proDak,tanasA,kEnyA,stand
TqA,tanasA,tal`ko,stand
hg,tanasA,takalakala,stand
lyuna,tanasA,klkalA,stand
HadArina,tanasA,tagodA,stand
cgro,tanasA,mifalgu,stand
gfi,tanasA,marAhita,stand
ping,tanasA,hbratu,cause
HqEmbitaNna,tanasA,HqEsA,stand
mknyAto,tanasA,lElocu,cause
Haqrbo,tanasA,Hagaro,stand
san,tanasA,HandAnd,stand
hEduAl,tanasA,kAlafu,cause
bzA,tanasA,`Ala,stand
taTayAqi,tanasA,maskara,stand
hgu,tanasA,tAnzAnyA,stand
ragaTA,tanasA,hagar,stand
yAsAfr,tanasA,turk,cause
qaw,tanasA,Habuna,stand
kokEy,tanasA,qalAlu,cause
mknyAto,tanasA,bago,stand
tabalASa,tanasA,HEnrikE,stand
marakab,tanasA,HqEHaHa,cause
gudAtaNnatE,tanasA,HqEskA,cause
gTmA,tanasA,HqEHsrAHEl,cause
sEtnatA,tanasA,`Ala,stand
cl,tanasA,maDamariyA,stand
