Lcontext2,Lcontext1,target word,Rcontext1,Rcontext2,class
zAnu,yAhl,tanasA,`AlAmA,liqAra,stand
krkr,hAlAfi,tanasA,gl,gAzETo,stand
linaTquA,tanasubA,tanasA,Halam,mangs,stand
zuriyA,noru,tanasA,tanasta,HakAbAbi,stand
tafari,hAlAfinatA,tanasA,mnCo,hAlAfinatA,stand
hAlAfi,slTA,tanasA,matAsarAcawnA,makasasA,stand
mAgAlaT,tATqa,tanasA,kulA,lk,stand
tamalkA,CbCabA,tanasA,kAstro,tadanqa,cause
Hadis,HababA,tanasA,naCuA,minibAs,stand
HqElakAla,blA,tanasA,gundA,HqEndAnho,stand
tagAdama,zalA,tanasA,qaT,blA,stand
t`gs,mot,tanasA,tablo,HakAbAbi,stand
yAci,gAstrikE,tanasA,ylAlu,dmxA,stand
HqEsrAHEl,mot,tanasA,dras,Halam,stand
silu,maqamaCA,tanasA,Hakbro,SaNanA,cause
drSA,mAbarka,tanasA,takasata,Hasfari,stand
saw,zar,tanasA,sfA,tasfAfA,stand
hayla,mAHqEbal,tanasA,spA,tAlAlAq,cause
wr,wr,tanasA,HamErikA,nxxr,stand
HambAgananna,HqEkatalAla,tanasA,dEmokrAsi,TAras,stand
mangs,magalbaT,tanasA,mil,bAstalAlafa,stand
HasrA,mamulAtu,tanasA,dAga,stwaTA,cause
sa`AtE,HayahunA,tanasA,dAgos,yAla,stand
cAl,mAla,tanasA,lboladu,gaxabAhry,stand
yzA,wadaqa,tanasA,CaraqA,xahay,cause
bAhrEy,taqAwmo,tanasA,zEguacuA,tAnknA,cause
HabuArA,HarAgfa,tanasA,HqEni,biliyEnaro,cause
Hadis,HababA,tanasA,naCuA,minibAs,stand
yTaru,maTta,tanasA,hid,nagar,cause
`Am,nagA,tanasA,HahyAytu,Cno,stand
sfrA,taqamaTu,tanasA,zarEd,fafA,cause
kAlATafA,Halho,tanasA,.hzbu,qads,cause
naga,TuAt,tanasA,flmiyA,yqaTlAl,stand
nafT,Hangba,tanasA,tATAqi,kulA,stand
HalaqA,fargusa,tanasA,fotogrAf,mAsdagaf,stand
ln,mAstAwaSA,tanasA,tanasA,kflu,stand
mamaraqiyA,gAwA,tanasA,fotogrAf,sAlo,stand
maqamaCA,zala,tanasA,gAla,CbCabA,stand
HakafAflAla,bla,tanasA,marE,Tqur,cause
mATfA,qurTaNna,tanasA,mangHstA,sEto,stand
ynAgarAlu,mot,tanasA,samAy,talAku,stand
mogta,tElE,tanasA,mAlatA,Halqara,stand
srA,tATqo,tanasA,nurowu,mASASAlnA,cause
mATfA,zamacA,tanasA,gudAyo,tawasna,stand
trAnspor,zarf,tanasA,TyAqE,mkr,stand
tAraqa,rmuAl,tanasA,gudAyo,max.hafu,stand
Tafto,TyAqE,tanasA,proDaktu,hAlAfi,stand
yAyubA,tAriko,tanasA,hagarAtu,maHswA`tna,stand
cAl,ymaslaNAl,tanasA,hasAbo,mAsradA,stand
mahonu,smA,tanasA,sawu,tArik,stand
HqEnclAla,TyAqE,tanasA,HqEwna,HqEwna,stand
guAdaNocE,CawAtA,tanasA,wadADA,zandro,stand
maslanawAl,markab,tanasA,sunAmi,yAlu,stand
tamalkAco,sark,tanasA,TAlu,gudAyo,stand
`AlAmA,yzo,tanasA,HigAd,yKE,stand
Habal,mimalaka,tanasA,TyAqE,nagar,stand
pArking,krkr,tanasA,HsrA,mafTar,stand
mAdrag,yzo,tanasA,`AlAmA,taqadA,stand
taqanAqA,polatikA,tanasA,tanasA,tawasada,stand
yfalgAl,mAla,tanasA,naTb,`Aynatu,stand
bAlA,sawu,tanasA,TyAqE,bamAla,stand
tagaNta,bagadAmu,tanasA,TyAqE,mlA,stand
bAlA,sawu,tanasA,TyAqE,bamAla,stand
ministru,mlA,tanasA,naTb,bAlnA,stand
.hwa.hA,yzo,tanasA,bab.hEr,tamaHsarata,stand
manaSA,yzo,tanasA,polatikA,mar,stand
baHi.hHadEg,HamarAr,tanasA,HamarAru,gorA,stand
HaydiyoloDi,yzo,tanasA,HidEpA,liqamanbar,stand
baHandAndocu,badgAmi,tanasA,HastayAya,HityoPyA,stand
baHandAndocu,badgAmi,tanasA,HastayAya,musnA,stand
babAlamuyA,taragomu,tanasA,tmhrt,ministEr,stand
hAyla,HslAsE,tanasA,kAti,Habyo,cause
yAla,wzgb,tanasA,Hada,HawalyA,stand
baHqErgT,hAymAno,tanasA,.hasAb,lyuna,stand
ySAlAl,zm,tanasA,warE,mAgobdad,stand
zArE,Damro,tanasA,ganzabnA,Hikonomi,stand
HapArtmantA,HqEndAlu,tanasA,HqEsA,hywatA,stand
qaTafa,HqEsA,tanasA,HqEskA,bAytAwaq,cause
yqrtA,maTayaq,tanasA,mAramiyA,bEt,stand
tazagADa,mahonunA,tanasA,tadaraga,dldl,stand
taqAwAmi,pArti,tanasA,hAsAb,mAsAkA,stand
mawsd,pArti,tanasA,hAsAb,tawayAyto,stand
taqAwAmi,pArti,tanasA,hAsAb,mAsAkA,stand
mawsad,yAsA,tanasA,talaya,mzagabA,stand
mATAriyA,kfl,tanasA,HqEsA,zArE,cause
mangadaNo,HasAfro,tanasA,HawroplAnu,zArE,stand
Hadaru,HakAbAbi,tanasA,drq,gudA,stand
tarArA,HakAbAbi,tanasA,sadad,HqEsA,stand
vil,mAhbarA,tanasA,Tmra,faTra,stand
HagarAwi,smEtnA,tanasA,fta,minA,stand
HapArtmantA,HqEndAlu,tanasA,HqEsA,hywatA,stand
qaTafa,HqEsA,tanasA,HqEskA,bAytAwaq,cause
maTaT,bEt,tanasA,grgr,sAbiyA,stand
mawsad,yAsA,tanasA,talaya,mzagabA,stand
mawsd,pArti,tanasA,hAsAb,tawayAyto,stand
maCamar,minor,tanasA,mawsad,gudAyu,cause
mAsAdag,zarf,tanasA,zagADu,yAlu,stand
maraDA,mawTA,tanasA,taqAwmonnA,quTA,stand
hgamangstA,TAqasu,tanasA,frdu,mot,cause
hagaritu,fil,tanasA,tuwArEg,`Amax,stand
mangHs,flsfnA,tanasA,HascagAri,mahonu,stand
kAlA,gugu,tanasA,Tga,HastasAsabA,stand
bEt,mrE,tanasA,miyATafu,riporto,stand
kfta,slAla,tanasA,baHafaxAxa,zEgo,stand
SbrtaNna,polatikA,tanasA,yAla,wanDal,stand
kAla,polatikA,tanasA,yAla,wanDal,stand
nagar,polatikA,tanasA,yAlA,glasabo,stand
mgb,bAlamAgNa,tanasA,`Ala,Haqaf,stand
cl,HafaxAxa,tanasA,HElEktrik,hAyl,stand
HqEdlu,TabAbna,tanasA,hlmA,mangad,stand
HawasAsadu,manfas,tanasA,saw,gudAyu,stand
tadarAdAri,mahonu,tanasA,HagarnnA,hzb,stand
lyu,maTariyA,tanasA,gl,TEnA,stand
HqEmbi,mAlatu,tanasA,Torna,takafto,stand
HafrikA,qand,tanasA,HafrikA,qand,stand
tazarazaru,mknyAto,tanasA,HisAyAs,mangHs,stand
wAlu,HqEsraNo,tanasA,xab,hywat,stand
`mnatA,xnA,tanasA,snqA,HqEgrA,stand
tanasto,gadAy,tanasA,fta,gudA,stand
Haydalu,bluAl,tanasA,HsrA,qaqa,stand
Tabaqu,wfratA,tanasA,gbi,makinA,stand
mararu,mahonA,tanasA,yAsdanagTAlu,Sbr,stand
HawAki,bAhry,tanasA,HabEtutA,qarbo,stand
maTlA,TlAcA,tanasA,tafaTro,hg,stand
mil,gmtA,tanasA,cAynAnA,rusiyA,stand
kubAnyA,nqatA,tanasA,Tqur,hzb,stand
HsrA,HqETo,tanasA,.hkmnA,doktrE,stand
mATA,mknyAto,tanasA,TEnA,taquAmA,stand
HadagA,Hawtobsu,tanasA,HqEsA,tafaqadala,stand
mifaTarbA,frhA,tanasA,ySAlAl,mAla,cause
bazA,mAdnaqA,tanasA,hAq,mafAtA,stand
mAwTA,migadadu,tanasA,HsrA,malqaq,stand
gudAyA,Hadrga,tanasA,tagalabAbAC,darAsi,stand
`mnatA,xnA,tanasA,snqA,HqEgrA,stand
bAldarabocu,HabzANocu,tanasA,tagadalu,gAzETa,cause
Tabaqu,wfratA,tanasA,gbi,makinA,stand
mAgNatA,kfl,tanasA,HakAbAbi,waTAto,cause
Haq,mAnas,tanasA,tmhrt,yAquArTu,stand
mgb,HqETra,tanasA,hxAnAtu,gaTmA,stand
Haq,mAnas,tanasA,tmhrtA,yAquArTu,stand
Haq,mAnas,tanasA,tmharatA,liyAquArTu,stand
Haq,mAnas,tanasA,tmharatA,liyAquArTu,stand
galaxu,cgro,tanasA,madaba,tmhrt,stand
mamAriyA,kflo,tanasA,kfl,tamAri,stand
mgb,bAlamAgNa,tanasA,`Ala,Haqaf,stand
quAquA,qdmiyA,tanasA,mawsaduA,quAquAma,cause
cl,HafaxAxa,tanasA,HElEktrik,hAyl,stand
saw,zar,tanasA,sfA,tasfAfA,stand
HqEdlu,TabAbna,tanasA,hlmA,mangad,stand
tadarAdAri,mahonu,tanasA,HagarnnA,hzb,stand
mAdrag,yzo,tanasA,`AlAmA,taqadA,stand
polatikA,HaquA,tanasA,tawasada,mAsmasal,stand
kompiyutaro,gzufnatA,tanasA,botA,botA,stand
huAlAqar,HamalakAkato,tanasA,mabt,Tsato,cause
cgru,sfA,tanasA,kAti,HasrA,stand
hunEtA,yAlamamacAca,tanasA,gAbcA,mafaxa,cause
gbr,TaqamEtAHawqo,tanasA,gdEtA,waqtu,stand
gul,fAydA,tanasA,hAgarA,tafarAraqu,cause
wddru,mAglalu,tanasA,HafrikA,HqEgr,stand
Hadaru,yAsA,tanasA,rbrb,tasfA,stand
HqEnAto,walid,tanasA,hlfa,tawasada,stand
maTaT,bEt,tanasA,grgr,sAbiyA,stand
HagorAbA,waradA,tanasA,gC,tasAtafu,cause
gnzAbE,mAnas,tanasA,tabla,tafaTaru,stand
cgr,gaTama,tanasA,proDaktu,yTanAqaqAl,stand
`dga,qorTo,tanasA,hagarA,hzb,stand
takafata,nqatu,tanasA,naDi,mamalka,stand
HsrA,HadmA,tanasA,tmhrt,maquAraTu,stand
masmar,mknyAto,tanasA,gudA,darasa,cause
TrA,maguAdal,tanasA,TrE,qodA,stand
HafriqA,HqEwuqa,tanasA,Tayaqu,TyAqE,stand
kASanafa,pArti,tanasA,manbar,qaTAnA,stand
hbratu,yAwazAgb,tanasA,zandro,mrCA,cause
HangElE,proDak,tanasA,kEnyA,hywat,stand
misanazar,TqA,tanasA,tal`ko,mAkanAwanu,stand
Sari`A,hg,tanasA,takalakala,saw,stand
qala,lyuna,tanasA,klkalA,daragAbA,stand
sEta,HadArina,tanasA,tagodA,nAyDEriyAwi,stand
tmhrtA,cgro,tanasA,mifalgu,Tru,stand
brtu,gfi,tanasA,marAhita,mangs,stand
ZAn,ping,tanasA,hbratu,britAnyA,cause
bAgbo,HqEmbitaNna,tanasA,HqEsA,hagaritu,stand
galA,mknyAto,tanasA,lElocu,tamo,cause
tmhrt,Haqrbo,tanasA,Hagaro,Halam,stand
maTA,san,tanasA,HandAnd,hagaritu,stand
Tababa,hEduAl,tanasA,kAlafu,`AmatA,cause
sdataNo,bzA,tanasA,`Ala,maTalayA,stand
r`yo,taTayAqi,tanasA,maskara,TqA,stand
kAsamu,hgu,tanasA,tAnzAnyA,yugAndA,stand
mabt,ragaTA,tanasA,hagar,`Abiy,stand
liyAsqoma,yAsAfr,tanasA,turk,dnbar,cause
tamAytu,qaw,tanasA,Habuna,pitar,stand
ganzab,kokEy,tanasA,qalAlu,mAygama,cause
linora,mknyAto,tanasA,bago,HastasAsab,stand
hunEtA,tabalASa,tanasA,HEnrikE,rozA,stand
hAlAfinatu,marakab,tanasA,HqEHaHa,magAbi,cause
HakAl,gudAtaNnatE,tanasA,HqEskA,srA,cause
maTAl,gTmA,tanasA,HqEHsrAHEl,hagar,cause
HafriqAwinatAcawnA,sEtnatA,tanasA,`Ala,lmAtnA,stand
maquAquA,cl,tanasA,maDamariyA,Sangal,stand
