Lcontext3,Lcontext2,Lcontext1,target word,Rcontext1,Rcontext2,Rcontext3,class
minA,zAnu,yAhl,tanasA,`AlAmA,liqAra,HqEskamicl,stand
tamalakata,krkr,hAlAfi,tanasA,gl,gAzETo,qadma,stand
slTAnA,linaTquA,tanasubA,tanasA,Halam,mangs,maTto,stand
dngAyo,zuriyA,noru,tanasA,tanasta,HakAbAbi,safru,stand
sagad,tafari,hAlAfinatA,tanasA,mnCo,hAlAfinatA,tanasu,stand
srA,hAlAfi,slTA,tanasA,matAsarAcawnA,makasasA,tAwas,stand
maho,mAgAlaT,tATqa,tanasA,kulA,lk,HqEndAnta,stand
skrinu,tamalkA,CbCabA,tanasA,kAstro,tadanqa,sAyAbaqu,cause
yzA,Hadis,HababA,tanasA,naCuA,minibAs,fituA,stand
HakAl,HqElakAla,blA,tanasA,gundA,HqEndAnho,maTanqaq,stand
taqoTA,tagAdama,zalA,tanasA,qaT,blA,qoma,stand
qan,t`gs,mot,tanasA,tablo,HakAbAbi,hzb,stand
damo,yAci,gAstrikE,tanasA,ylAlu,dmxA,qlAxE,stand
zArE,HqEsrAHEl,mot,tanasA,dras,Halam,HqEytA,stand
warAD,silu,maqamaCA,tanasA,Hakbro,SaNanA,wadiyA,cause
mato,drSA,mAbarka,tanasA,takasata,Hasfari,HsrA,stand
HadagA,saw,zar,tanasA,sfA,tasfAfA,maTA,stand
Hayqar,hayla,mAHqEbal,tanasA,spA,tAlAlAq,markabo,cause
tanqasAqasu,wr,wr,tanasA,HamErikA,nxxr,sttAy,stand
pArti,HambAgananna,HqEkatalAla,tanasA,dEmokrAsi,TAras,HaydiyoloDi,stand
qrbu,mangs,magalbaT,tanasA,mil,bAstalAlafa,TnA,stand
TawA,HasrA,mamulAtu,tanasA,dAga,stwaTA,bAga,cause
HaqACalub,sa`AtE,HayahunA,tanasA,dAgos,yAla,tip,stand
mAdrag,cAl,mAla,tanasA,lboladu,gaxabAhry,faDa,stand
sawnatuA,yzA,wadaqa,tanasA,CaraqA,xahay,HadnAqi,cause
qaTala,bAhrEy,taqAwmo,tanasA,zEguacuA,tAnknA,matrayas,cause
dhna,HabuArA,HarAgfa,tanasA,HqEni,biliyEnaro,balA,cause
yzA,Hadis,HababA,tanasA,naCuA,minibAs,fituA,stand
maTto,yTaru,maTta,tanasA,hid,nagar,mnagr,cause
Hala,`Am,nagA,tanasA,HahyAytu,Cno,mo`Ab,stand
HaTafuHa,sfrA,taqamaTu,tanasA,zarEd,fafA,taSAgaru,cause
makAkalA,kAlATafA,Halho,tanasA,.hzbu,qads,hm,cause
HqEdarnA,naga,TuAt,tanasA,flmiyA,yqaTlAl,HqErA,stand
maTAl,nafT,Hangba,tanasA,tATAqi,kulA,Sggru,stand
stbAl,HalaqA,fargusa,tanasA,fotogrAf,mAsdagaf,HqEDE,stand
gAda,ln,mAstAwaSA,tanasA,tanasA,kflu,gdgdA,stand
waqt,mamaraqiyA,gAwA,tanasA,fotogrAf,sAlo,mAgECA,stand
naqis,maqamaCA,zala,tanasA,gAla,CbCabA,CobE,stand
gabarE,HakafAflAla,bla,tanasA,marE,Tqur,dhA,cause
HagarA,mATfA,qurTaNna,tanasA,mangHstA,sEto,wandocnA,stand
tawarA,ynAgarAlu,mot,tanasA,samAy,talAku,mal`k,stand
daraDA,mogta,tElE,tanasA,mAlatA,Halqara,qdma,stand
Handna,srA,tATqo,tanasA,nurowu,mASASAlnA,hywatu,cause
sm,mATfA,zamacA,tanasA,gudAyo,tawasna,qaru,stand
taHsarA,trAnspor,zarf,tanasA,TyAqE,mkr,bEtu,stand
gabru,tAraqa,rmuAl,tanasA,gudAyo,max.hafu,qadAmi,stand
taquArAC,Tafto,TyAqE,tanasA,proDaktu,hAlAfi,mlA,stand
makarA,yAyubA,tAriko,tanasA,hagarAtu,maHswA`tna,falu,stand
manAgar,cAl,ymaslaNAl,tanasA,hasAbo,mAsradA,brhAnu,stand
HanagAgAri,mahonu,smA,tanasA,sawu,tArik,Hsos,stand
lnSaSaws,HqEnclAla,TyAqE,tanasA,HqEwna,HqEwna,maSa,stand
tamalakata,guAdaNocE,CawAtA,tanasA,wadADA,zandro,Had,stand
markab,maslanawAl,markab,tanasA,sunAmi,yAlu,hAsAb,stand
fil,tamalkAco,sark,tanasA,TAlu,gudAyo,tamalkA,stand
polatikAwi,`AlAmA,yzo,tanasA,HigAd,yKE,sltu,stand
wlo,Habal,mimalaka,tanasA,TyAqE,nagar,mAlaqu,stand
Haydala,pArking,krkr,tanasA,HsrA,mafTar,makarAkariyA,stand
sAbi,mAdrag,yzo,tanasA,`AlAmA,taqadA,HastasAsab,stand
yAzu,taqanAqA,polatikA,tanasA,tanasA,tawasada,mAsmasal,stand
HslTanA,yfalgAl,mAla,tanasA,naTb,`Aynatu,cgr,stand
HaDandA,bAlA,sawu,tanasA,TyAqE,bamAla,tanasA,stand
studiyo,tagaNta,bagadAmu,tanasA,TyAqE,mlA,saTu,stand
HaDandA,bAlA,sawu,tanasA,TyAqE,bamAla,taqAwmo,stand
miwasd,ministru,mlA,tanasA,naTb,bAlnA,mis,stand
qANa,.hwa.hA,yzo,tanasA,bab.hEr,tamaHsarata,gaTar,stand
Hi.hHadEg,manaSA,yzo,tanasA,polatikA,mar,maHsara,stand
mahonunu,baHi.hHadEg,HamarAr,tanasA,HamarAru,gorA,fala,stand
HamArAC,HaydiyoloDi,yzo,tanasA,HidEpA,liqamanbar,ldatu,stand
baHqErgT,baHandAndocu,badgAmi,tanasA,HastayAya,HityoPyA,musnA,stand
baHqErgT,baHandAndocu,badgAmi,tanasA,HastayAya,musnA,xadA,stand
quAnquA,babAlamuyA,taragomu,tanasA,tmhrt,ministEr,tmhrt,stand
baHaxE,hAyla,HslAsE,tanasA,kAti,Habyo,badarg,cause
HakAbAbi,yAla,wzgb,tanasA,Hada,HawalyA,Hsr`Ata,stand
ligabA,baHqErgT,hAymAno,tanasA,.hasAb,lyuna,mangHstnnA,stand
mahEd,ySAlAl,zm,tanasA,warE,mAgobdad,Habro,stand
tAks,zArE,Damro,tanasA,ganzabnA,Hikonomi,lmA,stand
manoriyA,HapArtmantA,HqEndAlu,tanasA,HqEsA,hywatA,lAlafa,stand
hywat,qaTafa,HqEsA,tanasA,HqEskA,bAytAwaq,HqEsAtu,cause
taquAmA,yqrtA,maTayaq,tanasA,mAramiyA,bEt,gaNutyadarg,stand
TnqAqE,tazagADa,mahonunA,tanasA,tadaraga,dldl,fthAwi,stand
law,taqAwAmi,pArti,tanasA,hAsAb,mAsAkA,HqEnsarAla,stand
lmd,mawsd,pArti,tanasA,hAsAb,tawayAyto,hgu,stand
law,taqAwAmi,pArti,tanasA,hAsAb,mAsAkA,HqEnsarAla,stand
kArd,mawsad,yAsA,tanasA,talaya,mzagabA,waqt,stand
Cs,mATAriyA,kfl,tanasA,HqEsA,zArE,TawAtu,cause
mulu,mangadaNo,HasAfro,tanasA,HawroplAnu,zArE,TawA,stand
yTanqaqu,Hadaru,HakAbAbi,tanasA,drq,gudA,sAyAskatl,stand
zquAlA,tarArA,HakAbAbi,tanasA,sadad,HqEsA,mATfA,stand
Hasr,vil,mAhbarA,tanasA,Tmra,faTra,mrCA,stand
HabAlAtu,HagarAwi,smEtnA,tanasA,fta,minA,tayAyAza,stand
manoriyA,HapArtmantA,HqEndAlu,tanasA,HqEsA,hywatA,lAlafa,stand
hywat,qaTafa,HqEsA,tanasA,HqEskA,bAytAwaq,HqEsAtu,cause
tagadala,maTaT,bEt,tanasA,grgr,sAbiyA,mahonu,stand
kArd,mawsad,yAsA,tanasA,talaya,mzagabA,waqt,stand
lmd,mawsd,pArti,tanasA,hAsAb,tawayAyto,hgu,stand
dgAf,maCamar,minor,tanasA,mawsad,gudAyu,wyytnA,cause
daraDA,mAsAdag,zarf,tanasA,zagADu,yAlu,Hawda,stand
misTirAwi,maraDA,mawTA,tanasA,taqAwmonnA,quTA,galxu,stand
HaranguAdE,hgamangstA,TAqasu,tanasA,frdu,mot,silu,cause
samEnAwi,hagaritu,fil,tanasA,tuwArEg,`Amax,mAbqA,stand
lmAtAwi,mangHs,flsfnA,tanasA,HascagAri,mahonu,balAy,stand
manor,kAlA,gugu,tanasA,Tga,HastasAsabA,bamAla,stand
fdA,bEt,mrE,tanasA,miyATafu,riporto,HityoPyA,stand
mac,kfta,slAla,tanasA,baHafaxAxa,zEgo,gudA,stand
madANa,SbrtaNna,polatikA,tanasA,yAla,wanDal,SbrtaNna,stand
HadargawAla,kAla,polatikA,tanasA,yAla,wanDal,nagaro,stand
liqaTA,nagar,polatikA,tanasA,yAlA,glasabo,honu,stand
baqi,mgb,bAlamAgNa,tanasA,`Ala,Haqaf,daraDA,stand
maho,cl,HafaxAxa,tanasA,HElEktrik,hAyl,taTaqAmi,stand
noruA,HqEdlu,TabAbna,tanasA,hlmA,mangad,qara,stand
mAstAwaSA,HawasAsadu,manfas,tanasA,saw,gudAyu,HanSawArro,stand
TankArA,tadarAdAri,mahonu,tanasA,HagarnnA,hzb,gudA,stand
mil,lyu,maTariyA,tanasA,gl,TEnA,taquAmA,stand
masTa,HqEmbi,mAlatu,tanasA,Torna,takafto,tazagaba,stand
gaNu,HafrikA,qand,tanasA,HafrikA,qand,lmAtnA,stand
mAdAkamunA,tazarazaru,mknyAto,tanasA,HisAyAs,mangHs,Tankro,stand
sr,wAlu,HqEsraNo,tanasA,xab,hywat,mAlafu,stand
zaman,`mnatA,xnA,tanasA,snqA,HqEgrA,warAtnnA,stand
dbdb,tanasto,gadAy,tanasA,fta,gudA,yAdarasa,stand
wazAdar,Haydalu,bluAl,tanasA,HsrA,qaqa,Habra,stand
taqabla,Tabaqu,wfratA,tanasA,gbi,makinA,magbiyA,stand
tcto,mararu,mahonA,tanasA,yAsdanagTAlu,Sbr,TqA,stand
xaba,HawAki,bAhry,tanasA,HabEtutA,qarbo,yAwqAl,stand
yAlafa,maTlA,TlAcA,tanasA,tafaTro,hg,marA,stand
ydArgAl,mil,gmtA,tanasA,cAynAnA,rusiyA,HalamHaqaf,stand
fil,kubAnyA,nqatA,tanasA,Tqur,hzb,yAwqu,stand
HirAq,HsrA,HqETo,tanasA,.hkmnA,doktrE,daraDA,stand
gnzAbE,mATA,mknyAto,tanasA,TEnA,taquAmA,yAlamaTaqa,stand
skAy,HadagA,Hawtobsu,tanasA,HqEsA,tafaqadala,fTna,stand
mATA,mifaTarbA,frhA,tanasA,ySAlAl,mAla,yhE,cause
HihHadEg,bazA,mAdnaqA,tanasA,hAq,mafAtA,dAr,stand
kisA,mAwTA,migadadu,tanasA,HsrA,malqaq,faqAd,stand
r`sa,gudAyA,Hadrga,tanasA,tagalabAbAC,darAsi,daha,stand
bAlbalaxaga,`mnatA,xnA,tanasA,snqA,HqEgrA,warAtnnA,stand
HsrA,bAldarabocu,HabzANocu,tanasA,tagadalu,gAzETa,sbhA,cause
taqabla,Tabaqu,wfratA,tanasA,gbi,makinA,magbiyA,stand
HqEdl,mAgNatA,kfl,tanasA,HakAbAbi,waTAto,mamAr,cause
tamAri,Haq,mAnas,tanasA,tmhrt,yAquArTu,galTa,stand
tamaTATana,mgb,HqETra,tanasA,hxAnAtu,gaTmA,baStA,stand
tamAri,Haq,mAnas,tanasA,tmhrtA,yAquArTu,.hbratasab,stand
Hamalkata,Haq,mAnas,tanasA,tmharatA,liyAquArTu,Harbto,stand
Hamalkata,Haq,mAnas,tanasA,tmharatA,liyAquArTu,Harbto,stand
Hagalglo,galaxu,cgro,tanasA,madaba,tmhrt,mAgNa,stand
Hahunu,mamAriyA,kflo,tanasA,kfl,tamAri,mimAru,stand
baqi,mgb,bAlamAgNa,tanasA,`Ala,Haqaf,daraDA,stand
komitE,quAquA,qdmiyA,tanasA,mawsaduA,quAquAma,galalta,cause
maho,cl,HafaxAxa,tanasA,HElEktrik,hAyl,taTaqAmi,stand
HadagA,saw,zar,tanasA,sfA,tasfAfA,maTA,stand
noruA,HqEdlu,TabAbna,tanasA,hlmA,mangad,qara,stand
TankArA,tadarAdAri,mahonu,tanasA,HagarnnA,hzb,gudA,stand
sAbi,mAdrag,yzo,tanasA,`AlAmA,taqadA,HastasAsab,stand
taqanAqA,polatikA,HaquA,tanasA,tawasada,mAsmasal,hasata,stand
maDamariyA,kompiyutaro,gzufnatA,tanasA,botA,botA,mAnqasAqas,stand
drgitocnA,huAlAqar,HamalakAkato,tanasA,mabt,Tsato,mitAyu,cause
salaTana,cgru,sfA,tanasA,kAti,HasrA,hospitAl,stand
HikonomiyAwi,hunEtA,yAlamamacAca,tanasA,gAbcA,mafaxa,yAqAtA,cause
hbratasabu,gbr,TaqamEtAHawqo,tanasA,gdEtA,waqtu,mawaTA,stand
minora,gul,fAydA,tanasA,hAgarA,tafarAraqu,HsrHato,cause
mAla,wddru,mAglalu,tanasA,HafrikA,HqEgr,kuAs,stand
Harso,Hadaru,yAsA,tanasA,rbrb,tasfA,saCi,stand
gaNu,HqEnAto,walid,tanasA,hlfa,tawasada,nAmunA,stand
tagadala,maTaT,bEt,tanasA,grgr,sAbiyA,mahonu,stand
gumz,HagorAbA,waradA,tanasA,gC,tasAtafu,glasabo,cause
cgro,gnzAbE,mAnas,tanasA,tabla,tafaTaru,HqEndAlhonuba,stand
makasatu,cgr,gaTama,tanasA,proDaktu,yTanAqaqAl,tablo,stand
HikonomiyAwi,`dga,qorTo,tanasA,hagarA,hzb,lmA,stand
HqErmDA,takafata,nqatu,tanasA,naDi,mamalka,hzb,stand
mamhrAnu,HsrA,HadmA,tanasA,tmhrt,maquAraTu,hunEtA,stand
lAyfaTarulA,masmar,mknyAto,tanasA,gudA,darasa,zar,cause
TrA,TrA,maguAdal,tanasA,TrE,qodA,mAsga,stand
tasAsAtA,HafriqA,HqEwuqa,tanasA,Tayaqu,TyAqE,rlinu,stand
qaTAnA,kASanafa,pArti,tanasA,manbar,qaTAnA,hulataNAnatu,stand
mangs,hbratu,yAwazAgb,tanasA,zandro,mrCA,matAzab,cause
HikAl,HangElE,proDak,tanasA,kEnyA,hywat,HadagA,stand
tawAgi,misanazar,TqA,tanasA,tal`ko,mAkanAwanu,tagbAru,stand
tayAyAza,Sari`A,hg,tanasA,takalakala,saw,hunEtA,stand
qodA,qala,lyuna,tanasA,klkalA,daragAbA,nEpAlnA,stand
frAnkfar,sEta,HadArina,tanasA,tagodA,nAyDEriyAwi,cm,stand
daraDA,tmhrtA,cgro,tanasA,mifalgu,Tru,daraDA,stand
gaTamA,brtu,gfi,tanasA,marAhita,mangs,HangElA,stand
prEzida,ZAn,ping,tanasA,hbratu,britAnyA,libiyA,cause
bilu,bAgbo,HqEmbitaNna,tanasA,HqEsA,hagaritu,maragAgA,stand
gEtE,galA,mknyAto,tanasA,lElocu,tamo,Hityo.dyA,cause
yAlhona,tmhrt,Haqrbo,tanasA,Hagaro,Halam,Haqafu,stand
cgr,maTA,san,tanasA,HandAnd,hagaritu,nawAri,stand
mangad,Tababa,hEduAl,tanasA,kAlafu,`AmatA,wadi,cause
miyAstanAgda,sdataNo,bzA,tanasA,`Ala,maTalayA,TAbiyA,stand
wAhAbiz,r`yo,taTayAqi,tanasA,maskara,TqA,TAlu,stand
taqAwmo,kAsamu,hgu,tanasA,tAnzAnyA,yugAndA,kEnyA,stand
sab`Awi,mabt,ragaTA,tanasA,hagar,`Abiy,spor,stand
gdyA,liyAsqoma,yAsAfr,tanasA,turk,dnbar,gaNu,cause
HsAmntA,tamAytu,qaw,tanasA,Habuna,pitar,HEbEdEro,stand
tbbrA,ganzab,kokEy,tanasA,qalAlu,mAygama,kokEy,cause
tasfA,linora,mknyAto,tanasA,bago,HastasAsab,HaCr,stand
nuro,hunEtA,tabalASa,tanasA,HEnrikE,rozA,Tor,stand
mAwrad,hAlAfinatu,marakab,tanasA,HqEHaHa,magAbi,`Am,cause
waTAtu,HakAl,gudAtaNnatE,tanasA,HqEskA,srA,mAgNa,cause
HsgA,maTAl,gTmA,tanasA,HqEHsrAHEl,hagar,minstEr,cause
mhur,HafriqAwinatAcawnA,sEtnatA,tanasA,`Ala,lmAtnA,bdr,stand
taqablo,maquAquA,cl,tanasA,maDamariyA,Sangal,ngd,stand
