Lcontext4,Lcontext3,Lcontext2,Lcontext1,target word,Rcontext1,Rcontext2,Rcontext3,Rcontext4,class
taqabAyu,minA,zAnu,yAhl,tanasA,`AlAmA,liqAra,HqEskamicl,mAla,stand
hAlAfi,tamalakata,krkr,hAlAfi,tanasA,gl,gAzETo,qadma,mazagabA,stand
tazabAnanu,slTAnA,linaTquA,tanasubA,tanasA,Halam,mangs,maTto,miyAsTlA,stand
tkl,dngAyo,zuriyA,noru,tanasA,tanasta,HakAbAbi,safru,mimalakatA,stand
l`ul,sagad,tafari,hAlAfinatA,tanasA,mnCo,hAlAfinatA,tanasu,bAnku,stand
ntibAwocnA,srA,hAlAfi,slTA,tanasA,matAsarAcawnA,makasasA,tAwas,tamasAsAy,stand
TalA,maho,mAgAlaT,tATqa,tanasA,kulA,lk,HqEndAnta,saw,stand
Halu,skrinu,tamalkA,CbCabA,tanasA,kAstro,tadanqa,sAyAbaqu,mAyAwqu,cause
gAzETaNo,yzA,Hadis,HababA,tanasA,naCuA,minibAs,fituA,Hawtobus,stand
gzuf,HakAl,HqElakAla,blA,tanasA,gundA,HqEndAnho,maTanqaq,tagabi,stand
tanAgara,taqoTA,tagAdama,zalA,tanasA,qaT,blA,qoma,kflu,stand
Hsosta,qan,t`gs,mot,tanasA,tablo,HakAbAbi,hzb,tAya,stand
faTAri,damo,yAci,gAstrikE,tanasA,ylAlu,dmxA,qlAxE,gurA,stand
tabatanu,zArE,HqEsrAHEl,mot,tanasA,dras,Halam,HqEytA,HagarA,stand
balu,warAD,silu,maqamaCA,tanasA,Hakbro,SaNanA,wadiyA,HandA,cause
`Ala,mato,drSA,mAbarka,tanasA,takasata,Hasfari,HsrA,HaTna,stand
saw,HadagA,saw,zar,tanasA,sfA,tasfAfA,maTA,zaman,stand
qasaqasa,Hayqar,hayla,mAHqEbal,tanasA,spA,tAlAlAq,markabo,HangalAtA,cause
lb,tanqasAqasu,wr,wr,tanasA,HamErikA,nxxr,sttAy,dakAmA,stand
lAynatnA,pArti,HambAgananna,HqEkatalAla,tanasA,dEmokrAsi,TAras,HaydiyoloDi,yzo,stand
tantANna,qrbu,mangs,magalbaT,tanasA,mil,bAstalAlafa,TnA,tab,stand
Calamab,TawA,HasrA,mamulAtu,tanasA,dAga,stwaTA,bAga,TabakuA,cause
CnqlAtE,HaqACalub,sa`AtE,HayahunA,tanasA,dAgos,yAla,tip,saTcA,stand
gAzETa,mAdrag,cAl,mAla,tanasA,lboladu,gaxabAhry,faDa,qan,stand
bEtamaqdas,sawnatuA,yzA,wadaqa,tanasA,CaraqA,xahay,HadnAqi,yAlhonku,cause
sAyzAnaf,qaTala,bAhrEy,taqAwmo,tanasA,zEguacuA,tAnknA,matrayas,damssA,cause
yAla,dhna,HabuArA,HarAgfa,tanasA,HqEni,biliyEnaro,balA,HqEskamATA,cause
gAzETaNo,yzA,Hadis,HababA,tanasA,naCuA,minibAs,fituA,Hawtobus,stand
lEli,maTto,yTaru,maTta,tanasA,hid,nagar,mnagr,qAl,cause
tAdargAla,Hala,`Am,nagA,tanasA,HahyAytu,Cno,mo`Ab,Halaqo,stand
HqEndAdaraga,HaTafuHa,sfrA,taqamaTu,tanasA,zarEd,fafA,taSAgaru,Hala,cause
nagar,makAkalA,kAlATafA,Halho,tanasA,.hzbu,qads,hm,HqEsrAHEl,cause
gbi,HqEdarnA,naga,TuAt,tanasA,flmiyA,yqaTlAl,HqErA,balu,stand
gAdAfi,maTAl,nafT,Hangba,tanasA,tATAqi,kulA,Sggru,mangs,stand
mAncE,stbAl,HalaqA,fargusa,tanasA,fotogrAf,mAsdagaf,HqEDE,yAgaNa,stand
HalgA,gAda,ln,mAstAwaSA,tanasA,tanasA,kflu,gdgdA,xa.hay,stand
darg,waqt,mamaraqiyA,gAwA,tanasA,fotogrAf,sAlo,mAgECA,mahonu,stand
fanqluA,naqis,maqamaCA,zala,tanasA,gAla,CbCabA,CobE,ragaTu,stand
Tqur,gabarE,HakafAflAla,bla,tanasA,marE,Tqur,dhA,gabarE,cause
dhna,HagarA,mATfA,qurTaNna,tanasA,mangHstA,sEto,wandocnA,waTAto,stand
tablo,tawarA,ynAgarAlu,mot,tanasA,samAy,talAku,mal`k,mAdras,stand
mibAl,daraDA,mogta,tElE,tanasA,mAlatA,Halqara,qdma,kfyA,stand
hbratnA,Handna,srA,tATqo,tanasA,nurowu,mASASAlnA,hywatu,malawaT,cause
tctocAcawnA,sm,mATfA,zamacA,tanasA,gudAyo,tawasna,qaru,bAlamahonA,stand
mAswagad,taHsarA,trAnspor,zarf,tanasA,TyAqE,mkr,bEtu,tasaTa,stand
bAlabE,gabru,tAraqa,rmuAl,tanasA,gudAyo,max.hafu,qadAmi,huAl,stand
mawsadu,taquArAC,Tafto,TyAqE,tanasA,proDaktu,hAlAfi,mlA,HalA,stand
naCo,makarA,yAyubA,tAriko,tanasA,hagarAtu,maHswA`tna,falu,makara,stand
HsrA,manAgar,cAl,ymaslaNAl,tanasA,hasAbo,mAsradA,brhAnu,TnA,stand
HamuAmuAtA,HanagAgAri,mahonu,smA,tanasA,sawu,tArik,Hsos,`Ama,stand
HqEwna,lnSaSaws,HqEnclAla,TyAqE,tanasA,HqEwna,HqEwna,maSa,HaycAl,stand
`Al,tamalakata,guAdaNocE,CawAtA,tanasA,wadADA,zandro,Had,bAydo,stand
hywat,markab,maslanawAl,markab,tanasA,sunAmi,yAlu,hAsAb,mA`balo,stand
sAlho,fil,tamalkAco,sark,tanasA,TAlu,gudAyo,tamalkA,fil,stand
HikonomiyAwinA,polatikAwi,`AlAmA,yzo,tanasA,HigAd,yKE,sltu,gCto,stand
galxawAl,wlo,Habal,mimalaka,tanasA,TyAqE,nagar,mAlaqu,dAr,stand
mAqomiyA,Haydala,pArking,krkr,tanasA,HsrA,mafTar,makarAkariyA,yqarbAl,stand
tamarACnA,sAbi,mAdrag,yzo,tanasA,`AlAmA,taqadA,HastasAsab,mAsrax,stand
glasabocu,yAzu,taqanAqA,polatikA,tanasA,tanasA,tawasada,mAsmasal,hasata,stand
cgru,HslTanA,yfalgAl,mAla,tanasA,naTb,`Aynatu,cgr,mafaTar,stand
yATATAla,HaDandA,bAlA,sawu,tanasA,TyAqE,bamAla,tanasA,taqAwmo,stand
mS,studiyo,tagaNta,bagadAmu,tanasA,TyAqE,mlA,saTu,wAnA,stand
yATATAla,HaDandA,bAlA,sawu,tanasA,TyAqE,bamAla,taqAwmo,takatlo,stand
waCi,miwasd,ministru,mlA,tanasA,naTb,bAlnA,mis,bEt,stand
lyuna,qANa,.hwa.hA,yzo,tanasA,bab.hEr,tamaHsarata,gaTar,tTq,stand
mangHsttu,Hi.hHadEg,manaSA,yzo,tanasA,polatikA,mar,maHsara,Hadrgua,stand
batayAyAza,mahonunu,baHi.hHadEg,HamarAr,tanasA,HamarAru,gorA,fala,lyuna,stand
Hsosta,HamArAC,HaydiyoloDi,yzo,tanasA,HidEpA,liqamanbar,ldatu,HayAlE,stand
galx,baHqErgT,baHandAndocu,badgAmi,tanasA,HastayAya,HityoPyA,musnA,xadA,stand
galx,baHqErgT,baHandAndocu,badgAmi,tanasA,HastayAya,musnA,xadA,nac,stand
.hzbo,quAnquA,babAlamuyA,taragomu,tanasA,tmhrt,ministEr,tmhrt,ministEr,stand
HityoPyA,baHaxE,hAyla,HslAsE,tanasA,kAti,Habyo,badarg,bamaTalafu,cause
HawalyA,HakAbAbi,yAla,wzgb,tanasA,Hada,HawalyA,Hsr`Ata,tmhrtu,stand
TAlqA,ligabA,baHqErgT,hAymAno,tanasA,.hasAb,lyuna,mangHstnnA,.hzb,stand
ragAgaTa,mahEd,ySAlAl,zm,tanasA,warE,mAgobdad,Habro,maguAz,stand
Hovar,tAks,zArE,Damro,tanasA,ganzabnA,Hikonomi,lmA,ministEr,stand
katamA,manoriyA,HapArtmantA,HqEndAlu,tanasA,HqEsA,hywatA,lAlafa,Hamst,stand
HityoPyA,hywat,qaTafa,HqEsA,tanasA,HqEskA,bAytAwaq,HqEsAtu,mATfA,cause
haymAno,taquAmA,yqrtA,maTayaq,tanasA,mAramiyA,bEt,gaNutyadarg,bAlaslTAnA,stand
Datu,TnqAqE,tazagADa,mahonunA,tanasA,tadaraga,dldl,fthAwi,mahonu,stand
yAsfalgAtAl,law,taqAwAmi,pArti,tanasA,hAsAb,mAsAkA,HqEnsarAla,yAlu,stand
HqEnqsqAsE,lmd,mawsd,pArti,tanasA,hAsAb,tawayAyto,hgu,masaratAwi,stand
yAsfalgAtAl,law,taqAwAmi,pArti,tanasA,hAsAb,mAsAkA,HqEnsarAla,yAlu,stand
marACna,kArd,mawsad,yAsA,tanasA,talaya,mzagabA,waqt,hbratasabunA,stand
fAbrikA,Cs,mATAriyA,kfl,tanasA,HqEsA,zArE,TawAtu,sost,cause
yAtl,mulu,mangadaNo,HasAfro,tanasA,HawroplAnu,zArE,TawA,Hadis,stand
HalunA,yTanqaqu,Hadaru,HakAbAbi,tanasA,drq,gudA,sAyAskatl,quTTr,stand
gadAmnA,zquAlA,tarArA,HakAbAbi,tanasA,sadad,HqEsA,mATfA,bEtakrstiyAnitu,stand
yAluA,Hasr,vil,mAhbarA,tanasA,Tmra,faTra,mrCA,matAzab,stand
HamarArunA,HabAlAtu,HagarAwi,smEtnA,tanasA,fta,minA,tayAyAza,zEnA,stand
katamA,manoriyA,HapArtmantA,HqEndAlu,tanasA,HqEsA,hywatA,lAlafa,Hamst,stand
HityoPyA,hywat,qaTafa,HqEsA,tanasA,HqEskA,bAytAwaq,HqEsAtu,mATfA,cause
tawadAdAri,tagadala,maTaT,bEt,tanasA,grgr,sAbiyA,mahonu,.hgAwi,stand
marACna,kArd,mawsad,yAsA,tanasA,talaya,mzagabA,waqt,hbratasabunA,stand
HqEnqsqAsE,lmd,mawsd,pArti,tanasA,hAsAb,tawayAyto,hgu,masaratAwi,stand
saTa,dgAf,maCamar,minor,tanasA,mawsad,gudAyu,wyytnA,wsAnE,cause
mgbAr,daraDA,mAsAdag,zarf,tanasA,zagADu,yAlu,Hawda,r`yo,stand
HabzA,misTirAwi,maraDA,mawTA,tanasA,taqAwmonnA,quTA,galxu,HqEsrA`Elu,stand
targafagafu,HaranguAdE,hgamangstA,TAqasu,tanasA,frdu,mot,silu,tlA,cause
mangHs,samEnAwi,hagaritu,fil,tanasA,tuwArEg,`Amax,mAbqA,bAlamacAlu,stand
migaNa,lmAtAwi,mangHs,flsfnA,tanasA,HascagAri,mahonu,balAy,mangHs,stand
sawu,manor,kAlA,gugu,tanasA,Tga,HastasAsabA,bamAla,gabru,stand
HsrA,fdA,bEt,mrE,tanasA,miyATafu,riporto,HityoPyA,Camro,stand
trgumo,mac,kfta,slAla,tanasA,baHafaxAxa,zEgo,gudA,.hgu,stand
wanDal,madANa,SbrtaNna,polatikA,tanasA,yAla,wanDal,SbrtaNna,btwasda,stand
baHamax,HadargawAla,kAla,polatikA,tanasA,yAla,wanDal,nagaro,mAyTATAmu,stand
Hala,liqaTA,nagar,polatikA,tanasA,yAlA,glasabo,honu,drDto,stand
`AmatA,baqi,mgb,bAlamAgNa,tanasA,`Ala,Haqaf,daraDA,miliyo,stand
Haq,maho,cl,HafaxAxa,tanasA,HElEktrik,hAyl,taTaqAmi,gaTar,stand
flAgo,noruA,HqEdlu,TabAbna,tanasA,hlmA,mangad,qara,HandAnd,stand
saw,mAstAwaSA,HawasAsadu,manfas,tanasA,saw,gudAyu,HanSawArro,matargo,stand
Hinvastmanto,TankArA,tadarAdAri,mahonu,tanasA,HagarnnA,hzb,gudA,dArg,stand
stAr,mil,lyu,maTariyA,tanasA,gl,TEnA,taquAmA,raDa,stand
gAbcA,masTa,HqEmbi,mAlatu,tanasA,Torna,takafto,tazagaba,tArik,stand
HErtrA,gaNu,HafrikA,qand,tanasA,HafrikA,qand,lmAtnA,`dga,stand
hAylo,mAdAkamunA,tazarazaru,mknyAto,tanasA,HisAyAs,mangHs,Tankro,limuAga,stand
quTTr,sr,wAlu,HqEsraNo,tanasA,xab,hywat,mAlafu,mnCo,stand
bAlbalaxaga,zaman,`mnatA,xnA,tanasA,snqA,HqEgrA,warAtnnA,`AmatA,stand
tanasA,dbdb,tanasto,gadAy,tanasA,fta,gudA,yAdarasa,wadiyA,stand
SAw,wazAdar,Haydalu,bluAl,tanasA,HsrA,qaqa,Habra,ysaru,stand
mamariyA,taqabla,Tabaqu,wfratA,tanasA,gbi,makinA,magbiyA,limolu,stand
HandAnd,tcto,mararu,mahonA,tanasA,yAsdanagTAlu,Sbr,TqA,musnA,stand
yAwqAl,xaba,HawAki,bAhry,tanasA,HabEtutA,qarbo,yAwqAl,mAramiyA,stand
maTa,yAlafa,maTlA,TlAcA,tanasA,tafaTro,hg,marA,hono,stand
Torna,ydArgAl,mil,gmtA,tanasA,cAynAnA,rusiyA,HalamHaqaf,salAm,stand
bAlaslTAnAtnA,fil,kubAnyA,nqatA,tanasA,Tqur,hzb,yAwqu,nagar,stand
zaman,HirAq,HsrA,HqETo,tanasA,.hkmnA,doktrE,daraDA,tamaraqu,stand
hbratasabu,gnzAbE,mATA,mknyAto,tanasA,TEnA,taquAmA,yAlamaTaqa,hunEtA,stand
gabA,skAy,HadagA,Hawtobsu,tanasA,HqEsA,tafaqadala,fTna,maSkarkaru,stand
miho,mATA,mifaTarbA,frhA,tanasA,ySAlAl,mAla,yhE,HadagA,cause
yAltamaca,HihHadEg,bazA,mAdnaqA,tanasA,hAq,mafAtA,dAr,dAr,stand
waCi,kisA,mAwTA,migadadu,tanasA,HsrA,malqaq,faqAd,HawTta,stand
maSkarkariyA,r`sa,gudAyA,Hadrga,tanasA,tagalabAbAC,darAsi,daha,Tqitocu,stand
mangad,bAlbalaxaga,`mnatA,xnA,tanasA,snqA,HqEgrA,warAtnnA,`AmatA,stand
ysaru,HsrA,bAldarabocu,HabzANocu,tanasA,tagadalu,gAzETa,sbhA,gabraHqEgziHab.hEr,cause
mamariyA,taqabla,Tabaqu,wfratA,tanasA,gbi,makinA,magbiyA,limolu,stand
mamAr,HqEdl,mAgNatA,kfl,tanasA,HakAbAbi,waTAto,mamAr,HqEdl,cause
ygadadu,tamAri,Haq,mAnas,tanasA,tmhrt,yAquArTu,galTa,mangs,stand
Hamalkata,tamaTATana,mgb,HqETra,tanasA,hxAnAtu,gaTmA,baStA,makalAkal,stand
HandAnda,tamAri,Haq,mAnas,tanasA,tmhrtA,yAquArTu,.hbratasab,gnbAtA,stand
maqoyatu,Hamalkata,Haq,mAnas,tanasA,tmharatA,liyAquArTu,Harbto,Hadar,stand
maqoyatu,Hamalkata,Haq,mAnas,tanasA,tmharatA,liyAquArTu,Harbto,Hadar,stand
zEnA,Hagalglo,galaxu,cgro,tanasA,madaba,tmhrt,mAgNa,yAlcAlu,stand
bEt,Hahunu,mamAriyA,kflo,tanasA,kfl,tamAri,mimAru,tagalTuAl,stand
`AmatA,baqi,mgb,bAlamAgNa,tanasA,`Ala,Haqaf,daraDA,miliyo,stand
tEknik,komitE,quAquA,qdmiyA,tanasA,mawsaduA,quAquAma,galalta,komitE,cause
Haq,maho,cl,HafaxAxa,tanasA,HElEktrik,hAyl,taTaqAmi,gaTar,stand
saw,HadagA,saw,zar,tanasA,sfA,tasfAfA,maTA,saTawnA,stand
flAgo,noruA,HqEdlu,TabAbna,tanasA,hlmA,mangad,qara,HandAnd,stand
Hinvastmanto,TankArA,tadarAdAri,mahonu,tanasA,HagarnnA,hzb,gudA,dArg,stand
tamarACnA,sAbi,mAdrag,yzo,tanasA,`AlAmA,taqadA,HastasAsab,mAsrax,stand
yAzu,taqanAqA,polatikA,HaquA,tanasA,tawasada,mAsmasal,hasata,propogAndA,stand
mknyAtu,maDamariyA,kompiyutaro,gzufnatA,tanasA,botA,botA,mAnqasAqas,HadAgA,stand
lmAdAwi,drgitocnA,huAlAqar,HamalakAkato,tanasA,mabt,Tsato,mitAyu,HasmAru,cause
sfA,salaTana,cgru,sfA,tanasA,kAti,HasrA,hospitAl,bAlamuyA,stand
mAhbarasabAwinA,HikonomiyAwi,hunEtA,yAlamamacAca,tanasA,gAbcA,mafaxa,yAqAtA,madagaf,cause
masabsabunA,hbratasabu,gbr,TaqamEtAHawqo,tanasA,gdEtA,waqtu,mawaTA,gbr,stand
mAfATa,minora,gul,fAydA,tanasA,hAgarA,tafarAraqu,HsrHato,wTEtAmA,cause
HanAkAhid,mAla,wddru,mAglalu,tanasA,HafrikA,HqEgr,kuAs,konfEdErE,stand
zuriyA,Harso,Hadaru,yAsA,tanasA,rbrb,tasfA,saCi,mahonunnA,stand
HagarA,gaNu,HqEnAto,walid,tanasA,hlfa,tawasada,nAmunA,TnA,stand
tawadAdAri,tagadala,maTaT,bEt,tanasA,grgr,sAbiyA,mahonu,.hgAwi,stand
bEnSAngul,gumz,HagorAbA,waradA,tanasA,gC,tasAtafu,glasabo,zar,cause
maTana,cgro,gnzAbE,mAnas,tanasA,tabla,tafaTaru,HqEndAlhonuba,tAzAbi,stand
HqETra,makasatu,cgr,gaTama,tanasA,proDaktu,yTanAqaqAl,tablo,tAqada,stand
wTnA,HikonomiyAwi,`dga,qorTo,tanasA,hagarA,hzb,lmA,HqEnqsqAsE,stand
nqa,HqErmDA,takafata,nqatu,tanasA,naDi,mamalka,hzb,hab,stand
r`sAna,mamhrAnu,HsrA,HadmA,tanasA,tmhrt,maquAraTu,hunEtA,mAstakAkalnA,stand
tubo,lAyfaTarulA,masmar,mknyAto,tanasA,gudA,darasa,zar,fasA,cause
qodA,TrA,TrA,maguAdal,tanasA,TrE,qodA,mAsga,tamokara,stand
naCo,tasAsAtA,HafriqA,HqEwuqa,tanasA,Tayaqu,TyAqE,rlinu,wakilA,stand
tanasA,qaTAnA,kASanafa,pArti,tanasA,manbar,qaTAnA,hulataNAnatu,botA,stand
HityoPyA,mangs,hbratu,yAwazAgb,tanasA,zandro,mrCA,matAzab,hagaritu,cause
liqamanbar,HikAl,HangElE,proDak,tanasA,kEnyA,hywat,HadagA,gabA,stand
Smq,tawAgi,misanazar,TqA,tanasA,tal`ko,mAkanAwanu,tagbAru,HqEkl,stand
budn,tayAyAza,Sari`A,hg,tanasA,takalakala,saw,hunEtA,tAlAq,stand
milu,qodA,qala,lyuna,tanasA,klkalA,daragAbA,nEpAlnA,Hityo.dyA,stand
mAma,frAnkfar,sEta,HadArina,tanasA,tagodA,nAyDEriyAwi,cm,mAla,stand
tasaTa,daraDA,tmhrtA,cgro,tanasA,mifalgu,Tru,daraDA,mAdras,stand
zarf,gaTamA,brtu,gfi,tanasA,marAhita,mangs,HangElA,mErkl,stand
hbratu,prEzida,ZAn,ping,tanasA,hbratu,britAnyA,libiyA,makr,cause
Trat,bilu,bAgbo,HqEmbitaNna,tanasA,HqEsA,hagaritu,maragAgA,sAyclu,stand
doktar,gEtE,galA,mknyAto,tanasA,lElocu,tamo,Hityo.dyA,TnA,cause
baqi,yAlhona,tmhrt,Haqrbo,tanasA,Hagaro,Halam,Haqafu,mr,stand
bEtasaboC,cgr,maTA,san,tanasA,HandAnd,hagaritu,nawAri,qan,stand
gabu,mangad,Tababa,hEduAl,tanasA,kAlafu,`AmatA,wadi,HawropA,cause
waqtu,miyAstanAgda,sdataNo,bzA,tanasA,`Ala,maTalayA,TAbiyA,sost,stand
HqEslmnA,wAhAbiz,r`yo,taTayAqi,tanasA,maskara,TqA,TAlu,sAwdi,stand
tamuAgAco,taqAwmo,kAsamu,hgu,tanasA,tAnzAnyA,yugAndA,kEnyA,zArE,stand
mifaxama,sab`Awi,mabt,ragaTA,tanasA,hagar,`Abiy,spor,wddr,stand
qaTala,gdyA,liyAsqoma,yAsAfr,tanasA,turk,dnbar,gaNu,soryAwyAnu,cause
bAlafu,HsAmntA,tamAytu,qaw,tanasA,Habuna,pitar,HEbEdEro,maru,stand
HacAwocA,tbbrA,ganzab,kokEy,tanasA,qalAlu,mAygama,kokEy,maTa,cause
yhunnA,tasfA,linora,mknyAto,tanasA,bago,HastasAsab,HaCr,yAgaNa,stand
bATaqAlAy,nuro,hunEtA,tabalASa,tanasA,HEnrikE,rozA,Tor,hAylu,stand
HslTA,mAwrad,hAlAfinatu,marakab,tanasA,HqEHaHa,magAbi,`Am,Damro,cause
tamaraqa,waTAtu,HakAl,gudAtaNnatE,tanasA,HqEskA,srA,mAgNa,HalcAlku,cause
salAm,HsgA,maTAl,gTmA,tanasA,HqEHsrAHEl,hagar,minstEr,grAs,cause
hab,mhur,HafriqAwinatAcawnA,sEtnatA,tanasA,`Ala,lmAtnA,bdr,saCi,stand
hagar,taqablo,maquAquA,cl,tanasA,maDamariyA,Sangal,ngd,tssr,stand
