Lcontex5,Lcontext4,Lcontext3,Lcontext2,Lcontext1,target word,Rcontext1,Rcontext2,Rcontext3,Rcontext4,Rcontext5,class
nagar,taqabAyu,minA,zAnu,yAhl,tanasA,`AlAmA,liqAra,HqEskamicl,mAla,Tru,stand
HihHadEg,hAlAfi,tamalakata,krkr,hAlAfi,tanasA,gl,gAzETo,qadma,mazagabA,tkkl,stand
qorACna,tazabAnanu,slTAnA,linaTquA,tanasubA,tanasA,Halam,mangs,maTto,miyAsTlA,mil,stand
cAl,tkl,dngAyo,zuriyA,noru,tanasA,tanasta,HakAbAbi,safru,mimalakatA,HakAl,stand
saru,l`ul,sagad,tafari,hAlAfinatA,tanasA,mnCo,hAlAfinatA,tanasu,bAnku,prEzidA,stand
tayAyAza,ntibAwocnA,srA,hAlAfi,slTA,tanasA,matAsarAcawnA,makasasA,tAwas,tamasAsAy,zEnA,stand
mangs,TalA,maho,mAgAlaT,tATqa,tanasA,kulA,lk,HqEndAnta,saw,liyATafA,stand
bq,Halu,skrinu,tamalkA,CbCabA,tanasA,kAstro,tadanqa,sAyAbaqu,mAyAwqu,tkaSA,cause
zm,gAzETaNo,yzA,Hadis,HababA,tanasA,naCuA,minibAs,fituA,Hawtobus,hEda,stand
zho,gzuf,HakAl,HqElakAla,blA,tanasA,gundA,HqEndAnho,maTanqaq,tagabi,Hsr,stand
blA,tanAgara,taqoTA,tagAdama,zalA,tanasA,qaT,blA,qoma,kflu,df,stand
HaltagaNa,Hsosta,qan,t`gs,mot,tanasA,tablo,HakAbAbi,hzb,tAya,mnCo,stand
huAway,faTAri,damo,yAci,gAstrikE,tanasA,ylAlu,dmxA,qlAxE,gurA,nafu,stand
mhra,tabatanu,zArE,HqEsrAHEl,mot,tanasA,dras,Halam,HqEytA,HagarA,motA,stand
HazAwntuA,balu,warAD,silu,maqamaCA,tanasA,Hakbro,SaNanA,wadiyA,HandA,yAhl,cause
mAsAdag,`Ala,mato,drSA,mAbarka,tanasA,takasata,Hasfari,HsrA,HaTna,maqraf,stand
xara,saw,HadagA,saw,zar,tanasA,sfA,tasfAfA,maTA,zaman,zaman,stand
wAgAlA,qasaqasa,Hayqar,hayla,mAHqEbal,tanasA,spA,tAlAlAq,markabo,HangalAtA,markabaNocu,cause
mAHqEbal,lb,tanqasAqasu,wr,wr,tanasA,HamErikA,nxxr,sttAy,dakAmA,HityoPyA,stand
pArti,lAynatnA,pArti,HambAgananna,HqEkatalAla,tanasA,dEmokrAsi,TAras,HaydiyoloDi,yzo,qaTala,stand
polatikA,tantANna,qrbu,mangs,magalbaT,tanasA,mil,bAstalAlafa,TnA,tab,gax,stand
tasawara,Calamab,TawA,HasrA,mamulAtu,tanasA,dAga,stwaTA,bAga,TabakuA,msrAq,cause
TyAqE,CnqlAtE,HaqACalub,sa`AtE,HayahunA,tanasA,dAgos,yAla,tip,saTcA,tasanAbatku,stand
tabAla,gAzETa,mAdrag,cAl,mAla,tanasA,lboladu,gaxabAhry,faDa,qan,Hamst,stand
dAbsA,bEtamaqdas,sawnatuA,yzA,wadaqa,tanasA,CaraqA,xahay,HadnAqi,yAlhonku,yKa,cause
dras,sAyzAnaf,qaTala,bAhrEy,taqAwmo,tanasA,zEguacuA,tAnknA,matrayas,damssA,xaT,cause
`l,yAla,dhna,HabuArA,HarAgfa,tanasA,HqEni,biliyEnaro,balA,HqEskamATA,yAdarsa,cause
minibAsuA,gAzETaNo,yzA,Hadis,HababA,tanasA,naCuA,minibAs,fituA,Hawtobus,hEda,stand
`Am,lEli,maTto,yTaru,maTta,tanasA,hid,nagar,mnagr,qAl,tAdargAla,cause
qAl,tAdargAla,Hala,`Am,nagA,tanasA,HahyAytu,Cno,mo`Ab,Halaqo,hEda,stand
HqEsrAHEl,HqEndAdaraga,HaTafuHa,sfrA,taqamaTu,tanasA,zarEd,fafA,taSAgaru,Hala,zarEd,cause
ySaSAlu,nagar,makAkalA,kAlATafA,Halho,tanasA,.hzbu,qads,hm,HqEsrAHEl,nagar,cause
guabaz,gbi,HqEdarnA,naga,TuAt,tanasA,flmiyA,yqaTlAl,HqErA,balu,xaD,stand
naqfawAl,gAdAfi,maTAl,nafT,Hangba,tanasA,tATAqi,kulA,Sggru,mangs,HqEmna,stand
fantA,mAncE,stbAl,HalaqA,fargusa,tanasA,fotogrAf,mAsdagaf,HqEDE,yAgaNa,mil,stand
yAz,HalgA,gAda,ln,mAstAwaSA,tanasA,tanasA,kflu,gdgdA,xa.hay,stgabA,stand
Damara,darg,waqt,mamaraqiyA,gAwA,tanasA,fotogrAf,sAlo,mAgECA,mahonu,qara,stand
smE,fanqluA,naqis,maqamaCA,zala,tanasA,gAla,CbCabA,CobE,ragaTu,HadArASu,stand
dhA,Tqur,gabarE,HakafAflAla,bla,tanasA,marE,Tqur,dhA,gabarE,Haldarasa,cause
HayAskEd,dhna,HagarA,mATfA,qurTaNna,tanasA,mangHstA,sEto,wandocnA,waTAto,tawAldo,stand
tanasu,tablo,tawarA,ynAgarAlu,mot,tanasA,samAy,talAku,mal`k,mAdras,gal,stand
HasgarAmi,mibAl,daraDA,mogta,tElE,tanasA,mAlatA,Halqara,qdma,kfyA,kArd,stand
mAswagad,hbratnA,Handna,srA,tATqo,tanasA,nurowu,mASASAlnA,hywatu,malawaT,micl,cause
nagar,tctocAcawnA,sm,mATfA,zamacA,tanasA,gudAyo,tawasna,qaru,bAlamahonA,yAzu,stand
cgr,mAswagad,taHsarA,trAnspor,zarf,tanasA,TyAqE,mkr,bEtu,tasaTa,mlA,stand
HastayAya,bAlabE,gabru,tAraqa,rmuAl,tanasA,gudAyo,max.hafu,qadAmi,huAl,taqayara,stand
quAC,mawsadu,taquArAC,Tafto,TyAqE,tanasA,proDaktu,hAlAfi,mlA,HalA,gnbAtA,stand
HawstrAlyA,naCo,makarA,yAyubA,tAriko,tanasA,hagarAtu,maHswA`tna,falu,makara,.hzbo,stand
lAqa,HsrA,manAgar,cAl,ymaslaNAl,tanasA,hasAbo,mAsradA,brhAnu,TnA,tagaNu,stand
max.haf,HamuAmuAtA,HanagAgAri,mahonu,smA,tanasA,sawu,tArik,Hsos,`Ama,tAtama,stand
HaqAtA,HqEwna,lnSaSaws,HqEnclAla,TyAqE,tanasA,HqEwna,HqEwna,maSa,HaycAl,tnAntu,stand
Had,`Al,tamalakata,guAdaNocE,CawAtA,tanasA,wadADA,zandro,Had,bAydo,Hala,stand
hzb,hywat,markab,maslanawAl,markab,tanasA,sunAmi,yAlu,hAsAb,mA`balo,matu,stand
cgro,sAlho,fil,tamalkAco,sark,tanasA,TAlu,gudAyo,tamalkA,fil,sari,stand
nqasAqas,HikonomiyAwinA,polatikAwi,`AlAmA,yzo,tanasA,HigAd,yKE,sltu,gCto,mAsqara,stand
micAl,galxawAl,wlo,Habal,mimalaka,tanasA,TyAqE,nagar,mAlaqu,dAr,dnbaru,stand
Hagalglo,mAqomiyA,Haydala,pArking,krkr,tanasA,HsrA,mafTar,makarAkariyA,yqarbAl,wAnA,stand
HagbAbocu,tamarACnA,sAbi,mAdrag,yzo,tanasA,`AlAmA,taqadA,HastasAsab,mAsrax,hAlAfina,stand
HqErmDA,glasabocu,yAzu,taqanAqA,polatikA,tanasA,tanasA,tawasada,mAsmasal,hasata,propogAndA,stand
lku,cgru,HslTanA,yfalgAl,mAla,tanasA,naTb,`Aynatu,cgr,mafaTar,bawAnaNna,stand
taqAwmo,yATATAla,HaDandA,bAlA,sawu,tanasA,TyAqE,bamAla,tanasA,taqAwmo,takatlo,stand
HqEwaDA,mS,studiyo,tagaNta,bagadAmu,tanasA,TyAqE,mlA,saTu,wAnA,dAyrEktaru,stand
taqAwmo,yATATAla,HaDandA,bAlA,sawu,tanasA,TyAqE,bamAla,taqAwmo,takatlo,korporESnu,stand
ganabA,waCi,miwasd,ministru,mlA,tanasA,naTb,bAlnA,mis,bEt,biHsarunA,stand
HqEnqsqAsE,lyuna,qANa,.hwa.hA,yzo,tanasA,bab.hEr,tamaHsarata,gaTar,tTq,tgl,stand
.hga,mangHsttu,Hi.hHadEg,manaSA,yzo,tanasA,polatikA,mar,maHsara,Hadrgua,maraqaqu,stand
Tornatu,batayAyAza,mahonunu,baHi.hHadEg,HamarAr,tanasA,HamarAru,gorA,fala,lyuna,Tornatu,stand
mrCA,Hsosta,HamArAC,HaydiyoloDi,yzo,tanasA,HidEpA,liqamanbar,ldatu,HayAlE,mawanDal,stand
sgA,galx,baHqErgT,baHandAndocu,badgAmi,tanasA,HastayAya,HityoPyA,musnA,xadA,nac,stand
sgA,galx,baHqErgT,baHandAndocu,badgAmi,tanasA,HastayAya,musnA,xadA,nac,mAla,stand
b.hErasabocnA,.hzbo,quAnquA,babAlamuyA,taragomu,tanasA,tmhrt,ministEr,tmhrt,ministEr,yAwaTA,stand
cgr,HityoPyA,baHaxE,hAyla,HslAsE,tanasA,kAti,Habyo,badarg,bamaTalafu,krkr,cause
nagar,HawalyA,HakAbAbi,yAla,wzgb,tanasA,Hada,HawalyA,Hsr`Ata,tmhrtu,litAy,stand
gudAy,TAlqA,ligabA,baHqErgT,hAymAno,tanasA,.hasAb,lyuna,mangHstnnA,.hzb,salAm,stand
nagar,ragAgaTa,mahEd,ySAlAl,zm,tanasA,warE,mAgobdad,Habro,maguAz,.hzba,stand
tar,Hovar,tAks,zArE,Damro,tanasA,ganzabnA,Hikonomi,lmA,ministEr,ministEru,stand
yAtl,katamA,manoriyA,HapArtmantA,HqEndAlu,tanasA,HqEsA,hywatA,lAlafa,Hamst,HityoPyA,stand
waTA,HityoPyA,hywat,qaTafa,HqEsA,tanasA,HqEskA,bAytAwaq,HqEsAtu,mATfA,qadmo,cause
HabAto,haymAno,taquAmA,yqrtA,maTayaq,tanasA,mAramiyA,bEt,gaNutyadarg,bAlaslTAnA,yqrtA,stand
mAbrAriyA,Datu,TnqAqE,tazagADa,mahonunA,tanasA,tadaraga,dldl,fthAwi,mahonu,Hikonomi,stand
bAhar,yAsfalgAtAl,law,taqAwAmi,pArti,tanasA,hAsAb,mAsAkA,HqEnsarAla,yAlu,bAlafu,stand
qaTAy,HqEnqsqAsE,lmd,mawsd,pArti,tanasA,hAsAb,tawayAyto,hgu,masaratAwi,Hamdo,stand
bAhar,yAsfalgAtAl,law,taqAwAmi,pArti,tanasA,hAsAb,mAsAkA,HqEnsarAla,yAlu,bAlafu,stand
.hzb,marACna,kArd,mawsad,yAsA,tanasA,talaya,mzagabA,waqt,hbratasabunA,polatikA,stand
nbra,fAbrikA,Cs,mATAriyA,kfl,tanasA,HqEsA,zArE,TawAtu,sost,Damro,cause
syAmE,yAtl,mulu,mangadaNo,HasAfro,tanasA,HawroplAnu,zArE,TawA,Hadis,HababA,stand
faxmu,HalunA,yTanqaqu,Hadaru,HakAbAbi,tanasA,drq,gudA,sAyAskatl,quTTr,sr,stand
bEtakrstiyA,gadAmnA,zquAlA,tarArA,HakAbAbi,tanasA,sadad,HqEsA,mATfA,bEtakrstiyAnitu,Trat,stand
HabAlA,yAluA,Hasr,vil,mAhbarA,tanasA,Tmra,faTra,mrCA,matAzab,tanqasAqasu,stand
tagabaru,HamarArunA,HabAlAtu,HagarAwi,smEtnA,tanasA,fta,minA,tayAyAza,zEnA,dArfur,stand
yAtl,katamA,manoriyA,HapArtmantA,HqEndAlu,tanasA,HqEsA,hywatA,lAlafa,Hamst,HityoPyA,stand
waTA,HityoPyA,hywat,qaTafa,HqEsA,tanasA,HqEskA,bAytAwaq,HqEsAtu,mATfA,qadmo,cause
HqECu,tawadAdAri,tagadala,maTaT,bEt,tanasA,grgr,sAbiyA,mahonu,.hgAwi,mangad,stand
.hzb,marACna,kArd,mawsad,yAsA,tanasA,talaya,mzagabA,waqt,hbratasabunA,polatikA,stand
qaTAy,HqEnqsqAsE,lmd,mawsd,pArti,tanasA,hAsAb,tawayAyto,hgu,masaratAwi,Hamdo,stand
maqanas,saTa,dgAf,maCamar,minor,tanasA,mawsad,gudAyu,wyytnA,wsAnE,yAqaraba,cause
sna,mgbAr,daraDA,mAsAdag,zarf,tanasA,zagADu,yAlu,Hawda,r`yo,zarfu,stand
HastayAya,HabzA,misTirAwi,maraDA,mawTA,tanasA,taqAwmonnA,quTA,galxu,HqEsrA`Elu,TaqlAy,stand
quTA,targafagafu,HaranguAdE,hgamangstA,TAqasu,tanasA,frdu,mot,silu,tlA,tElEviZ,cause
turE,mangHs,samEnAwi,hagaritu,fil,tanasA,tuwArEg,`Amax,mAbqA,bAlamacAlu,mahonu,stand
tagabara,migaNa,lmAtAwi,mangHs,flsfnA,tanasA,HascagAri,mahonu,balAy,mangHs,faqAdaNna,stand
stqoTATar,sawu,manor,kAlA,gugu,tanasA,Tga,HastasAsabA,bamAla,gabru,HasrA,stand
bataCamAri,HsrA,fdA,bEt,mrE,tanasA,miyATafu,riporto,HityoPyA,Camro,Hagaro,stand
qArannA,trgumo,mac,kfta,slAla,tanasA,baHafaxAxa,zEgo,gudA,.hgu,tagbArAwi,stand
daraq,wanDal,madANa,SbrtaNna,polatikA,tanasA,yAla,wanDal,SbrtaNna,btwasda,manaSA,stand
nagar,baHamax,HadargawAla,kAla,polatikA,tanasA,yAla,wanDal,nagaro,mAyTATAmu,makarA,stand
maqCA,Hala,liqaTA,nagar,polatikA,tanasA,yAlA,glasabo,honu,drDto,TfA,stand
miqaTlu,`AmatA,baqi,mgb,bAlamAgNa,tanasA,`Ala,Haqaf,daraDA,miliyo,.hxAnA,stand
gb`AtnA,Haq,maho,cl,HafaxAxa,tanasA,HElEktrik,hAyl,taTaqAmi,gaTar,qabalE,stand
mamAr,flAgo,noruA,HqEdlu,TabAbna,tanasA,hlmA,mangad,qara,HandAnd,bAlnDarocE,stand
wasada,saw,mAstAwaSA,HawasAsadu,manfas,tanasA,saw,gudAyu,HanSawArro,matargo,cl,stand
mAnA,Hinvastmanto,TankArA,tadarAdAri,mahonu,tanasA,HagarnnA,hzb,gudA,dArg,smmna,stand
blu,stAr,mil,lyu,maTariyA,tanasA,gl,TEnA,taquAmA,raDa,gizEnA,stand
lDu,gAbcA,masTa,HqEmbi,mAlatu,tanasA,Torna,takafto,tazagaba,tArik,Hala,stand
somAliyAnA,HErtrA,gaNu,HafrikA,qand,tanasA,HafrikA,qand,lmAtnA,`dga,mAnaqo,stand
taqAwAmi,hAylo,mAdAkamunA,tazarazaru,mknyAto,tanasA,HisAyAs,mangHs,Tankro,limuAga,cl,stand
polis,quTTr,sr,wAlu,HqEsraNo,tanasA,xab,hywat,mAlafu,mnCo,Hamalakatu,stand
mangad,bAlbalaxaga,zaman,`mnatA,xnA,tanasA,snqA,HqEgrA,warAtnnA,`AmatA,HadkAmi,stand
tAwquAl,tanasA,dbdb,tanasto,gadAy,tanasA,fta,gudA,yAdarasa,wadiyA,hkmnA,stand
HagAfAri,SAw,wazAdar,Haydalu,bluAl,tanasA,HsrA,qaqa,Habra,ysaru,HsrA,stand
TbaqA,mamariyA,taqabla,Tabaqu,wfratA,tanasA,gbi,makinA,magbiyA,limolu,qarA,stand
sanazaru,HandAnd,tcto,mararu,mahonA,tanasA,yAsdanagTAlu,Sbr,TqA,musnA,HadagA,stand
faxmo,yAwqAl,xaba,HawAki,bAhry,tanasA,HabEtutA,qarbo,yAwqAl,mAramiyA,bEtu,stand
tafaTro,maTa,yAlafa,maTlA,TlAcA,tanasA,tafaTro,hg,marA,hono,tafaTro,stand
zalq,Torna,ydArgAl,mil,gmtA,tanasA,cAynAnA,rusiyA,HalamHaqaf,salAm,waku,stand
HqEdl,bAlaslTAnAtnA,fil,kubAnyA,nqatA,tanasA,Tqur,hzb,yAwqu,nagar,lam,stand
husE,zaman,HirAq,HsrA,HqETo,tanasA,.hkmnA,doktrE,daraDA,tamaraqu,sawu,stand
tAmnobatAl,hbratasabu,gnzAbE,mATA,mknyAto,tanasA,TEnA,taquAmA,yAlamaTaqa,hunEtA,HakuwAyA,stand
gadal,gabA,skAy,HadagA,Hawtobsu,tanasA,HqEsA,tafaqadala,fTna,maSkarkaru,mahonu,stand
fqr,miho,mATA,mifaTarbA,frhA,tanasA,ySAlAl,mAla,yhE,HadagA,miho,cause
HaTATAl,yAltamaca,HihHadEg,bazA,mAdnaqA,tanasA,hAq,mafAtA,dAr,dAr,mAlatA,stand
HandAnd,waCi,kisA,mAwTA,migadadu,tanasA,HsrA,malqaq,faqAd,HawTta,gl,stand
wAnA,maSkarkariyA,r`sa,gudAyA,Hadrga,tanasA,tagalabAbAC,darAsi,daha,Tqitocu,darAsiyA,stand
maganA,mangad,bAlbalaxaga,`mnatA,xnA,tanasA,snqA,HqEgrA,warAtnnA,`AmatA,HadkAmi,stand
Habra,ysaru,HsrA,bAldarabocu,HabzANocu,tanasA,tagadalu,gAzETa,sbhA,gabraHqEgziHab.hEr,lyu,cause
TbaqA,mamariyA,taqabla,Tabaqu,wfratA,tanasA,gbi,makinA,magbiyA,limolu,qarA,stand
tamAri,mamAr,HqEdl,mAgNatA,kfl,tanasA,HakAbAbi,waTAto,mamAr,HqEdl,sAyAgaNu,cause
mamAr,ygadadu,tamAri,Haq,mAnas,tanasA,tmhrt,yAquArTu,galTa,mangs,bAdaraga,stand
mAgaz,Hamalkata,tamaTATana,mgb,HqETra,tanasA,hxAnAtu,gaTmA,baStA,makalAkal,mahonu,stand
sil,HandAnda,tamAri,Haq,mAnas,tanasA,tmhrtA,yAquArTu,.hbratasab,gnbAtA,gul,stand
yAdarg,maqoyatu,Hamalkata,Haq,mAnas,tanasA,tmharatA,liyAquArTu,Harbto,Hadar,lDo,stand
yAdarg,maqoyatu,Hamalkata,Haq,mAnas,tanasA,tmharatA,liyAquArTu,Harbto,Hadar,lDo,stand
HityoPyA,zEnA,Hagalglo,galaxu,cgro,tanasA,madaba,tmhrt,mAgNa,yAlcAlu,sawu,stand
tmhar,bEt,Hahunu,mamAriyA,kflo,tanasA,kfl,tamAri,mimAru,tagalTuAl,mangs,stand
miqaTlu,`AmatA,baqi,mgb,bAlamAgNa,tanasA,`Ala,Haqaf,daraDA,miliyo,.hxAnA,stand
Hagaro,tEknik,komitE,quAquA,qdmiyA,tanasA,mawsaduA,quAquAma,galalta,komitE,tafAsas,cause
gb`AtnA,Haq,maho,cl,HafaxAxa,tanasA,HElEktrik,hAyl,taTaqAmi,gaTar,qabalE,stand
xara,saw,HadagA,saw,zar,tanasA,sfA,tasfAfA,maTA,saTawnA,qadma,stand
mamAr,flAgo,noruA,HqEdlu,TabAbna,tanasA,hlmA,mangad,qara,HandAnd,bAlnDarocE,stand
mAnA,Hinvastmanto,TankArA,tadarAdAri,mahonu,tanasA,HagarnnA,hzb,gudA,dArg,smmna,stand
HagbAbocu,tamarACnA,sAbi,mAdrag,yzo,tanasA,`AlAmA,taqadA,HastasAsab,mAsrax,hAlAfina,stand
glasabocu,yAzu,taqanAqA,polatikA,HaquA,tanasA,tawasada,mAsmasal,hasata,propogAndA,manzA,stand
HasaNto,mknyAtu,maDamariyA,kompiyutaro,gzufnatA,tanasA,botA,botA,mAnqasAqas,HadAgA,kompiyutarocu,stand
goDi,lmAdAwi,drgitocnA,huAlAqar,HamalakAkato,tanasA,mabt,Tsato,mitAyu,HasmAru,mAsqara,cause
bAlamuyA,sfA,salaTana,cgru,sfA,tanasA,kAti,HasrA,hospitAl,bAlamuyA,HascagAri,stand
Tndocu,mAhbarasabAwinA,HikonomiyAwi,hunEtA,yAlamamacAca,tanasA,gAbcA,mafaxa,yAqAtA,madagaf,gAbcA,cause
migabA,masabsabunA,hbratasabu,gbr,TaqamEtAHawqo,tanasA,gdEtA,waqtu,mawaTA,gbr,makfalu,stand
lmA,mAfATa,minora,gul,fAydA,tanasA,hAgarA,tafarAraqu,HsrHato,wTEtAmA,bAyhonlA,cause
wddru,HanAkAhid,mAla,wddru,mAglalu,tanasA,HafrikA,HqEgr,kuAs,konfEdErE,budnu,stand
HsrA,zuriyA,Harso,Hadaru,yAsA,tanasA,rbrb,tasfA,saCi,mahonunnA,Trat,stand
bAlu,HagarA,gaNu,HqEnAto,walid,tanasA,hlfa,tawasada,nAmunA,TnA,Hamst,stand
HqECu,tawadAdAri,tagadala,maTaT,bEt,tanasA,grgr,sAbiyA,mahonu,.hgAwi,mangad,stand
HoromiyAnA,bEnSAngul,gumz,HagorAbA,waradA,tanasA,gC,tasAtafu,glasabo,zar,mATfA,cause
yAlu,maTana,cgro,gnzAbE,mAnas,tanasA,tabla,tafaTaru,HqEndAlhonuba,tAzAbi,budnu,stand
whA,HqETra,makasatu,cgr,gaTama,tanasA,proDaktu,yTanAqaqAl,tablo,tAqada,mazagyatu,stand
faTA,wTnA,HikonomiyAwi,`dga,qorTo,tanasA,hagarA,hzb,lmA,HqEnqsqAsE,frEyAmA,stand
tAqafa,nqa,HqErmDA,takafata,nqatu,tanasA,naDi,mamalka,hzb,hab,hab,stand
HandAnd,r`sAna,mamhrAnu,HsrA,HadmA,tanasA,tmhrt,maquAraTu,hunEtA,mAstakAkalnA,maCi,stand
yAsclu,tubo,lAyfaTarulA,masmar,mknyAto,tanasA,gudA,darasa,zar,fasA,tkkla,cause
cgro,qodA,TrA,TrA,maguAdal,tanasA,TrE,qodA,mAsga,tamokara,qodAnA,stand
HandAnd,naCo,tasAsAtA,HafriqA,HqEwuqa,tanasA,Tayaqu,TyAqE,rlinu,wakilA,ylmA,stand
liyAga,tanasA,qaTAnA,kASanafa,pArti,tanasA,manbar,qaTAnA,hulataNAnatu,botA,mayAz,stand
zagabA,HityoPyA,mangs,hbratu,yAwazAgb,tanasA,zandro,mrCA,matAzab,hagaritu,gaNa,cause
mAhbaru,liqamanbar,HikAl,HangElE,proDak,tanasA,kEnyA,hywat,HadagA,gabA,galaxa,stand
hAyl,Smq,tawAgi,misanazar,TqA,tanasA,tal`ko,mAkanAwanu,tagbAru,HqEkl,HqEkl,stand
HalyA,budn,tayAyAza,Sari`A,hg,tanasA,takalakala,saw,hunEtA,tAlAq,qan,stand
fAkari,milu,qodA,qala,lyuna,tanasA,klkalA,daragAbA,nEpAlnA,Hityo.dyA,maTu,stand
yhunnA,mAma,frAnkfar,sEta,HadArina,tanasA,tagodA,nAyDEriyAwi,cm,mAla,hga,stand
`dl,tasaTa,daraDA,tmhrtA,cgro,tanasA,mifalgu,Tru,daraDA,mAdras,lAlcAlu,stand
HakAdAmi,zarf,gaTamA,brtu,gfi,tanasA,marAhita,mangs,HangElA,mErkl,wadADna,stand
HalamaTabaqA,hbratu,prEzida,ZAn,ping,tanasA,hbratu,britAnyA,libiyA,makr,naga,cause
diplomAsiyA,Trat,bilu,bAgbo,HqEmbitaNna,tanasA,HqEsA,hagaritu,maragAgA,sAyclu,maCaraSA,stand
ysaTu,doktar,gEtE,galA,mknyAto,tanasA,lElocu,tamo,Hityo.dyA,TnA,HsrA,cause
cgrnA,baqi,yAlhona,tmhrt,Haqrbo,tanasA,Hagaro,Halam,Haqafu,mr,taTaqAmi,stand
magtA,bEtasaboC,cgr,maTA,san,tanasA,HandAnd,hagaritu,nawAri,qan,HandE,stand
HawropA,gabu,mangad,Tababa,hEduAl,tanasA,kAlafu,`AmatA,wadi,HawropA,darsa,cause
TAbiyA,waqtu,miyAstanAgda,sdataNo,bzA,tanasA,`Ala,maTalayA,TAbiyA,sost,mato,stand
HakrAri,HqEslmnA,wAhAbiz,r`yo,taTayAqi,tanasA,maskara,TqA,TAlu,sAwdi,tawalADo,stand
mabt,tamuAgAco,taqAwmo,kAsamu,hgu,tanasA,tAnzAnyA,yugAndA,kEnyA,zArE,dras,stand
gAbo,mifaxama,sab`Awi,mabt,ragaTA,tanasA,hagar,`Abiy,spor,wddr,mAstanAgad,stand
sawu,qaTala,gdyA,liyAsqoma,yAsAfr,tanasA,turk,dnbar,gaNu,soryAwyAnu,sdataNo,cause
takatAyo,bAlafu,HsAmntA,tamAytu,qaw,tanasA,Habuna,pitar,HEbEdEro,maru,Hsr`Ata,stand
HafriqAwyAnu,HacAwocA,tbbrA,ganzab,kokEy,tanasA,qalAlu,mAygama,kokEy,maTa,m`rAb,cause
TankArA,yhunnA,tasfA,linora,mknyAto,tanasA,bago,HastasAsab,HaCr,yAgaNa,soriyAwi,stand
hunEtA,bATaqAlAy,nuro,hunEtA,tabalASa,tanasA,HEnrikE,rozA,Tor,hAylu,dgomA,stand
prEzidantu,HslTA,mAwrad,hAlAfinatu,marakab,tanasA,HqEHaHa,magAbi,`Am,Damro,qaTAyocu,cause
digri,tamaraqa,waTAtu,HakAl,gudAtaNnatE,tanasA,HqEskA,srA,mAgNa,HalcAlku,sil,cause
`Ala,salAm,HsgA,maTAl,gTmA,tanasA,HqEHsrAHEl,hagar,minstEr,grAs,wadahagar,cause
mTAnE,hab,mhur,HafriqAwinatAcawnA,sEtnatA,tanasA,`Ala,lmAtnA,bdr,saCi,drD,stand
yAkl,hagar,taqablo,maquAquA,cl,tanasA,maDamariyA,Sangal,ngd,tssr,HqEndAlA,stand
