Lcontext6,Lcontex5,Lcontext4,Lcontext3,Lcontext2,Lcontext1,target word,Rcontext1,Rcontext2,Rcontext3,Rcontext4,Rcontext5,Rcontext6,class
musnA,nagar,taqabAyu,minA,zAnu,yAhl,tanasA,`AlAmA,liqAra,HqEskamicl,mAla,Tru,musa,stand
tanasu,HihHadEg,hAlAfi,tamalakata,krkr,hAlAfi,tanasA,gl,gAzETo,qadma,mazagabA,tkkl,Haydala,stand
falAC,qorACna,tazabAnanu,slTAnA,linaTquA,tanasubA,tanasA,Halam,mangs,maTto,miyAsTlA,mil,Hayna,stand
mayAz,cAl,tkl,dngAyo,zuriyA,noru,tanasA,tanasta,HakAbAbi,safru,mimalakatA,HakAl,TyAqE,stand
maho,saru,l`ul,sagad,tafari,hAlAfinatA,tanasA,mnCo,hAlAfinatA,tanasu,bAnku,prEzidA,TuratA,stand
HasaTAT,tayAyAza,ntibAwocnA,srA,hAlAfi,slTA,tanasA,matAsarAcawnA,makasasA,tAwas,tamasAsAy,zEnA,dabub,stand
saru,mangs,TalA,maho,mAgAlaT,tATqa,tanasA,kulA,lk,HqEndAnta,saw,liyATafA,tasalafa,stand
kAstro,bq,Halu,skrinu,tamalkA,CbCabA,tanasA,kAstro,tadanqa,sAyAbaqu,mAyAwqu,tkaSA,kAstro,cause
mangada,zm,gAzETaNo,yzA,Hadis,HababA,tanasA,naCuA,minibAs,fituA,Hawtobus,hEda,gadal,stand
Hakal,zho,gzuf,HakAl,HqElakAla,blA,tanasA,gundA,HqEndAnho,maTanqaq,tagabi,Hsr,naqalnA,stand
Cok,blA,tanAgara,taqoTA,tagAdama,zalA,tanasA,qaT,blA,qoma,kflu,df,CalamA,stand
masaqaluA,HaltagaNa,Hsosta,qan,t`gs,mot,tanasA,tablo,HakAbAbi,hzb,tAya,mnCo,ynAgarAlu,stand
sgasA,huAway,faTAri,damo,yAci,gAstrikE,tanasA,ylAlu,dmxA,qlAxE,gurA,nafu,Halfo,stand
Hamata,mhra,tabatanu,zArE,HqEsrAHEl,mot,tanasA,dras,Halam,HqEytA,HagarA,motA,HalqolA,stand
danagaT,HazAwntuA,balu,warAD,silu,maqamaCA,tanasA,Hakbro,SaNanA,wadiyA,HandA,yAhl,DarikA,cause
Hikonomi,mAsAdag,`Ala,mato,drSA,mAbarka,tanasA,takasata,Hasfari,HsrA,HaTna,maqraf,biliyo,stand
Damara,xara,saw,HadagA,saw,zar,tanasA,sfA,tasfAfA,maTA,zaman,zaman,saTawnA,stand
britAnyA,wAgAlA,qasaqasa,Hayqar,hayla,mAHqEbal,tanasA,spA,tAlAlAq,markabo,HangalAtA,markabaNocu,quTTr,cause
Hayna,mAHqEbal,lb,tanqasAqasu,wr,wr,tanasA,HamErikA,nxxr,sttAy,dakAmA,HityoPyA,raDmu,stand
Halamakatalu,pArti,lAynatnA,pArti,HambAgananna,HqEkatalAla,tanasA,dEmokrAsi,TAras,HaydiyoloDi,yzo,qaTala,cgru,stand
dnq,polatikA,tantANna,qrbu,mangs,magalbaT,tanasA,mil,bAstalAlafa,TnA,tab,gax,xhuf,stand
HaynE,tasawara,Calamab,TawA,HasrA,mamulAtu,tanasA,dAga,stwaTA,bAga,TabakuA,msrAq,bq,cause
HqEnazihnA,TyAqE,CnqlAtE,HaqACalub,sa`AtE,HayahunA,tanasA,dAgos,yAla,tip,saTcA,tasanAbatku,dAgos,stand
kocrE,tabAla,gAzETa,mAdrag,cAl,mAla,tanasA,lboladu,gaxabAhry,faDa,qan,Hamst,qan,stand
wagagtA,dAbsA,bEtamaqdas,sawnatuA,yzA,wadaqa,tanasA,CaraqA,xahay,HadnAqi,yAlhonku,yKa,xahay,cause
zArE,dras,sAyzAnaf,qaTala,bAhrEy,taqAwmo,tanasA,zEguacuA,tAnknA,matrayas,damssA,xaT,HqEndtAdarglA,cause
mAycl,`l,yAla,dhna,HabuArA,HarAgfa,tanasA,HqEni,biliyEnaro,balA,HqEskamATA,yAdarsa,`Ayna,cause
zm,minibAsuA,gAzETaNo,yzA,Hadis,HababA,tanasA,naCuA,minibAs,fituA,Hawtobus,hEda,gadal,stand
HqEgziHab.hEr,`Am,lEli,maTto,yTaru,maTta,tanasA,hid,nagar,mnagr,qAl,tAdargAla,Hala,cause
mnagr,qAl,tAdargAla,Hala,`Am,nagA,tanasA,HahyAytu,Cno,mo`Ab,Halaqo,hEda,hEda,stand
mdr,HqEsrAHEl,HqEndAdaraga,HaTafuHa,sfrA,taqamaTu,tanasA,zarEd,fafA,taSAgaru,Hala,zarEd,fafA,cause
TalAtocA,ySaSAlu,nagar,makAkalA,kAlATafA,Halho,tanasA,.hzbu,qads,hm,HqEsrAHEl,nagar,Hala,cause
smA,guabaz,gbi,HqEdarnA,naga,TuAt,tanasA,flmiyA,yqaTlAl,HqErA,balu,xaD,TaTu,stand
HaTbqa,naqfawAl,gAdAfi,maTAl,nafT,Hangba,tanasA,tATAqi,kulA,Sggru,mangs,HqEmna,maTqas,stand
quTr,fantA,mAncE,stbAl,HalaqA,fargusa,tanasA,fotogrAf,mAsdagaf,HqEDE,yAgaNa,mil,maglaCA,stand
maganA,yAz,HalgA,gAda,ln,mAstAwaSA,tanasA,tanasA,kflu,gdgdA,xa.hay,stgabA,yAsAynA,stand
mASqolqol,Damara,darg,waqt,mamaraqiyA,gAwA,tanasA,fotogrAf,sAlo,mAgECA,mahonu,qara,Hi.hHadEg,stand
yAlq,smE,fanqluA,naqis,maqamaCA,zala,tanasA,gAla,CbCabA,CobE,ragaTu,HadArASu,HqEngdi,stand
naTaqu,dhA,Tqur,gabarE,HakafAflAla,bla,tanasA,marE,Tqur,dhA,gabarE,Haldarasa,mugAbE,cause
mAla,HayAskEd,dhna,HagarA,mATfA,qurTaNna,tanasA,mangHstA,sEto,wandocnA,waTAto,tawAldo,TEnA,stand
mot,tanasu,tablo,tawarA,ynAgarAlu,mot,tanasA,samAy,talAku,mal`k,mAdras,gal,t`gs,stand
`Ayna,HasgarAmi,mibAl,daraDA,mogta,tElE,tanasA,mAlatA,Halqara,qdma,kfyA,kArd,mamulA,stand
milini,mAswagad,hbratnA,Handna,srA,tATqo,tanasA,nurowu,mASASAlnA,hywatu,malawaT,micl,tanAgrawAl,cause
mahonu,nagar,tctocAcawnA,sm,mATfA,zamacA,tanasA,gudAyo,tawasna,qaru,bAlamahonA,yAzu,zamacA,stand
mgbAr,cgr,mAswagad,taHsarA,trAnspor,zarf,tanasA,TyAqE,mkr,bEtu,tasaTa,mlA,katamA,stand
xAfu,HastayAya,bAlabE,gabru,tAraqa,rmuAl,tanasA,gudAyo,max.hafu,qadAmi,huAl,taqayara,max.hafu,stand
gudAyA,quAC,mawsadu,taquArAC,Tafto,TyAqE,tanasA,proDaktu,hAlAfi,mlA,HalA,gnbAtA,ganzab,stand
HabroDyAno,HawstrAlyA,naCo,makarA,yAyubA,tAriko,tanasA,hagarAtu,maHswA`tna,falu,makara,.hzbo,Halu,stand
gabA,lAqa,HsrA,manAgar,cAl,ymaslaNAl,tanasA,hasAbo,mAsradA,brhAnu,TnA,tagaNu,r`yota,stand
tArik,max.haf,HamuAmuAtA,HanagAgAri,mahonu,smA,tanasA,sawu,tArik,Hsos,`Ama,tAtama,falAsfo,stand
macAl,HaqAtA,HqEwna,lnSaSaws,HqEnclAla,TyAqE,tanasA,HqEwna,HqEwna,maSa,HaycAl,tnAntu,tArikA,stand
tafaTara,Had,`Al,tamalakata,guAdaNocE,CawAtA,tanasA,wadADA,zandro,Had,bAydo,Hala,grA,stand
`Ala,hzb,hywat,markab,maslanawAl,markab,tanasA,sunAmi,yAlu,hAsAb,mA`balo,matu,HangalAtawAtAl,stand
masaratAwi,cgro,sAlho,fil,tamalkAco,sark,tanasA,TAlu,gudAyo,tamalkA,fil,sari,wAnA,stand
mAdrag,nqasAqas,HikonomiyAwinA,polatikAwi,`AlAmA,yzo,tanasA,HigAd,yKE,sltu,gCto,mAsqara,lmA,stand
maksas,micAl,galxawAl,wlo,Habal,mimalaka,tanasA,TyAqE,nagar,mAlaqu,dAr,dnbaru,taTanto,stand
makinA,Hagalglo,mAqomiyA,Haydala,pArking,krkr,tanasA,HsrA,mafTar,makarAkariyA,yqarbAl,wAnA,nagar,stand
gnNuna,HagbAbocu,tamarACnA,sAbi,mAdrag,yzo,tanasA,`AlAmA,taqadA,HastasAsab,mAsrax,hAlAfina,taTlobatAl,stand
.hgAwi,HqErmDA,glasabocu,yAzu,taqanAqA,polatikA,tanasA,tanasA,tawasada,mAsmasal,hasata,propogAndA,manzA,stand
lbonA,lku,cgru,HslTanA,yfalgAl,mAla,tanasA,naTb,`Aynatu,cgr,mafaTar,bawAnaNna,Taqasa,stand
taqasaqasa,taqAwmo,yATATAla,HaDandA,bAlA,sawu,tanasA,TyAqE,bamAla,tanasA,taqAwmo,takatlo,korporESnu,stand
zEnA,HqEwaDA,mS,studiyo,tagaNta,bagadAmu,tanasA,TyAqE,mlA,saTu,wAnA,dAyrEktaru,`AbAy,stand
taqasaqasa,taqAwmo,yATATAla,HaDandA,bAlA,sawu,tanasA,TyAqE,bamAla,taqAwmo,takatlo,korporESnu,wAnA,stand
nbratu,ganabA,waCi,miwasd,ministru,mlA,tanasA,naTb,bAlnA,mis,bEt,biHsarunA,bAl,stand
Hamax,HqEnqsqAsE,lyuna,qANa,.hwa.hA,yzo,tanasA,bab.hEr,tamaHsarata,gaTar,tTq,tgl,Hamax,stand
qada,.hga,mangHsttu,Hi.hHadEg,manaSA,yzo,tanasA,polatikA,mar,maHsara,Hadrgua,maraqaqu,bahulatu,stand
tafaTara,Tornatu,batayAyAza,mahonunu,baHi.hHadEg,HamarAr,tanasA,HamarAru,gorA,fala,lyuna,Tornatu,`AlAmA,stand
nagA,mrCA,Hsosta,HamArAC,HaydiyoloDi,yzo,tanasA,HidEpA,liqamanbar,ldatu,HayAlE,mawanDal,mrCA,stand
yAsAdarabA,sgA,galx,baHqErgT,baHandAndocu,badgAmi,tanasA,HastayAya,HityoPyA,musnA,xadA,nac,mAla,stand
yAsAdarabA,sgA,galx,baHqErgT,baHandAndocu,badgAmi,tanasA,HastayAya,musnA,xadA,nac,mAla,ft.hawi,stand
maxA.hf,b.hErasabocnA,.hzbo,quAnquA,babAlamuyA,taragomu,tanasA,tmhrt,ministEr,tmhrt,ministEr,yAwaTA,b.hErAwi,stand
yAskatala,cgr,HityoPyA,baHaxE,hAyla,HslAsE,tanasA,kAti,Habyo,badarg,bamaTalafu,krkr,HakAl,cause
faTra,nagar,HawalyA,HakAbAbi,yAla,wzgb,tanasA,Hada,HawalyA,Hsr`Ata,tmhrtu,litAy,HagarA,stand
hAymAno,gudAy,TAlqA,ligabA,baHqErgT,hAymAno,tanasA,.hasAb,lyuna,mangHstnnA,.hzb,salAm,dahnna,stand
HsarA,nagar,ragAgaTa,mahEd,ySAlAl,zm,tanasA,warE,mAgobdad,Habro,maguAz,.hzba,muslimu,stand
tAksnA,tar,Hovar,tAks,zArE,Damro,tanasA,ganzabnA,Hikonomi,lmA,ministEr,ministEru,mAmSA,stand
HamErikA,yAtl,katamA,manoriyA,HapArtmantA,HqEndAlu,tanasA,HqEsA,hywatA,lAlafa,Hamst,HityoPyA,los,stand
Handi,waTA,HityoPyA,hywat,qaTafa,HqEsA,tanasA,HqEskA,bAytAwaq,HqEsAtu,mATfA,qadmo,darso,cause
haymAno,HabAto,haymAno,taquAmA,yqrtA,maTayaq,tanasA,mAramiyA,bEt,gaNutyadarg,bAlaslTAnA,yqrtA,daraglA,stand
ministEr,mAbrAriyA,Datu,TnqAqE,tazagADa,mahonunA,tanasA,tadaraga,dldl,fthAwi,mahonu,Hikonomi,masarat,stand
hAgaritu,bAhar,yAsfalgAtAl,law,taqAwAmi,pArti,tanasA,hAsAb,mAsAkA,HqEnsarAla,yAlu,bAlafu,`AmatA,stand
magamga,qaTAy,HqEnqsqAsE,lmd,mawsd,pArti,tanasA,hAsAb,tawayAyto,hgu,masaratAwi,Hamdo,mamasra,stand
hAgaritu,bAhar,yAsfalgAtAl,law,taqAwAmi,pArti,tanasA,hAsAb,mAsAkA,HqEnsarAla,yAlu,bAlafu,`AmatA,stand
marACu,.hzb,marACna,kArd,mawsad,yAsA,tanasA,talaya,mzagabA,waqt,hbratasabunA,polatikA,pArti,stand
br,nbra,fAbrikA,Cs,mATAriyA,kfl,tanasA,HqEsA,zArE,TawAtu,sost,Damro,qanu,cause
sahArA,syAmE,yAtl,mulu,mangadaNo,HasAfro,tanasA,HawroplAnu,zArE,TawA,Hadis,HababA,bolE,stand
tagbAr,faxmu,HalunA,yTanqaqu,Hadaru,HakAbAbi,tanasA,drq,gudA,sAyAskatl,quTTr,sr,wAla,stand
tawAhdo,bEtakrstiyA,gadAmnA,zquAlA,tarArA,HakAbAbi,tanasA,sadad,HqEsA,mATfA,bEtakrstiyAnitu,Trat,mAdraguA,stand
qoTaru,HabAlA,yAluA,Hasr,vil,mAhbarA,tanasA,Tmra,faTra,mrCA,matAzab,tanqasAqasu,ygaNAlu,stand
quTTr,tagabaru,HamarArunA,HabAlAtu,HagarAwi,smEtnA,tanasA,fta,minA,tayAyAza,zEnA,dArfur,tasamArA,stand
HamErikA,yAtl,katamA,manoriyA,HapArtmantA,HqEndAlu,tanasA,HqEsA,hywatA,lAlafa,Hamst,HityoPyA,los,stand
Handi,waTA,HityoPyA,hywat,qaTafa,HqEsA,tanasA,HqEskA,bAytAwaq,HqEsAtu,mATfA,qadmo,darso,cause
yAqaraba,HqECu,tawadAdAri,tagadala,maTaT,bEt,tanasA,grgr,sAbiyA,mahonu,.hgAwi,mangad,takAhEda,stand
marACu,.hzb,marACna,kArd,mawsad,yAsA,tanasA,talaya,mzagabA,waqt,hbratasabunA,polatikA,pArti,stand
magamga,qaTAy,HqEnqsqAsE,lmd,mawsd,pArti,tanasA,hAsAb,tawayAyto,hgu,masaratAwi,Hamdo,mamasra,stand
mot,maqanas,saTa,dgAf,maCamar,minor,tanasA,mawsad,gudAyu,wyytnA,wsAnE,yAqaraba,zandro,cause
bAhlnA,sna,mgbAr,daraDA,mAsAdag,zarf,tanasA,zagADu,yAlu,Hawda,r`yo,zarfu,Haq,stand
samA,HastayAya,HabzA,misTirAwi,maraDA,mawTA,tanasA,taqAwmonnA,quTA,galxu,HqEsrA`Elu,TaqlAy,ministr,stand
gAdAfi,quTA,targafagafu,HaranguAdE,hgamangstA,TAqasu,tanasA,frdu,mot,silu,tlA,tElEviZ,masko,cause
prEzida,turE,mangHs,samEnAwi,hagaritu,fil,tanasA,tuwArEg,`Amax,mAbqA,bAlamacAlu,mahonu,dEmokrAsinnA,stand
hunEtA,tagabara,migaNa,lmAtAwi,mangHs,flsfnA,tanasA,HascagAri,mahonu,balAy,mangHs,faqAdaNna,lEla,stand
Hikonomi,stqoTATar,sawu,manor,kAlA,gugu,tanasA,Tga,HastasAsabA,bamAla,gabru,HasrA,pArtiyA,stand
tawasadu,bataCamAri,HsrA,fdA,bEt,mrE,tanasA,miyATafu,riporto,HityoPyA,Camro,Hagaro,zEgocA,stand
daraDA,qArannA,trgumo,mac,kfta,slAla,tanasA,baHafaxAxa,zEgo,gudA,.hgu,tagbArAwi,bahuAlAnA,stand
`AlAmA,daraq,wanDal,madANa,SbrtaNna,polatikA,tanasA,yAla,wanDal,SbrtaNna,btwasda,manaSA,polatikA,stand
mfalga,nagar,baHamax,HadargawAla,kAla,polatikA,tanasA,yAla,wanDal,nagaro,mAyTATAmu,makarA,polatikA,stand
yAdars,maqCA,Hala,liqaTA,nagar,polatikA,tanasA,yAlA,glasabo,honu,drDto,TfA,faxAmina,stand
drD,miqaTlu,`AmatA,baqi,mgb,bAlamAgNa,tanasA,`Ala,Haqaf,daraDA,miliyo,.hxAnA,HakAlAwi,stand
fta,gb`AtnA,Haq,maho,cl,HafaxAxa,tanasA,HElEktrik,hAyl,taTaqAmi,gaTar,qabalE,mAdras,stand
HaqmnA,mamAr,flAgo,noruA,HqEdlu,TabAbna,tanasA,hlmA,mangad,qara,HandAnd,bAlnDarocE,lbE,stand
mAstAwaSA,wasada,saw,mAstAwaSA,HawasAsadu,manfas,tanasA,saw,gudAyu,HanSawArro,matargo,cl,fata,stand
mangs,mAnA,Hinvastmanto,TankArA,tadarAdAri,mahonu,tanasA,HagarnnA,hzb,gudA,dArg,smmna,Hayfax,stand
maganzab,blu,stAr,mil,lyu,maTariyA,tanasA,gl,TEnA,taquAmA,raDa,gizEnA,zalAqi,stand
kAmbisas,lDu,gAbcA,masTa,HqEmbi,mAlatu,tanasA,Torna,takafto,tazagaba,tArik,Hala,yAsA,stand
qaTAnA,somAliyAnA,HErtrA,gaNu,HafrikA,qand,tanasA,HafrikA,qand,lmAtnA,`dga,mAnaqo,honu,stand
TankArA,taqAwAmi,hAylo,mAdAkamunA,tazarazaru,mknyAto,tanasA,HisAyAs,mangHs,Tankro,limuAga,cl,taqAwAmi,stand
taTarTra,polis,quTTr,sr,wAlu,HqEsraNo,tanasA,xab,hywat,mAlafu,mnCo,Hamalakatu,.hararE,stand
maganA,mangad,bAlbalaxaga,zaman,`mnatA,xnA,tanasA,snqA,HqEgrA,warAtnnA,`AmatA,HadkAmi,guzo,stand
saTa,tAwquAl,tanasA,dbdb,tanasto,gadAy,tanasA,fta,gudA,yAdarasa,wadiyA,hkmnA,hospitAl,stand
ylAl,HagAfAri,SAw,wazAdar,Haydalu,bluAl,tanasA,HsrA,qaqa,Habra,ysaru,HsrA,bAldarabocu,stand
nagara,TbaqA,mamariyA,taqabla,Tabaqu,wfratA,tanasA,gbi,makinA,magbiyA,limolu,qarA,TbaqA,stand
mangs,sanazaru,HandAnd,tcto,mararu,mahonA,tanasA,yAsdanagTAlu,Sbr,TqA,musnA,HadagA,ybsbnAl,stand
drgi,faxmo,yAwqAl,xaba,HawAki,bAhry,tanasA,HabEtutA,qarbo,yAwqAl,mAramiyA,bEtu,talaya,stand
Tg,tafaTro,maTa,yAlafa,maTlA,TlAcA,tanasA,tafaTro,hg,marA,hono,tafaTro,mAwda,stand
HamatA,zalq,Torna,ydArgAl,mil,gmtA,tanasA,cAynAnA,rusiyA,HalamHaqaf,salAm,waku,roytars,stand
masrA,HqEdl,bAlaslTAnAtnA,fil,kubAnyA,nqatA,tanasA,Tqur,hzb,yAwqu,nagar,lam,sil,stand
sAdA,husE,zaman,HirAq,HsrA,HqETo,tanasA,.hkmnA,doktrE,daraDA,tamaraqu,sawu,HqEndAltamAra,stand
mahonu,tAmnobatAl,hbratasabu,gnzAbE,mATA,mknyAto,tanasA,TEnA,taquAmA,yAlamaTaqa,hunEtA,HakuwAyA,TEnA,stand
rahA,gadal,gabA,skAy,HadagA,Hawtobsu,tanasA,HqEsA,tafaqadala,fTna,maSkarkaru,mahonu,HoromiyA,stand
kAlA,fqr,miho,mATA,mifaTarbA,frhA,tanasA,ySAlAl,mAla,yhE,HadagA,miho,lb,cause
HaTATAl,HaTATAl,yAltamaca,HihHadEg,bazA,mAdnaqA,tanasA,hAq,mafAtA,dAr,dAr,mAlatA,HqEra,stand
HqEndAlabAcawnA,HandAnd,waCi,kisA,mAwTA,migadadu,tanasA,HsrA,malqaq,faqAd,HawTta,gl,TbqnA,stand
xhuf,wAnA,maSkarkariyA,r`sa,gudAyA,Hadrga,tanasA,tagalabAbAC,darAsi,daha,Tqitocu,darAsiyA,staqar,stand
Hahunu,maganA,mangad,bAlbalaxaga,`mnatA,xnA,tanasA,snqA,HqEgrA,warAtnnA,`AmatA,HadkAmi,guzo,stand
HsrA,Habra,ysaru,HsrA,bAldarabocu,HabzANocu,tanasA,tagadalu,gAzETa,sbhA,gabraHqEgziHab.hEr,lyu,b`r,cause
TbaqA,TbaqA,mamariyA,taqabla,Tabaqu,wfratA,tanasA,gbi,makinA,magbiyA,limolu,qarA,HasAcA,stand
Hadis,tamAri,mamAr,HqEdl,mAgNatA,kfl,tanasA,HakAbAbi,waTAto,mamAr,HqEdl,sAyAgaNu,maqoyatA,cause
maguAz,mamAr,ygadadu,tamAri,Haq,mAnas,tanasA,tmhrt,yAquArTu,galTa,mangs,bAdaraga,Trat,stand
HqEndAyAquArTu,mAgaz,Hamalkata,tamaTATana,mgb,HqETra,tanasA,hxAnAtu,gaTmA,baStA,makalAkal,mahonu,progrAmu,stand
qada,sil,HandAnda,tamAri,Haq,mAnas,tanasA,tmhrtA,yAquArTu,.hbratasab,gnbAtA,gul,dgAf,stand
dgAf,yAdarg,maqoyatu,Hamalkata,Haq,mAnas,tanasA,tmharatA,liyAquArTu,Harbto,Hadar,lDo,taqablo,stand
dgAf,yAdarg,maqoyatu,Hamalkata,Haq,mAnas,tanasA,tmharatA,liyAquArTu,Harbto,Hadar,lDo,taqablo,stand
dugumA,HityoPyA,zEnA,Hagalglo,galaxu,cgro,tanasA,madaba,tmhrt,mAgNa,yAlcAlu,sawu,bAlafu,stand
daraDA,tmhar,bEt,Hahunu,mamAriyA,kflo,tanasA,kfl,tamAri,mimAru,tagalTuAl,mangs,sumAlE,stand
drD,miqaTlu,`AmatA,baqi,mgb,bAlamAgNa,tanasA,`Ala,Haqaf,daraDA,miliyo,.hxAnA,HakAlAwi,stand
Hsostu,Hagaro,tEknik,komitE,quAquA,qdmiyA,tanasA,mawsaduA,quAquAma,galalta,komitE,tafAsas,HagarA,cause
fta,gb`AtnA,Haq,maho,cl,HafaxAxa,tanasA,HElEktrik,hAyl,taTaqAmi,gaTar,qabalE,mAdras,stand
Damara,xara,saw,HadagA,saw,zar,tanasA,sfA,tasfAfA,maTA,saTawnA,qadma,sAnnaqAnA,stand
HaqmnA,mamAr,flAgo,noruA,HqEdlu,TabAbna,tanasA,hlmA,mangad,qara,HandAnd,bAlnDarocE,lbE,stand
mangs,mAnA,Hinvastmanto,TankArA,tadarAdAri,mahonu,tanasA,HagarnnA,hzb,gudA,dArg,smmna,Hahunu,stand
gnNuna,HagbAbocu,tamarACnA,sAbi,mAdrag,yzo,tanasA,`AlAmA,taqadA,HastasAsab,mAsrax,hAlAfina,bAlamuyA,stand
HqErmDA,glasabocu,yAzu,taqanAqA,polatikA,HaquA,tanasA,tawasada,mAsmasal,hasata,propogAndA,manzA,hagarA,stand
taHamr,HasaNto,mknyAtu,maDamariyA,kompiyutaro,gzufnatA,tanasA,botA,botA,mAnqasAqas,HadAgA,kompiyutarocu,maTaqa,stand
biyz,goDi,lmAdAwi,drgitocnA,huAlAqar,HamalakAkato,tanasA,mabt,Tsato,mitAyu,HasmAru,mAsqara,gnzAbE,cause
mangHs,bAlamuyA,sfA,salaTana,cgru,sfA,tanasA,kAti,HasrA,hospitAl,bAlamuyA,HascagAri,hunEtA,stand
progrAmu,Tndocu,mAhbarasabAwinA,HikonomiyAwi,hunEtA,yAlamamacAca,tanasA,gAbcA,mafaxa,yAqAtA,madagaf,gAbcA,hEdu,cause
gabi,migabA,masabsabunA,hbratasabu,gbr,TaqamEtAHawqo,tanasA,gdEtA,waqtu,mawaTA,gbr,makfalu,gabi,stand
mAragAgaT,lmA,mAfATa,minora,gul,fAydA,tanasA,hAgarA,tafarAraqu,HsrHato,wTEtAmA,bAyhonlA,polisi,cause
TqA,wddru,HanAkAhid,mAla,wddru,mAglalu,tanasA,HafrikA,HqEgr,kuAs,konfEdErE,budnu,zandrownA,stand
hab,HsrA,zuriyA,Harso,Hadaru,yAsA,tanasA,rbrb,tasfA,saCi,mahonunnA,Trat,mAsqaTal,stand
sahArA,bAlu,HagarA,gaNu,HqEnAto,walid,tanasA,hlfa,tawasada,nAmunA,TnA,Hamst,Hama,stand
yAqaraba,HqECu,tawadAdAri,tagadala,maTaT,bEt,tanasA,grgr,sAbiyA,mahonu,.hgAwi,mangad,takAhEda,stand
Hama,HoromiyAnA,bEnSAngul,gumz,HagorAbA,waradA,tanasA,gC,tasAtafu,glasabo,zar,mATfA,wanDal,cause
HakAbAbi,yAlu,maTana,cgro,gnzAbE,mAnas,tanasA,tabla,tafaTaru,HqEndAlhonuba,tAzAbi,budnu,HabAlA,stand
HakAbAbi,whA,HqETra,makasatu,cgr,gaTama,tanasA,proDaktu,yTanAqaqAl,tablo,tAqada,mazagyatu,qari,stand
saTto,faTA,wTnA,HikonomiyAwi,`dga,qorTo,tanasA,hagarA,hzb,lmA,HqEnqsqAsE,frEyAmA,mAdrag,stand
lDu,tAqafa,nqa,HqErmDA,takafata,nqatu,tanasA,naDi,mamalka,hzb,hab,hab,HagbasbAsocu,stand
yAgaNanA,HandAnd,r`sAna,mamhrAnu,HsrA,HadmA,tanasA,tmhrt,maquAraTu,hunEtA,mAstakAkalnA,maCi,saNo,stand
mAskEd,yAsclu,tubo,lAyfaTarulA,masmar,mknyAto,tanasA,gudA,darasa,zar,fasA,tkkla,fTnatnA,cause
cgro,cgro,qodA,TrA,TrA,maguAdal,tanasA,TrE,qodA,mAsga,tamokara,qodAnA,lETo,stand
mamalas,HandAnd,naCo,tasAsAtA,HafriqA,HqEwuqa,tanasA,Tayaqu,TyAqE,rlinu,wakilA,ylmA,hAylamikAHEl,stand
dmx,liyAga,tanasA,qaTAnA,kASanafa,pArti,tanasA,manbar,qaTAnA,hulataNAnatu,botA,mayAz,HazmAmAmiyA,stand
yAwaTA,zagabA,HityoPyA,mangs,hbratu,yAwazAgb,tanasA,zandro,mrCA,matAzab,hagaritu,gaNa,hbratu,cause
mahEdu,mAhbaru,liqamanbar,HikAl,HangElE,proDak,tanasA,kEnyA,hywat,HadagA,gabA,galaxa,mAhbaru,stand
HaskabAri,hAyl,Smq,tawAgi,misanazar,TqA,tanasA,tal`ko,mAkanAwanu,tagbAru,HqEkl,HqEkl,gaTama,stand
HanxAr,HalyA,budn,tayAyAza,Sari`A,hg,tanasA,takalakala,saw,hunEtA,tAlAq,qan,mazakar,stand
`Ali,fAkari,milu,qodA,qala,lyuna,tanasA,klkalA,daragAbA,nEpAlnA,Hityo.dyA,maTu,bEt,stand
skE,yhunnA,mAma,frAnkfar,sEta,HadArina,tanasA,tagodA,nAyDEriyAwi,cm,mAla,hga,waT,stand
saTa,`dl,tasaTa,daraDA,tmhrtA,cgro,tanasA,mifalgu,Tru,daraDA,mAdras,lAlcAlu,sEt,stand
polatikAwnA,HakAdAmi,zarf,gaTamA,brtu,gfi,tanasA,marAhita,mangs,HangElA,mErkl,wadADna,manfas,stand
qAlA,HalamaTabaqA,hbratu,prEzida,ZAn,ping,tanasA,hbratu,britAnyA,libiyA,makr,naga,TarA,cause
mag,diplomAsiyA,Trat,bilu,bAgbo,HqEmbitaNna,tanasA,HqEsA,hagaritu,maragAgA,sAyclu,maCaraSA,HalAsAnE,stand
quAnquA,ysaTu,doktar,gEtE,galA,mknyAto,tanasA,lElocu,tamo,Hityo.dyA,TnA,HsrA,tadAkama,cause
lmA,cgrnA,baqi,yAlhona,tmhrt,Haqrbo,tanasA,Hagaro,Halam,Haqafu,mr,taTaqAmi,lihonu,stand
mgb,magtA,bEtasaboC,cgr,maTA,san,tanasA,HandAnd,hagaritu,nawAri,qan,HandE,mamagab,stand
sdataNo,HawropA,gabu,mangad,Tababa,hEduAl,tanasA,kAlafu,`AmatA,wadi,HawropA,darsa,sdata,cause
maTalayA,TAbiyA,waqtu,miyAstanAgda,sdataNo,bzA,tanasA,`Ala,maTalayA,TAbiyA,sost,mato,samAnyA,stand
mangs,HakrAri,HqEslmnA,wAhAbiz,r`yo,taTayAqi,tanasA,maskara,TqA,TAlu,sAwdi,tawalADo,maho,stand
HandAnd,mabt,tamuAgAco,taqAwmo,kAsamu,hgu,tanasA,tAnzAnyA,yugAndA,kEnyA,zArE,dras,xara,stand
HonA,gAbo,mifaxama,sab`Awi,mabt,ragaTA,tanasA,hagar,`Abiy,spor,wddr,mAstanAgad,bAltaga,stand
soryA,sawu,qaTala,gdyA,liyAsqoma,yAsAfr,tanasA,turk,dnbar,gaNu,soryAwyAnu,sdataNo,HqEDA,cause
HqEmna,takatAyo,bAlafu,HsAmntA,tamAytu,qaw,tanasA,Habuna,pitar,HEbEdEro,maru,Hsr`Ata,xalo,stand
m`rAb,HafriqAwyAnu,HacAwocA,tbbrA,ganzab,kokEy,tanasA,qalAlu,mAygama,kokEy,maTa,m`rAb,HafriqA,cause
skEtAmA,TankArA,yhunnA,tasfA,linora,mknyAto,tanasA,bago,HastasAsab,HaCr,yAgaNa,soriyAwi,salAm,stand
bEto,hunEtA,bATaqAlAy,nuro,hunEtA,tabalASa,tanasA,HEnrikE,rozA,Tor,hAylu,dgomA,tasaTa,stand
mangHs,prEzidantu,HslTA,mAwrad,hAlAfinatu,marakab,tanasA,HqEHaHa,magAbi,`Am,Damro,qaTAyocu,rmDA,cause
tmhrt,digri,tamaraqa,waTAtu,HakAl,gudAtaNnatE,tanasA,HqEskA,srA,mAgNa,HalcAlku,sil,mrEtu,cause
HqEHsrAHEl,`Ala,salAm,HsgA,maTAl,gTmA,tanasA,HqEHsrAHEl,hagar,minstEr,grAs,wadahagar,HqEndAygabu,cause
HanxAr,mTAnE,hab,mhur,HafriqAwinatAcawnA,sEtnatA,tanasA,`Ala,lmAtnA,bdr,saCi,drD,`Ala,stand
turk,yAkl,hagar,taqablo,maquAquA,cl,tanasA,maDamariyA,Sangal,ngd,tssr,HqEndAlA,norwEy,stand
