Lcontext7,Lcontext6,Lcontex5,Lcontext4,Lcontext3,Lcontext2,Lcontext1,target word,Rcontext1,Rcontext2,Rcontext3,Rcontext4,Rcontext5,Rcontext6,Rcontext7,class
HalAmA,musnA,nagar,taqabAyu,minA,zAnu,yAhl,tanasA,`AlAmA,liqAra,HqEskamicl,mAla,Tru,musa,mAstAwaqiyA,stand
gmgamA,tanasu,HihHadEg,hAlAfi,tamalakata,krkr,hAlAfi,tanasA,gl,gAzETo,qadma,mazagabA,tkkl,Haydala,yATagb,stand
tta,falAC,qorACna,tazabAnanu,slTAnA,linaTquA,tanasubA,tanasA,Halam,mangs,maTto,miyAsTlA,mil,Hayna,fukarA,stand
HagbAbu,mayAz,cAl,tkl,dngAyo,zuriyA,noru,tanasA,tanasta,HakAbAbi,safru,mimalakatA,HakAl,TyAqE,maqrabu,stand
prEzidA,maho,saru,l`ul,sagad,tafari,hAlAfinatA,tanasA,mnCo,hAlAfinatA,tanasu,bAnku,prEzidA,TuratA,qarA,stand
botA,HasaTAT,tayAyAza,ntibAwocnA,srA,hAlAfi,slTA,tanasA,matAsarAcawnA,makasasA,tAwas,tamasAsAy,zEnA,dabub,kll,stand
Habra,saru,mangs,TalA,maho,mAgAlaT,tATqa,tanasA,kulA,lk,HqEndAnta,saw,liyATafA,tasalafa,yhE,stand
filmu,kAstro,bq,Halu,skrinu,tamalkA,CbCabA,tanasA,kAstro,tadanqa,sAyAbaqu,mAyAwqu,tkaSA,kAstro,dangaT,cause
fari,mangada,zm,gAzETaNo,yzA,Hadis,HababA,tanasA,naCuA,minibAs,fituA,Hawtobus,hEda,gadal,mangad,stand
zho,Hakal,zho,gzuf,HakAl,HqElakAla,blA,tanasA,gundA,HqEndAnho,maTanqaq,tagabi,Hsr,naqalnA,Hsr,stand
HqErAs,Cok,blA,tanAgara,taqoTA,tagAdama,zalA,tanasA,qaT,blA,qoma,kflu,df,CalamA,CalamA,stand
masqalu,masaqaluA,HaltagaNa,Hsosta,qan,t`gs,mot,tanasA,tablo,HakAbAbi,hzb,tAya,mnCo,ynAgarAlu,yat,stand
takomAtro,sgasA,huAway,faTAri,damo,yAci,gAstrikE,tanasA,ylAlu,dmxA,qlAxE,gurA,nafu,Halfo,Halfo,stand
HqEsrAHElA,Hamata,mhra,tabatanu,zArE,HqEsrAHEl,mot,tanasA,dras,Halam,HqEytA,HagarA,motA,HalqolA,HqEngdi,stand
silu,danagaT,HazAwntuA,balu,warAD,silu,maqamaCA,tanasA,Hakbro,SaNanA,wadiyA,HandA,yAhl,DarikA,yAzu,cause
mAwTAtnA,Hikonomi,mAsAdag,`Ala,mato,drSA,mAbarka,tanasA,takasata,Hasfari,HsrA,HaTna,maqraf,biliyo,yuro,stand
mAsAdad,Damara,xara,saw,HadagA,saw,zar,tanasA,sfA,tasfAfA,maTA,zaman,zaman,saTawnA,qadma,stand
tAlAq,britAnyA,wAgAlA,qasaqasa,Hayqar,hayla,mAHqEbal,tanasA,spA,tAlAlAq,markabo,HangalAtA,markabaNocu,quTTr,honu,cause
madu,Hayna,mAHqEbal,lb,tanqasAqasu,wr,wr,tanasA,HamErikA,nxxr,sttAy,dakAmA,HityoPyA,raDmu,huAy,stand
HaqTACA,Halamakatalu,pArti,lAynatnA,pArti,HambAgananna,HqEkatalAla,tanasA,dEmokrAsi,TAras,HaydiyoloDi,yzo,qaTala,cgru,yKE,stand
ndr,dnq,polatikA,tantANna,qrbu,mangs,magalbaT,tanasA,mil,bAstalAlafa,TnA,tab,gax,xhuf,bAqaraba,stand
HadrsA,HaynE,tasawara,Calamab,TawA,HasrA,mamulAtu,tanasA,dAga,stwaTA,bAga,TabakuA,msrAq,bq,Hala,cause
HqEdafrAla,HqEnazihnA,TyAqE,CnqlAtE,HaqACalub,sa`AtE,HayahunA,tanasA,dAgos,yAla,tip,saTcA,tasanAbatku,dAgos,yAla,stand
HElzAbET,kocrE,tabAla,gAzETa,mAdrag,cAl,mAla,tanasA,lboladu,gaxabAhry,faDa,qan,Hamst,qan,mASASAl,stand
HalacA,wagagtA,dAbsA,bEtamaqdas,sawnatuA,yzA,wadaqa,tanasA,CaraqA,xahay,HadnAqi,yAlhonku,yKa,xahay,naTAqi,cause
dgAf,zArE,dras,sAyzAnaf,qaTala,bAhrEy,taqAwmo,tanasA,zEguacuA,tAnknA,matrayas,damssA,xaT,HqEndtAdarglA,sAHudi,cause
linaxAxar,mAycl,`l,yAla,dhna,HabuArA,HarAgfa,tanasA,HqEni,biliyEnaro,balA,HqEskamATA,yAdarsa,`Ayna,dhna,cause
mangada,zm,minibAsuA,gAzETaNo,yzA,Hadis,HababA,tanasA,naCuA,minibAs,fituA,Hawtobus,hEda,gadal,mangad,stand
HalA,HqEgziHab.hEr,`Am,lEli,maTto,yTaru,maTta,tanasA,hid,nagar,mnagr,qAl,tAdargAla,Hala,`Am,cause
nagar,mnagr,qAl,tAdargAla,Hala,`Am,nagA,tanasA,HahyAytu,Cno,mo`Ab,Halaqo,hEda,hEda,HqEgziHab.hEr,stand
rstu,mdr,HqEsrAHEl,HqEndAdaraga,HaTafuHa,sfrA,taqamaTu,tanasA,zarEd,fafA,taSAgaru,Hala,zarEd,fafA,taSAgar,cause
honu,TalAtocA,ySaSAlu,nagar,makAkalA,kAlATafA,Halho,tanasA,.hzbu,qads,hm,HqEsrAHEl,nagar,Hala,nagar,cause
Cok,smA,guabaz,gbi,HqEdarnA,naga,TuAt,tanasA,flmiyA,yqaTlAl,HqErA,balu,xaD,TaTu,wAlu,stand
maglax,HaTbqa,naqfawAl,gAdAfi,maTAl,nafT,Hangba,tanasA,tATAqi,kulA,Sggru,mangs,HqEmna,maTqas,tTq,stand
sdst,quTr,fantA,mAncE,stbAl,HalaqA,fargusa,tanasA,fotogrAf,mAsdagaf,HqEDE,yAgaNa,mil,maglaCA,sarAC,stand
rEdiyo,maganA,yAz,HalgA,gAda,ln,mAstAwaSA,tanasA,tanasA,kflu,gdgdA,xa.hay,stgabA,yAsAynA,zanbAbA,stand
daraDA,mASqolqol,Damara,darg,waqt,mamaraqiyA,gAwA,tanasA,fotogrAf,sAlo,mAgECA,mahonu,qara,Hi.hHadEg,zaman,stand
nagar,yAlq,smE,fanqluA,naqis,maqamaCA,zala,tanasA,gAla,CbCabA,CobE,ragaTu,HadArASu,HqEngdi,HqEgzEr,stand
marE,naTaqu,dhA,Tqur,gabarE,HakafAflAla,bla,tanasA,marE,Tqur,dhA,gabarE,Haldarasa,mugAbE,bEtasabocnA,cause
nkarAtatu,mAla,HayAskEd,dhna,HagarA,mATfA,qurTaNna,tanasA,mangHstA,sEto,wandocnA,waTAto,tawAldo,TEnA,mabtA,stand
sa`A,mot,tanasu,tablo,tawarA,ynAgarAlu,mot,tanasA,samAy,talAku,mal`k,mAdras,gal,t`gs,krstnA,stand
Hagalglo,`Ayna,HasgarAmi,mibAl,daraDA,mogta,tElE,tanasA,mAlatA,Halqara,qdma,kfyA,kArd,mamulA,macagar,stand
Hadisu,milini,mAswagad,hbratnA,Handna,srA,tATqo,tanasA,nurowu,mASASAlnA,hywatu,malawaT,micl,tanAgrawAl,miliniyEmu,cause
lEla,mahonu,nagar,tctocAcawnA,sm,mATfA,zamacA,tanasA,gudAyo,tawasna,qaru,bAlamahonA,yAzu,zamacA,ybalT,stand
Hsna,mgbAr,cgr,mAswagad,taHsarA,trAnspor,zarf,tanasA,TyAqE,mkr,bEtu,tasaTa,mlA,katamA,trAnspor,stand
zaman,xAfu,HastayAya,bAlabE,gabru,tAraqa,rmuAl,tanasA,gudAyo,max.hafu,qadAmi,huAl,taqayara,max.hafu,mAta,stand
bEt,gudAyA,quAC,mawsadu,taquArAC,Tafto,TyAqE,tanasA,proDaktu,hAlAfi,mlA,HalA,gnbAtA,ganzab,mtAbadra,stand
HawstrAlyA,HabroDyAno,HawstrAlyA,naCo,makarA,yAyubA,tAriko,tanasA,hagarAtu,maHswA`tna,falu,makara,.hzbo,Halu,hagaritu,stand
lifata,gabA,lAqa,HsrA,manAgar,cAl,ymaslaNAl,tanasA,hasAbo,mAsradA,brhAnu,TnA,tagaNu,r`yota,`Ala,stand
gla,tArik,max.haf,HamuAmuAtA,HanagAgAri,mahonu,smA,tanasA,sawu,tArik,Hsos,`Ama,tAtama,falAsfo,gubAHE,stand
nagar,macAl,HaqAtA,HqEwna,lnSaSaws,HqEnclAla,TyAqE,tanasA,HqEwna,HqEwna,maSa,HaycAl,tnAntu,tArikA,gow,stand
HsarA,tafaTara,Had,`Al,tamalakata,guAdaNocE,CawAtA,tanasA,wadADA,zandro,Had,bAydo,Hala,grA,magA,stand
bla,`Ala,hzb,hywat,markab,maslanawAl,markab,tanasA,sunAmi,yAlu,hAsAb,mA`balo,matu,HangalAtawAtAl,dngATE,stand
taTaqA,masaratAwi,cgro,sAlho,fil,tamalkAco,sark,tanasA,TAlu,gudAyo,tamalkA,fil,sari,wAnA,x.hfa,stand
HababA,mAdrag,nqasAqas,HikonomiyAwinA,polatikAwi,`AlAmA,yzo,tanasA,HigAd,yKE,sltu,gCto,mAsqara,lmA,mAsfAfA,stand
bEt,maksas,micAl,galxawAl,wlo,Habal,mimalaka,tanasA,TyAqE,nagar,mAlaqu,dAr,dnbaru,taTanto,HakafAfal,stand
HaTagab,makinA,Hagalglo,mAqomiyA,Haydala,pArking,krkr,tanasA,HsrA,mafTar,makarAkariyA,yqarbAl,wAnA,nagar,HasfaxAminA,stand
mazargA,gnNuna,HagbAbocu,tamarACnA,sAbi,mAdrag,yzo,tanasA,`AlAmA,taqadA,HastasAsab,mAsrax,hAlAfina,taTlobatAl,bAlamuyA,stand
tawasada,.hgAwi,HqErmDA,glasabocu,yAzu,taqanAqA,polatikA,tanasA,tanasA,tawasada,mAsmasal,hasata,propogAndA,manzA,ygaNAlu,stand
bakfu,lbonA,lku,cgru,HslTanA,yfalgAl,mAla,tanasA,naTb,`Aynatu,cgr,mafaTar,bawAnaNna,Taqasa,xara,stand
manakosA,taqasaqasa,taqAwmo,yATATAla,HaDandA,bAlA,sawu,tanasA,TyAqE,bamAla,tanasA,taqAwmo,takatlo,korporESnu,wAnA,stand
batnAntnA,zEnA,HqEwaDA,mS,studiyo,tagaNta,bagadAmu,tanasA,TyAqE,mlA,saTu,wAnA,dAyrEktaru,`AbAy,bagadAmunA,stand
manakosA,taqasaqasa,taqAwmo,yATATAla,HaDandA,bAlA,sawu,tanasA,TyAqE,bamAla,taqAwmo,takatlo,korporESnu,wAnA,dAyrEktar,stand
minaTaq,nbratu,ganabA,waCi,miwasd,ministru,mlA,tanasA,naTb,bAlnA,mis,bEt,biHsarunA,bAl,mistu,stand
takAhEdu,Hamax,HqEnqsqAsE,lyuna,qANa,.hwa.hA,yzo,tanasA,bab.hEr,tamaHsarata,gaTar,tTq,tgl,Hamax,HamAxi,stand
grA,qada,.hga,mangHsttu,Hi.hHadEg,manaSA,yzo,tanasA,polatikA,mar,maHsara,Hadrgua,maraqaqu,bahulatu,Hi.hHadEg,stand
lyuna,tafaTara,Tornatu,batayAyAza,mahonunu,baHi.hHadEg,HamarAr,tanasA,HamarAru,gorA,fala,lyuna,Tornatu,`AlAmA,mawasa,stand
brhAnu,nagA,mrCA,Hsosta,HamArAC,HaydiyoloDi,yzo,tanasA,HidEpA,liqamanbar,ldatu,HayAlE,mawanDal,mrCA,wzgbu,stand
HaquA,yAsAdarabA,sgA,galx,baHqErgT,baHandAndocu,badgAmi,tanasA,HastayAya,HityoPyA,musnA,xadA,nac,mAla,ft.hawi,stand
HaquA,yAsAdarabA,sgA,galx,baHqErgT,baHandAndocu,badgAmi,tanasA,HastayAya,musnA,xadA,nac,mAla,ft.hawi,silu,stand
mamAryA,maxA.hf,b.hErasabocnA,.hzbo,quAnquA,babAlamuyA,taragomu,tanasA,tmhrt,ministEr,tmhrt,ministEr,yAwaTA,b.hErAwi,tmhrtnA,stand
maqalbas,yAskatala,cgr,HityoPyA,baHaxE,hAyla,HslAsE,tanasA,kAti,Habyo,badarg,bamaTalafu,krkr,HakAl,mahonu,cause
maTto,faTra,nagar,HawalyA,HakAbAbi,yAla,wzgb,tanasA,Hada,HawalyA,Hsr`Ata,tmhrtu,litAy,HagarA,tasmAmi,stand
maTabaq,hAymAno,gudAy,TAlqA,ligabA,baHqErgT,hAymAno,tanasA,.hasAb,lyuna,mangHstnnA,.hzb,salAm,dahnna,HadagA,stand
nagarawnnA,HsarA,nagar,ragAgaTa,mahEd,ySAlAl,zm,tanasA,warE,mAgobdad,Habro,maguAz,.hzba,muslimu,grgr,stand
HqEsE,tAksnA,tar,Hovar,tAks,zArE,Damro,tanasA,ganzabnA,Hikonomi,lmA,ministEr,ministEru,mAmSA,HityoPyA,stand
sAmnt,HamErikA,yAtl,katamA,manoriyA,HapArtmantA,HqEndAlu,tanasA,HqEsA,hywatA,lAlafa,Hamst,HityoPyA,los,HanDalas,stand
tAdAginA,Handi,waTA,HityoPyA,hywat,qaTafa,HqEsA,tanasA,HqEskA,bAytAwaq,HqEsAtu,mATfA,qadmo,darso,tamA,cause
makAnaHiyasusbEtakrstyA,haymAno,HabAto,haymAno,taquAmA,yqrtA,maTayaq,tanasA,mAramiyA,bEt,gaNutyadarg,bAlaslTAnA,yqrtA,daraglA,Tayaqu,stand
lmA,ministEr,mAbrAriyA,Datu,TnqAqE,tazagADa,mahonunA,tanasA,tadaraga,dldl,fthAwi,mahonu,Hikonomi,masarat,hono,stand
tanAgaru,hAgaritu,bAhar,yAsfalgAtAl,law,taqAwAmi,pArti,tanasA,hAsAb,mAsAkA,HqEnsarAla,yAlu,bAlafu,`AmatA,HityoPyA,stand
tagbArA,magamga,qaTAy,HqEnqsqAsE,lmd,mawsd,pArti,tanasA,hAsAb,tawayAyto,hgu,masaratAwi,Hamdo,mamasra,kAhEd,stand
tanAgaru,hAgaritu,bAhar,yAsfalgAtAl,law,taqAwAmi,pArti,tanasA,hAsAb,mAsAkA,HqEnsarAla,yAlu,bAlafu,`AmatA,HityoPyA,stand
waqt,marACu,.hzb,marACna,kArd,mawsad,yAsA,tanasA,talaya,mzagabA,waqt,hbratasabunA,polatikA,pArti,`Cu,stand
miliya,br,nbra,fAbrikA,Cs,mATAriyA,kfl,tanasA,HqEsA,zArE,TawAtu,sost,Damro,qanu,sdst,cause
mangadu,sahArA,syAmE,yAtl,mulu,mangadaNo,HasAfro,tanasA,HawroplAnu,zArE,TawA,Hadis,HababA,bolE,`Ala,stand
waT,tagbAr,faxmu,HalunA,yTanqaqu,Hadaru,HakAbAbi,tanasA,drq,gudA,sAyAskatl,quTTr,sr,wAla,honlataraDi,stand
Hortodoks,tawAhdo,bEtakrstiyA,gadAmnA,zquAlA,tarArA,HakAbAbi,tanasA,sadad,HqEsA,mATfA,bEtakrstiyAnitu,Trat,mAdraguA,zArE,stand
miliya,qoTaru,HabAlA,yAluA,Hasr,vil,mAhbarA,tanasA,Tmra,faTra,mrCA,matAzab,tanqasAqasu,ygaNAlu,HityoPyA,stand
TnqAqEnA,quTTr,tagabaru,HamarArunA,HabAlAtu,HagarAwi,smEtnA,tanasA,fta,minA,tayAyAza,zEnA,dArfur,tasamArA,zur,stand
sAmnt,HamErikA,yAtl,katamA,manoriyA,HapArtmantA,HqEndAlu,tanasA,HqEsA,hywatA,lAlafa,Hamst,HityoPyA,los,HanDalas,stand
tAdAginA,Handi,waTA,HityoPyA,hywat,qaTafa,HqEsA,tanasA,HqEskA,bAytAwaq,HqEsAtu,mATfA,qadmo,darso,tamA,cause
wddr,yAqaraba,HqECu,tawadAdAri,tagadala,maTaT,bEt,tanasA,grgr,sAbiyA,mahonu,.hgAwi,mangad,takAhEda,mATArA,stand
waqt,marACu,.hzb,marACna,kArd,mawsad,yAsA,tanasA,talaya,mzagabA,waqt,hbratasabunA,polatikA,pArti,`Cu,stand
tagbArA,magamga,qaTAy,HqEnqsqAsE,lmd,mawsd,pArti,tanasA,hAsAb,tawayAyto,hgu,masaratAwi,Hamdo,mamasra,kAhEd,stand
hxAnA,mot,maqanas,saTa,dgAf,maCamar,minor,tanasA,mawsad,gudAyu,wyytnA,wsAnE,yAqaraba,zandro,budn,cause
srA,bAhlnA,sna,mgbAr,daraDA,mAsAdag,zarf,tanasA,zagADu,yAlu,Hawda,r`yo,zarfu,Haq,maraDA,stand
HaqTACA,samA,HastayAya,HabzA,misTirAwi,maraDA,mawTA,tanasA,taqAwmonnA,quTA,galxu,HqEsrA`Elu,TaqlAy,ministr,saTu,stand
hnxA,gAdAfi,quTA,targafagafu,HaranguAdE,hgamangstA,TAqasu,tanasA,frdu,mot,silu,tlA,tElEviZ,masko,bq,cause
yAltawaTA,prEzida,turE,mangHs,samEnAwi,hagaritu,fil,tanasA,tuwArEg,`Amax,mAbqA,bAlamacAlu,mahonu,dEmokrAsinnA,mangHs,stand
bataTanAkara,hunEtA,tagabara,migaNa,lmAtAwi,mangHs,flsfnA,tanasA,HascagAri,mahonu,balAy,mangHs,faqAdaNna,lEla,bAlamuyA,stand
daraga,Hikonomi,stqoTATar,sawu,manor,kAlA,gugu,tanasA,Tga,HastasAsabA,bamAla,gabru,HasrA,pArtiyA,lmAtnA,stand
bEt,tawasadu,bataCamAri,HsrA,fdA,bEt,mrE,tanasA,miyATafu,riporto,HityoPyA,Camro,Hagaro,zEgocA,libAnos,stand
batawasana,daraDA,qArannA,trgumo,mac,kfta,slAla,tanasA,baHafaxAxa,zEgo,gudA,.hgu,tagbArAwi,bahuAlAnA,.hg,stand
.hg,`AlAmA,daraq,wanDal,madANa,SbrtaNna,polatikA,tanasA,yAla,wanDal,SbrtaNna,btwasda,manaSA,polatikA,mAdrag,stand
nagar,mfalga,nagar,baHamax,HadargawAla,kAla,polatikA,tanasA,yAla,wanDal,nagaro,mAyTATAmu,makarA,polatikA,tanasASna,stand
HqEskamo,yAdars,maqCA,Hala,liqaTA,nagar,polatikA,tanasA,yAlA,glasabo,honu,drDto,TfA,faxAmina,HqEndAySagAgaru,stand
sabHawi,drD,miqaTlu,`AmatA,baqi,mgb,bAlamAgNa,tanasA,`Ala,Haqaf,daraDA,miliyo,.hxAnA,HakAlAwi,HqEdga,stand
`qd,fta,gb`AtnA,Haq,maho,cl,HafaxAxa,tanasA,HElEktrik,hAyl,taTaqAmi,gaTar,qabalE,mAdras,cAl,stand
fta,HaqmnA,mamAr,flAgo,noruA,HqEdlu,TabAbna,tanasA,hlmA,mangad,qara,HandAnd,bAlnDarocE,lbE,bAznmzArE,stand
nAgaru,mAstAwaSA,wasada,saw,mAstAwaSA,HawasAsadu,manfas,tanasA,saw,gudAyu,HanSawArro,matargo,cl,fata,yAhl,stand
HityoPyA,mangs,mAnA,Hinvastmanto,TankArA,tadarAdAri,mahonu,tanasA,HagarnnA,hzb,gudA,dArg,smmna,Hayfax,Hahunu,stand
HityoPyA,maganzab,blu,stAr,mil,lyu,maTariyA,tanasA,gl,TEnA,taquAmA,raDa,gizEnA,zalAqi,xns,stand
nguHs,kAmbisas,lDu,gAbcA,masTa,HqEmbi,mAlatu,tanasA,Torna,takafto,tazagaba,tArik,Hala,yAsA,HafriqA,stand
takanAwanabA,qaTAnA,somAliyAnA,HErtrA,gaNu,HafrikA,qand,tanasA,HafrikA,qand,lmAtnA,`dga,mAnaqo,honu,cgro,stand
waqt,TankArA,taqAwAmi,hAylo,mAdAkamunA,tazarazaru,mknyAto,tanasA,HisAyAs,mangHs,Tankro,limuAga,cl,taqAwAmi,hAyl,stand
wanDal,taTarTra,polis,quTTr,sr,wAlu,HqEsraNo,tanasA,xab,hywat,mAlafu,mnCo,Hamalakatu,.hararE,kll,stand
Hahunu,maganA,mangad,bAlbalaxaga,zaman,`mnatA,xnA,tanasA,snqA,HqEgrA,warAtnnA,`AmatA,HadkAmi,guzo,Hadrga,stand
mskrna,saTa,tAwquAl,tanasA,dbdb,tanasto,gadAy,tanasA,fta,gudA,yAdarasa,wadiyA,hkmnA,hospitAl,biwasad,stand
klkl,ylAl,HagAfAri,SAw,wazAdar,Haydalu,bluAl,tanasA,HsrA,qaqa,Habra,ysaru,HsrA,bAldarabocu,HabzANocu,stand
TbaqA,nagara,TbaqA,mamariyA,taqabla,Tabaqu,wfratA,tanasA,gbi,makinA,magbiyA,limolu,qarA,TbaqA,HasAcA,stand
honuAl,mangs,sanazaru,HandAnd,tcto,mararu,mahonA,tanasA,yAsdanagTAlu,Sbr,TqA,musnA,HadagA,ybsbnAl,tctnA,stand
tamasAsAy,drgi,faxmo,yAwqAl,xaba,HawAki,bAhry,tanasA,HabEtutA,qarbo,yAwqAl,mAramiyA,bEtu,talaya,manqasAqas,stand
dars,Tg,tafaTro,maTa,yAlafa,maTlA,TlAcA,tanasA,tafaTro,hg,marA,hono,tafaTro,mAwda,mamokar,stand
dArg,HamatA,zalq,Torna,ydArgAl,mil,gmtA,tanasA,cAynAnA,rusiyA,HalamHaqaf,salAm,waku,roytars,mil,stand
bAlamuyA,masrA,HqEdl,bAlaslTAnAtnA,fil,kubAnyA,nqatA,tanasA,Tqur,hzb,yAwqu,nagar,lam,sil,Tqur,stand
prEzidA,sAdA,husE,zaman,HirAq,HsrA,HqETo,tanasA,.hkmnA,doktrE,daraDA,tamaraqu,sawu,HqEndAltamAra,saw,stand
HasfalAgi,mahonu,tAmnobatAl,hbratasabu,gnzAbE,mATA,mknyAto,tanasA,TEnA,taquAmA,yAlamaTaqa,hunEtA,HakuwAyA,TEnA,taquA,stand
HabAy,rahA,gadal,gabA,skAy,HadagA,Hawtobsu,tanasA,HqEsA,tafaqadala,fTna,maSkarkaru,mahonu,HoromiyA,polis,stand
maho,kAlA,fqr,miho,mATA,mifaTarbA,frhA,tanasA,ySAlAl,mAla,yhE,HadagA,miho,lb,HslTA,cause
b`r,HaTATAl,HaTATAl,yAltamaca,HihHadEg,bazA,mAdnaqA,tanasA,hAq,mafAtA,dAr,dAr,mAlatA,HqEra,hga,stand
cgr,HqEndAlabAcawnA,HandAnd,waCi,kisA,mAwTA,migadadu,tanasA,HsrA,malqaq,faqAd,HawTta,gl,TbqnA,HsrA,stand
taxAfa,xhuf,wAnA,maSkarkariyA,r`sa,gudAyA,Hadrga,tanasA,tagalabAbAC,darAsi,daha,Tqitocu,darAsiyA,staqar,HabzANocu,stand
m`manA,Hahunu,maganA,mangad,bAlbalaxaga,`mnatA,xnA,tanasA,snqA,HqEgrA,warAtnnA,`AmatA,HadkAmi,guzo,Hadrga,stand
tanasA,HsrA,Habra,ysaru,HsrA,bAldarabocu,HabzANocu,tanasA,tagadalu,gAzETa,sbhA,gabraHqEgziHab.hEr,lyu,b`r,zar,cause
sil,TbaqA,TbaqA,mamariyA,taqabla,Tabaqu,wfratA,tanasA,gbi,makinA,magbiyA,limolu,qarA,HasAcA,sa`A,stand
lTu,Hadis,tamAri,mamAr,HqEdl,mAgNatA,kfl,tanasA,HakAbAbi,waTAto,mamAr,HqEdl,sAyAgaNu,maqoyatA,drDtu,cause
HawAsA,maguAz,mamAr,ygadadu,tamAri,Haq,mAnas,tanasA,tmhrt,yAquArTu,galTa,mangs,bAdaraga,Trat,waradA,stand
tmhrtA,HqEndAyAquArTu,mAgaz,Hamalkata,tamaTATana,mgb,HqETra,tanasA,hxAnAtu,gaTmA,baStA,makalAkal,mahonu,progrAmu,yAsfalga,stand
bAlamanoru,qada,sil,HandAnda,tamAri,Haq,mAnas,tanasA,tmhrtA,yAquArTu,.hbratasab,gnbAtA,gul,dgAf,mAdrag,stand
ganzab,dgAf,yAdarg,maqoyatu,Hamalkata,Haq,mAnas,tanasA,tmharatA,liyAquArTu,Harbto,Hadar,lDo,taqablo,fta,stand
ganzab,dgAf,yAdarg,maqoyatu,Hamalkata,Haq,mAnas,tanasA,tmharatA,liyAquArTu,Harbto,Hadar,lDo,taqablo,fta,stand
dinsA,dugumA,HityoPyA,zEnA,Hagalglo,galaxu,cgro,tanasA,madaba,tmhrt,mAgNa,yAlcAlu,sawu,bAlafu,warA,stand
DDgA,daraDA,tmhar,bEt,Hahunu,mamAriyA,kflo,tanasA,kfl,tamAri,mimAru,tagalTuAl,mangs,sumAlE,kll,stand
sabHawi,drD,miqaTlu,`AmatA,baqi,mgb,bAlamAgNa,tanasA,`Ala,Haqaf,daraDA,miliyo,.hxAnA,HakAlAwi,HqEdga,stand
madAsas,Hsostu,Hagaro,tEknik,komitE,quAquA,qdmiyA,tanasA,mawsaduA,quAquAma,galalta,komitE,tafAsas,HagarA,gdbu,cause
`qd,fta,gb`AtnA,Haq,maho,cl,HafaxAxa,tanasA,HElEktrik,hAyl,taTaqAmi,gaTar,qabalE,mAdras,cAl,stand
mAsAdad,Damara,xara,saw,HadagA,saw,zar,tanasA,sfA,tasfAfA,maTA,saTawnA,qadma,sAnnaqAnA,sAnzagAD,stand
fta,HaqmnA,mamAr,flAgo,noruA,HqEdlu,TabAbna,tanasA,hlmA,mangad,qara,HandAnd,bAlnDarocE,lbE,lDocA,stand
HityoPyA,mangs,mAnA,Hinvastmanto,TankArA,tadarAdAri,mahonu,tanasA,HagarnnA,hzb,gudA,dArg,smmna,Hahunu,waqt,stand
mazargA,gnNuna,HagbAbocu,tamarACnA,sAbi,mAdrag,yzo,tanasA,`AlAmA,taqadA,HastasAsab,mAsrax,hAlAfina,bAlamuyA,srA,stand
.hgAwi,HqErmDA,glasabocu,yAzu,taqanAqA,polatikA,HaquA,tanasA,tawasada,mAsmasal,hasata,propogAndA,manzA,hagarA,taragAgaTa,stand
fabarak,taHamr,HasaNto,mknyAtu,maDamariyA,kompiyutaro,gzufnatA,tanasA,botA,botA,mAnqasAqas,HadAgA,kompiyutarocu,maTaqa,yAsfaru,stand
dngAgE,biyz,goDi,lmAdAwi,drgitocnA,huAlAqar,HamalakAkato,tanasA,mabt,Tsato,mitAyu,HasmAru,mAsqara,gnzAbE,mAsCabaCA,cause
sAdara,mangHs,bAlamuyA,sfA,salaTana,cgru,sfA,tanasA,kAti,HasrA,hospitAl,bAlamuyA,HascagAri,hunEtA,binoru,stand
TaqamEtA,progrAmu,Tndocu,mAhbarasabAwinA,HikonomiyAwi,hunEtA,yAlamamacAca,tanasA,gAbcA,mafaxa,yAqAtA,madagaf,gAbcA,hEdu,mAdrag,cause
tAks,gabi,migabA,masabsabunA,hbratasabu,gbr,TaqamEtAHawqo,tanasA,gdEtA,waqtu,mawaTA,gbr,makfalu,gabi,HamnA,stand
wAstnA,mAragAgaT,lmA,mAfATa,minora,gul,fAydA,tanasA,hAgarA,tafarAraqu,HsrHato,wTEtAmA,bAyhonlA,polisi,qarxa,cause
tasanazara,TqA,wddru,HanAkAhid,mAla,wddru,mAglalu,tanasA,HafrikA,HqEgr,kuAs,konfEdErE,budnu,zandrownA,miqaTla,stand
matAyatu,hab,HsrA,zuriyA,Harso,Hadaru,yAsA,tanasA,rbrb,tasfA,saCi,mahonunnA,Trat,mAsqaTal,HaCr,stand
Hamatu,sahArA,bAlu,HagarA,gaNu,HqEnAto,walid,tanasA,hlfa,tawasada,nAmunA,TnA,Hamst,Hama,gaNu,stand
wddr,yAqaraba,HqECu,tawadAdAri,tagadala,maTaT,bEt,tanasA,grgr,sAbiyA,mahonu,.hgAwi,mangad,takAhEda,mATArA,stand
ministEr,Hama,HoromiyAnA,bEnSAngul,gumz,HagorAbA,waradA,tanasA,gC,tasAtafu,glasabo,zar,mATfA,wanDal,Camro,cause
HandAnd,HakAbAbi,yAlu,maTana,cgro,gnzAbE,mAnas,tanasA,tabla,tafaTaru,HqEndAlhonuba,tAzAbi,budnu,HabAlA,tagaNubA,stand
yhunnA,HakAbAbi,whA,HqETra,makasatu,cgr,gaTama,tanasA,proDaktu,yTanAqaqAl,tablo,tAqada,mazagyatu,qari,HsrA,stand
tkura,saTto,faTA,wTnA,HikonomiyAwi,`dga,qorTo,tanasA,hagarA,hzb,lmA,HqEnqsqAsE,frEyAmA,mAdrag,yAscl,stand
walal,lDu,tAqafa,nqa,HqErmDA,takafata,nqatu,tanasA,naDi,mamalka,hzb,hab,hab,HagbasbAsocu,qanA,stand
slk,yAgaNanA,HandAnd,r`sAna,mamhrAnu,HsrA,HadmA,tanasA,tmhrt,maquAraTu,hunEtA,mAstakAkalnA,maCi,saNo,mamhrAnu,stand
mangad,mAskEd,yAsclu,tubo,lAyfaTarulA,masmar,mknyAto,tanasA,gudA,darasa,zar,fasA,tkkla,fTnatnA,maTa,cause
mAsAdag,cgro,cgro,qodA,TrA,TrA,maguAdal,tanasA,TrE,qodA,mAsga,tamokara,qodAnA,lETo,TrA,stand
HamaTAT,mamalas,HandAnd,naCo,tasAsAtA,HafriqA,HqEwuqa,tanasA,Tayaqu,TyAqE,rlinu,wakilA,ylmA,hAylamikAHEl,maxahAfu,stand
marAC,dmx,liyAga,tanasA,qaTAnA,kASanafa,pArti,tanasA,manbar,qaTAnA,hulataNAnatu,botA,mayAz,HazmAmAmiyA,kAy,stand
mrCA,yAwaTA,zagabA,HityoPyA,mangs,hbratu,yAwazAgb,tanasA,zandro,mrCA,matAzab,hagaritu,gaNa,hbratu,budn,cause
bEt,mahEdu,mAhbaru,liqamanbar,HikAl,HangElE,proDak,tanasA,kEnyA,hywat,HadagA,gabA,galaxa,mAhbaru,kEnyA,stand
salAm,HaskabAri,hAyl,Smq,tawAgi,misanazar,TqA,tanasA,tal`ko,mAkanAwanu,tagbAru,HqEkl,HqEkl,gaTama,mahonu,stand
mangs,HanxAr,HalyA,budn,tayAyAza,Sari`A,hg,tanasA,takalakala,saw,hunEtA,tAlAq,qan,mazakar,HalamacAlu,stand
bAlamuyA,`Ali,fAkari,milu,qodA,qala,lyuna,tanasA,klkalA,daragAbA,nEpAlnA,Hityo.dyA,maTu,bEt,HsarAtaNo,stand
nAyDEriyAwi,skE,yhunnA,mAma,frAnkfar,sEta,HadArina,tanasA,tagodA,nAyDEriyAwi,cm,mAla,hga,waT,sawu,stand
`dl,saTa,`dl,tasaTa,daraDA,tmhrtA,cgro,tanasA,mifalgu,Tru,daraDA,mAdras,lAlcAlu,sEt,tamAri,stand
wadi,polatikAwnA,HakAdAmi,zarf,gaTamA,brtu,gfi,tanasA,marAhita,mangs,HangElA,mErkl,wadADna,manfas,bAdaragu,stand
biyAstAwqu,qAlA,HalamaTabaqA,hbratu,prEzida,ZAn,ping,tanasA,hbratu,britAnyA,libiyA,makr,naga,TarA,sbsabA,cause
bEtamangs,mag,diplomAsiyA,Trat,bilu,bAgbo,HqEmbitaNna,tanasA,HqEsA,hagaritu,maragAgA,sAyclu,maCaraSA,HalAsAnE,wAtArA,stand
Hityo.dyA,quAnquA,ysaTu,doktar,gEtE,galA,mknyAto,tanasA,lElocu,tamo,Hityo.dyA,TnA,HsrA,tadAkama,bimaTA,cause
masarata,lmA,cgrnA,baqi,yAlhona,tmhrt,Haqrbo,tanasA,Hagaro,Halam,Haqafu,mr,taTaqAmi,lihonu,HalcAlu,stand
hagar,mgb,magtA,bEtasaboC,cgr,maTA,san,tanasA,HandAnd,hagaritu,nawAri,qan,HandE,mamagab,tagadadu,stand
HafriqA,sdataNo,HawropA,gabu,mangad,Tababa,hEduAl,tanasA,kAlafu,`AmatA,wadi,HawropA,darsa,sdata,quTr,cause
sdataNo,maTalayA,TAbiyA,waqtu,miyAstanAgda,sdataNo,bzA,tanasA,`Ala,maTalayA,TAbiyA,sost,mato,samAnyA,saw,stand
sAwdi,mangs,HakrAri,HqEslmnA,wAhAbiz,r`yo,taTayAqi,tanasA,maskara,TqA,TAlu,sAwdi,tawalADo,maho,Tabab,stand
mAhbarasab,HandAnd,mabt,tamuAgAco,taqAwmo,kAsamu,hgu,tanasA,tAnzAnyA,yugAndA,kEnyA,zArE,dras,xara,Sbr,stand
tawasada,HonA,gAbo,mifaxama,sab`Awi,mabt,ragaTA,tanasA,hagar,`Abiy,spor,wddr,mAstanAgad,bAltaga,HqEgr,stand
HqEskA,soryA,sawu,qaTala,gdyA,liyAsqoma,yAsAfr,tanasA,turk,dnbar,gaNu,soryAwyAnu,sdataNo,HqEDA,HaTAmra,cause
krstnA,HqEmna,takatAyo,bAlafu,HsAmntA,tamAytu,qaw,tanasA,Habuna,pitar,HEbEdEro,maru,Hsr`Ata,xalo,saw,stand
tabAbaru,m`rAb,HafriqAwyAnu,HacAwocA,tbbrA,ganzab,kokEy,tanasA,qalAlu,mAygama,kokEy,maTa,m`rAb,HafriqA,hbu`,cause
nAgaru,skEtAmA,TankArA,yhunnA,tasfA,linora,mknyAto,tanasA,bago,HastasAsab,HaCr,yAgaNa,soriyAwi,salAm,yAlu,stand
tmhrt,bEto,hunEtA,bATaqAlAy,nuro,hunEtA,tabalASa,tanasA,HEnrikE,rozA,Tor,hAylu,dgomA,tasaTa,yAla,stand
godala,mangHs,prEzidantu,HslTA,mAwrad,hAlAfinatu,marakab,tanasA,HqEHaHa,magAbi,`Am,Damro,qaTAyocu,rmDA,Hadis,cause
flsfnA,tmhrt,digri,tamaraqa,waTAtu,HakAl,gudAtaNnatE,tanasA,HqEskA,srA,mAgNa,HalcAlku,sil,mrEtu,gudAyu,cause
yAl,HqEHsrAHEl,`Ala,salAm,HsgA,maTAl,gTmA,tanasA,HqEHsrAHEl,hagar,minstEr,grAs,wadahagar,HqEndAygabu,`gadA,cause
tafokAkAriyA,HanxAr,mTAnE,hab,mhur,HafriqAwinatAcawnA,sEtnatA,tanasA,`Ala,lmAtnA,bdr,saCi,drD,`Ala,bAnk,stand
hbra,turk,yAkl,hagar,taqablo,maquAquA,cl,tanasA,maDamariyA,Sangal,ngd,tssr,HqEndAlA,norwEy,Hayna,stand
