Lcontext8,Lcontext7,Lcontext6,Lcontex5,Lcontext4,Lcontext3,Lcontext2,Lcontext1,target word,Rcontext1,Rcontext2,Rcontext3,Rcontext4,Rcontext5,Rcontext6,Rcontext7,Rcontext8,class
tAsabalA,HalAmA,musnA,nagar,taqabAyu,minA,zAnu,yAhl,tanasA,`AlAmA,liqAra,HqEskamicl,mAla,Tru,musa,mAstAwaqiyA,linasAsAnA,stand
qrbu,gmgamA,tanasu,HihHadEg,hAlAfi,tamalakata,krkr,hAlAfi,tanasA,gl,gAzETo,qadma,mazagabA,tkkl,Haydala,yATagb,mAsraDA,stand
hakimnatA,tta,falAC,qorACna,tazabAnanu,slTAnA,linaTquA,tanasubA,tanasA,Halam,mangs,maTto,miyAsTlA,mil,Hayna,fukarA,HqEmboqAqlA,stand
masaTatu,HagbAbu,mayAz,cAl,tkl,dngAyo,zuriyA,noru,tanasA,tanasta,HakAbAbi,safru,mimalakatA,HakAl,TyAqE,maqrabu,Hama,stand
bAnku,prEzidA,maho,saru,l`ul,sagad,tafari,hAlAfinatA,tanasA,mnCo,hAlAfinatA,tanasu,bAnku,prEzidA,TuratA,qarA,warA,stand
marE,botA,HasaTAT,tayAyAza,ntibAwocnA,srA,hAlAfi,slTA,tanasA,matAsarAcawnA,makasasA,tAwas,tamasAsAy,zEnA,dabub,kll,qadmo,stand
HqEndAwAqara,Habra,saru,mangs,TalA,maho,mAgAlaT,tATqa,tanasA,kulA,lk,HqEndAnta,saw,liyATafA,tasalafa,yhE,CgAgA,stand
TafAnA,filmu,kAstro,bq,Halu,skrinu,tamalkA,CbCabA,tanasA,kAstro,tadanqa,sAyAbaqu,mAyAwqu,tkaSA,kAstro,dangaT,bla,cause
taqamaTa,fari,mangada,zm,gAzETaNo,yzA,Hadis,HababA,tanasA,naCuA,minibAs,fituA,Hawtobus,hEda,gadal,mangad,frhA,stand
cgrocA,zho,Hakal,zho,gzuf,HakAl,HqElakAla,blA,tanasA,gundA,HqEndAnho,maTanqaq,tagabi,Hsr,naqalnA,Hsr,yAza,stand
mAlcla,HqErAs,Cok,blA,tanAgara,taqoTA,tagAdama,zalA,tanasA,qaT,blA,qoma,kflu,df,CalamA,CalamA,HafTTA,stand
nagar,masqalu,masaqaluA,HaltagaNa,Hsosta,qan,t`gs,mot,tanasA,tablo,HakAbAbi,hzb,tAya,mnCo,ynAgarAlu,yat,darsA,stand
hma,takomAtro,sgasA,huAway,faTAri,damo,yAci,gAstrikE,tanasA,ylAlu,dmxA,qlAxE,gurA,nafu,Halfo,Halfo,naC,stand
trakA,HqEsrAHElA,Hamata,mhra,tabatanu,zArE,HqEsrAHEl,mot,tanasA,dras,Halam,HqEytA,HagarA,motA,HalqolA,HqEngdi,sda,stand
ybaDawAl,silu,danagaT,HazAwntuA,balu,warAD,silu,maqamaCA,tanasA,Hakbro,SaNanA,wadiyA,HandA,yAhl,DarikA,yAzu,waTAto,cause
qaws,mAwTAtnA,Hikonomi,mAsAdag,`Ala,mato,drSA,mAbarka,tanasA,takasata,Hasfari,HsrA,HaTna,maqraf,biliyo,yuro,mAnqasAqas,stand
naTala,mAsAdad,Damara,xara,saw,HadagA,saw,zar,tanasA,sfA,tasfAfA,maTA,zaman,zaman,saTawnA,qadma,sAnnaqAnA,stand
darasu,tAlAq,britAnyA,wAgAlA,qasaqasa,Hayqar,hayla,mAHqEbal,tanasA,spA,tAlAlAq,markabo,HangalAtA,markabaNocu,quTTr,honu,dras,cause
markabo,madu,Hayna,mAHqEbal,lb,tanqasAqasu,wr,wr,tanasA,HamErikA,nxxr,sttAy,dakAmA,HityoPyA,raDmu,huAy,haws,stand
`Ala,HaqTACA,Halamakatalu,pArti,lAynatnA,pArti,HambAgananna,HqEkatalAla,tanasA,dEmokrAsi,TAras,HaydiyoloDi,yzo,qaTala,cgru,yKE,r`yota,stand
hano,ndr,dnq,polatikA,tantANna,qrbu,mangs,magalbaT,tanasA,mil,bAstalAlafa,TnA,tab,gax,xhuf,bAqaraba,wdAsE,stand
lbuA,HadrsA,HaynE,tasawara,Calamab,TawA,HasrA,mamulAtu,tanasA,dAga,stwaTA,bAga,TabakuA,msrAq,bq,Hala,Sqb,cause
mafrad,HqEdafrAla,HqEnazihnA,TyAqE,CnqlAtE,HaqACalub,sa`AtE,HayahunA,tanasA,dAgos,yAla,tip,saTcA,tasanAbatku,dAgos,yAla,sn,stand
tAdiyA,HElzAbET,kocrE,tabAla,gAzETa,mAdrag,cAl,mAla,tanasA,lboladu,gaxabAhry,faDa,qan,Hamst,qan,mASASAl,Halam,stand
Suk,HalacA,wagagtA,dAbsA,bEtamaqdas,sawnatuA,yzA,wadaqa,tanasA,CaraqA,xahay,HadnAqi,yAlhonku,yKa,xahay,naTAqi,takulA,cause
mtAdarga,dgAf,zArE,dras,sAyzAnaf,qaTala,bAhrEy,taqAwmo,tanasA,zEguacuA,tAnknA,matrayas,damssA,xaT,HqEndtAdarglA,sAHudi,HarabiyA,cause
dhna,linaxAxar,mAycl,`l,yAla,dhna,HabuArA,HarAgfa,tanasA,HqEni,biliyEnaro,balA,HqEskamATA,yAdarsa,`Ayna,dhna,HasAmra,cause
fari,mangada,zm,minibAsuA,gAzETaNo,yzA,Hadis,HababA,tanasA,naCuA,minibAs,fituA,Hawtobus,hEda,gadal,mangad,frhA,stand
zihHqEdaru,HalA,HqEgziHab.hEr,`Am,lEli,maTto,yTaru,maTta,tanasA,hid,nagar,mnagr,qAl,tAdargAla,Hala,`Am,nagA,cause
hid,nagar,mnagr,qAl,tAdargAla,Hala,`Am,nagA,tanasA,HahyAytu,Cno,mo`Ab,Halaqo,hEda,hEda,HqEgziHab.hEr,taquaTA,stand
saTa,rstu,mdr,HqEsrAHEl,HqEndAdaraga,HaTafuHa,sfrA,taqamaTu,tanasA,zarEd,fafA,taSAgaru,Hala,zarEd,fafA,taSAgar,zarEd,cause
taragamu,honu,TalAtocA,ySaSAlu,nagar,makAkalA,kAlATafA,Halho,tanasA,.hzbu,qads,hm,HqEsrAHEl,nagar,Hala,nagar,makAkalA,cause
gilgAmE,Cok,smA,guabaz,gbi,HqEdarnA,naga,TuAt,tanasA,flmiyA,yqaTlAl,HqErA,balu,xaD,TaTu,wAlu,gTmiyA,stand
yfalgu,maglax,HaTbqa,naqfawAl,gAdAfi,maTAl,nafT,Hangba,tanasA,tATAqi,kulA,Sggru,mangs,HqEmna,maTqas,tTq,maftA,stand
Snfa,sdst,quTr,fantA,mAncE,stbAl,HalaqA,fargusa,tanasA,fotogrAf,mAsdagaf,HqEDE,yAgaNa,mil,maglaCA,sarAC,sanbtuAl,stand
taqamTa,rEdiyo,maganA,yAz,HalgA,gAda,ln,mAstAwaSA,tanasA,tanasA,kflu,gdgdA,xa.hay,stgabA,yAsAynA,zanbAbA,`Ayna,stand
qara,daraDA,mASqolqol,Damara,darg,waqt,mamaraqiyA,gAwA,tanasA,fotogrAf,sAlo,mAgECA,mahonu,qara,Hi.hHadEg,zaman,lunA,stand
Harafta,nagar,yAlq,smE,fanqluA,naqis,maqamaCA,zala,tanasA,gAla,CbCabA,CobE,ragaTu,HadArASu,HqEngdi,HqEgzEr,yAsAyA,stand
gabarE,marE,naTaqu,dhA,Tqur,gabarE,HakafAflAla,bla,tanasA,marE,Tqur,dhA,gabarE,Haldarasa,mugAbE,bEtasabocnA,qrb,cause
HagarA,nkarAtatu,mAla,HayAskEd,dhna,HagarA,mATfA,qurTaNna,tanasA,mangHstA,sEto,wandocnA,waTAto,tawAldo,TEnA,mabtA,mAskabar,stand
mStu,sa`A,mot,tanasu,tablo,tawarA,ynAgarAlu,mot,tanasA,samAy,talAku,mal`k,mAdras,gal,t`gs,krstnA,smuA,stand
yKa,Hagalglo,`Ayna,HasgarAmi,mibAl,daraDA,mogta,tElE,tanasA,mAlatA,Halqara,qdma,kfyA,kArd,mamulA,macagar,Damar,stand
znbAlE,Hadisu,milini,mAswagad,hbratnA,Handna,srA,tATqo,tanasA,nurowu,mASASAlnA,hywatu,malawaT,micl,tanAgrawAl,miliniyEmu,mAdrag,cause
cl,lEla,mahonu,nagar,tctocAcawnA,sm,mATfA,zamacA,tanasA,gudAyo,tawasna,qaru,bAlamahonA,yAzu,zamacA,ybalT,maradA,stand
nasA,Hsna,mgbAr,cgr,mAswagad,taHsarA,trAnspor,zarf,tanasA,TyAqE,mkr,bEtu,tasaTa,mlA,katamA,trAnspor,polisi,stand
yAla,zaman,xAfu,HastayAya,bAlabE,gabru,tAraqa,rmuAl,tanasA,gudAyo,max.hafu,qadAmi,huAl,taqayara,max.hafu,mAta,Hasfalaga,stand
frd,bEt,gudAyA,quAC,mawsadu,taquArAC,Tafto,TyAqE,tanasA,proDaktu,hAlAfi,mlA,HalA,gnbAtA,ganzab,mtAbadra,hnd,stand
ytarkAlu,HawstrAlyA,HabroDyAno,HawstrAlyA,naCo,makarA,yAyubA,tAriko,tanasA,hagarAtu,maHswA`tna,falu,makara,.hzbo,Halu,hagaritu,HqEndtAdg,stand
wagu,lifata,gabA,lAqa,HsrA,manAgar,cAl,ymaslaNAl,tanasA,hasAbo,mAsradA,brhAnu,TnA,tagaNu,r`yota,`Ala,mAsAyA,stand
gabrE,gla,tArik,max.haf,HamuAmuAtA,HanagAgAri,mahonu,smA,tanasA,sawu,tArik,Hsos,`Ama,tAtama,falAsfo,gubAHE,lbolad,stand
cAlu,nagar,macAl,HaqAtA,HqEwna,lnSaSaws,HqEnclAla,TyAqE,tanasA,HqEwna,HqEwna,maSa,HaycAl,tnAntu,tArikA,gow,glTlT,stand
musnA,HsarA,tafaTara,Had,`Al,tamalakata,guAdaNocE,CawAtA,tanasA,wadADA,zandro,Had,bAydo,Hala,grA,magA,gabtuAchuAl,stand
malas,bla,`Ala,hzb,hywat,markab,maslanawAl,markab,tanasA,sunAmi,yAlu,hAsAb,mA`balo,matu,HangalAtawAtAl,dngATE,frhA,stand
cgrocA,taTaqA,masaratAwi,cgro,sAlho,fil,tamalkAco,sark,tanasA,TAlu,gudAyo,tamalkA,fil,sari,wAnA,x.hfa,bEtu,stand
Hadis,HababA,mAdrag,nqasAqas,HikonomiyAwinA,polatikAwi,`AlAmA,yzo,tanasA,HigAd,yKE,sltu,gCto,mAsqara,lmA,mAsfAfA,law,stand
frd,bEt,maksas,micAl,galxawAl,wlo,Habal,mimalaka,tanasA,TyAqE,nagar,mAlaqu,dAr,dnbaru,taTanto,HakafAfal,Hsr`Atu,stand
mangad,HaTagab,makinA,Hagalglo,mAqomiyA,Haydala,pArking,krkr,tanasA,HsrA,mafTar,makarAkariyA,yqarbAl,wAnA,nagar,HasfaxAminA,.hg,stand
slto,mazargA,gnNuna,HagbAbocu,tamarACnA,sAbi,mAdrag,yzo,tanasA,`AlAmA,taqadA,HastasAsab,mAsrax,hAlAfina,taTlobatAl,bAlamuyA,srA,stand
bAl,tawasada,.hgAwi,HqErmDA,glasabocu,yAzu,taqanAqA,polatikA,tanasA,tanasA,tawasada,mAsmasal,hasata,propogAndA,manzA,ygaNAlu,hagarA,stand
yKE,bakfu,lbonA,lku,cgru,HslTanA,yfalgAl,mAla,tanasA,naTb,`Aynatu,cgr,mafaTar,bawAnaNna,Taqasa,xara,SbrtaNna,stand
bagadAmu,manakosA,taqasaqasa,taqAwmo,yATATAla,HaDandA,bAlA,sawu,tanasA,TyAqE,bamAla,tanasA,taqAwmo,takatlo,korporESnu,wAnA,dAyrEktar,stand
tElEviZ,batnAntnA,zEnA,HqEwaDA,mS,studiyo,tagaNta,bagadAmu,tanasA,TyAqE,mlA,saTu,wAnA,dAyrEktaru,`AbAy,bagadAmunA,baskuAr,stand
bagadAmu,manakosA,taqasaqasa,taqAwmo,yATATAla,HaDandA,bAlA,sawu,tanasA,TyAqE,bamAla,taqAwmo,takatlo,korporESnu,wAnA,dAyrEktar,`AbAy,stand
HqEndEtnA,minaTaq,nbratu,ganabA,waCi,miwasd,ministru,mlA,tanasA,naTb,bAlnA,mis,bEt,biHsarunA,bAl,mistu,mAzAwar,stand
zaman,takAhEdu,Hamax,HqEnqsqAsE,lyuna,qANa,.hwa.hA,yzo,tanasA,bab.hEr,tamaHsarata,gaTar,tTq,tgl,Hamax,HamAxi,talayanA,stand
baHabAbAlu,grA,qada,.hga,mangHsttu,Hi.hHadEg,manaSA,yzo,tanasA,polatikA,mar,maHsara,Hadrgua,maraqaqu,bahulatu,Hi.hHadEg,HamarAro,stand
HabAlA,lyuna,tafaTara,Tornatu,batayAyAza,mahonunu,baHi.hHadEg,HamarAr,tanasA,HamarAru,gorA,fala,lyuna,Tornatu,`AlAmA,mawasa,tayAyAza,stand
Tanakara,brhAnu,nagA,mrCA,Hsosta,HamArAC,HaydiyoloDi,yzo,tanasA,HidEpA,liqamanbar,ldatu,HayAlE,mawanDal,mrCA,wzgbu,bataTuATuAfa,stand
musnA,HaquA,yAsAdarabA,sgA,galx,baHqErgT,baHandAndocu,badgAmi,tanasA,HastayAya,HityoPyA,musnA,xadA,nac,mAla,ft.hawi,silu,stand
musnA,HaquA,yAsAdarabA,sgA,galx,baHqErgT,baHandAndocu,badgAmi,tanasA,HastayAya,musnA,xadA,nac,mAla,ft.hawi,silu,bagr,stand
tazagADta,mamAryA,maxA.hf,b.hErasabocnA,.hzbo,quAnquA,babAlamuyA,taragomu,tanasA,tmhrt,ministEr,tmhrt,ministEr,yAwaTA,b.hErAwi,tmhrtnA,HslTanA,stand
Habyo,maqalbas,yAskatala,cgr,HityoPyA,baHaxE,hAyla,HslAsE,tanasA,kAti,Habyo,badarg,bamaTalafu,krkr,HakAl,mahonu,`AmatA,cause
HaydiyoloDi,maTto,faTra,nagar,HawalyA,HakAbAbi,yAla,wzgb,tanasA,Hada,HawalyA,Hsr`Ata,tmhrtu,litAy,HagarA,tasmAmi,Hsr`Ata,stand
dahnna,maTabaq,hAymAno,gudAy,TAlqA,ligabA,baHqErgT,hAymAno,tanasA,.hasAb,lyuna,mangHstnnA,.hzb,salAm,dahnna,HadagA,TluAl,stand
hbratasab,nagarawnnA,HsarA,nagar,ragAgaTa,mahEd,ySAlAl,zm,tanasA,warE,mAgobdad,Habro,maguAz,.hzba,muslimu,grgr,maru,stand
taTAla,HqEsE,tAksnA,tar,Hovar,tAks,zArE,Damro,tanasA,ganzabnA,Hikonomi,lmA,ministEr,ministEru,mAmSA,HityoPyA,zEnA,stand
hAza,sAmnt,HamErikA,yAtl,katamA,manoriyA,HapArtmantA,HqEndAlu,tanasA,HqEsA,hywatA,lAlafa,Hamst,HityoPyA,los,HanDalas,gaNa,stand
sosa,tAdAginA,Handi,waTA,HityoPyA,hywat,qaTafa,HqEsA,tanasA,HqEskA,bAytAwaq,HqEsAtu,mATfA,qadmo,darso,tamA,HqEsA,cause
HityoPyA,makAnaHiyasusbEtakrstyA,haymAno,HabAto,haymAno,taquAmA,yqrtA,maTayaq,tanasA,mAramiyA,bEt,gaNutyadarg,bAlaslTAnA,yqrtA,daraglA,Tayaqu,masarat,stand
Hikonomi,lmA,ministEr,mAbrAriyA,Datu,TnqAqE,tazagADa,mahonunA,tanasA,tadaraga,dldl,fthAwi,mahonu,Hikonomi,masarat,hono,sAla,stand
ldatu,tanAgaru,hAgaritu,bAhar,yAsfalgAtAl,law,taqAwAmi,pArti,tanasA,hAsAb,mAsAkA,HqEnsarAla,yAlu,bAlafu,`AmatA,HityoPyA,gnNunatuA,stand
yAkanAwanA,tagbArA,magamga,qaTAy,HqEnqsqAsE,lmd,mawsd,pArti,tanasA,hAsAb,tawayAyto,hgu,masaratAwi,Hamdo,mamasra,kAhEd,mkr,stand
ldatu,tanAgaru,hAgaritu,bAhar,yAsfalgAtAl,law,taqAwAmi,pArti,tanasA,hAsAb,mAsAkA,HqEnsarAla,yAlu,bAlafu,`AmatA,HityoPyA,gnNunatuA,stand
mzgabA,waqt,marACu,.hzb,marACna,kArd,mawsad,yAsA,tanasA,talaya,mzagabA,waqt,hbratasabunA,polatikA,pArti,`Cu,tanasA,stand
gmtu,miliya,br,nbra,fAbrikA,Cs,mATAriyA,kfl,tanasA,HqEsA,zArE,TawAtu,sost,Damro,qanu,sdst,dras,cause
Hayar,mangadu,sahArA,syAmE,yAtl,mulu,mangadaNo,HasAfro,tanasA,HawroplAnu,zArE,TawA,Hadis,HababA,bolE,`Ala,`Aqaf,stand
hga,waT,tagbAr,faxmu,HalunA,yTanqaqu,Hadaru,HakAbAbi,tanasA,drq,gudA,sAyAskatl,quTTr,sr,wAla,honlataraDi,wAnAna,stand
HityoPyA,Hortodoks,tawAhdo,bEtakrstiyA,gadAmnA,zquAlA,tarArA,HakAbAbi,tanasA,sadad,HqEsA,mATfA,bEtakrstiyAnitu,Trat,mAdraguA,zArE,mAmSA,stand
mAdrag,miliya,qoTaru,HabAlA,yAluA,Hasr,vil,mAhbarA,tanasA,Tmra,faTra,mrCA,matAzab,tanqasAqasu,ygaNAlu,HityoPyA,hadAsE,stand
fta,TnqAqEnA,quTTr,tagabaru,HamarArunA,HabAlAtu,HagarAwi,smEtnA,tanasA,fta,minA,tayAyAza,zEnA,dArfur,tasamArA,zur,HityoPyA,stand
hAza,sAmnt,HamErikA,yAtl,katamA,manoriyA,HapArtmantA,HqEndAlu,tanasA,HqEsA,hywatA,lAlafa,Hamst,HityoPyA,los,HanDalas,gaNa,stand
sosa,tAdAginA,Handi,waTA,HityoPyA,hywat,qaTafa,HqEsA,tanasA,HqEskA,bAytAwaq,HqEsAtu,mATfA,qadmo,darso,tamA,HqEsA,cause
`AranA,wddr,yAqaraba,HqECu,tawadAdAri,tagadala,maTaT,bEt,tanasA,grgr,sAbiyA,mahonu,.hgAwi,mangad,takAhEda,mATArA,maragAgaTu,stand
mzgabA,waqt,marACu,.hzb,marACna,kArd,mawsad,yAsA,tanasA,talaya,mzagabA,waqt,hbratasabunA,polatikA,pArti,`Cu,tanasA,stand
yAkanAwanA,tagbArA,magamga,qaTAy,HqEnqsqAsE,lmd,mawsd,pArti,tanasA,hAsAb,tawayAyto,hgu,masaratAwi,Hamdo,mamasra,kAhEd,mkr,stand
HqEnAtocnA,hxAnA,mot,maqanas,saTa,dgAf,maCamar,minor,tanasA,mawsad,gudAyu,wyytnA,wsAnE,yAqaraba,zandro,budn,smnt,cause
hAyl,srA,bAhlnA,sna,mgbAr,daraDA,mAsAdag,zarf,tanasA,zagADu,yAlu,Hawda,r`yo,zarfu,Haq,maraDA,saTunA,stand
zuriyA,HaqTACA,samA,HastayAya,HabzA,misTirAwi,maraDA,mawTA,tanasA,taqAwmonnA,quTA,galxu,HqEsrA`Elu,TaqlAy,ministr,saTu,HastayAya,stand
konkri,hnxA,gAdAfi,quTA,targafagafu,HaranguAdE,hgamangstA,TAqasu,tanasA,frdu,mot,silu,tlA,tElEviZ,masko,bq,sAylu,cause
migabA,yAltawaTA,prEzida,turE,mangHs,samEnAwi,hagaritu,fil,tanasA,tuwArEg,`Amax,mAbqA,bAlamacAlu,mahonu,dEmokrAsinnA,mangHs,mamaHsra,stand
basfAtnA,bataTanAkara,hunEtA,tagabara,migaNa,lmAtAwi,mangHs,flsfnA,tanasA,HascagAri,mahonu,balAy,mangHs,faqAdaNna,lEla,bAlamuyA,galaxu,stand
taTaqAmi,daraga,Hikonomi,stqoTATar,sawu,manor,kAlA,gugu,tanasA,Tga,HastasAsabA,bamAla,gabru,HasrA,pArtiyA,lmAtnA,dEmokrAsi,stand
HazmAdu,bEt,tawasadu,bataCamAri,HsrA,fdA,bEt,mrE,tanasA,miyATafu,riporto,HityoPyA,Camro,Hagaro,zEgocA,libAnos,HqEndAyhEdu,stand
mangHstu,batawasana,daraDA,qArannA,trgumo,mac,kfta,slAla,tanasA,baHafaxAxa,zEgo,gudA,.hgu,tagbArAwi,bahuAlAnA,.hg,sawu,stand
maqCA,.hg,`AlAmA,daraq,wanDal,madANa,SbrtaNna,polatikA,tanasA,yAla,wanDal,SbrtaNna,btwasda,manaSA,polatikA,mAdrag,mfalga,stand
nagar,nagar,mfalga,nagar,baHamax,HadargawAla,kAla,polatikA,tanasA,yAla,wanDal,nagaro,mAyTATAmu,makarA,polatikA,tanasASna,yAla,stand
liqaTA,HqEskamo,yAdars,maqCA,Hala,liqaTA,nagar,polatikA,tanasA,yAlA,glasabo,honu,drDto,TfA,faxAmina,HqEndAySagAgaru,.hga,stand
Haqaf,sabHawi,drD,miqaTlu,`AmatA,baqi,mgb,bAlamAgNa,tanasA,`Ala,Haqaf,daraDA,miliyo,.hxAnA,HakAlAwi,HqEdga,liqAwas,stand
gnbAtA,`qd,fta,gb`AtnA,Haq,maho,cl,HafaxAxa,tanasA,HElEktrik,hAyl,taTaqAmi,gaTar,qabalE,mAdras,cAl,danbaNo,stand
mAstAwasE,fta,HaqmnA,mamAr,flAgo,noruA,HqEdlu,TabAbna,tanasA,hlmA,mangad,qara,HandAnd,bAlnDarocE,lbE,bAznmzArE,lDocA,stand
malasa,nAgaru,mAstAwaSA,wasada,saw,mAstAwaSA,HawasAsadu,manfas,tanasA,saw,gudAyu,HanSawArro,matargo,cl,fata,yAhl,qn,stand
zagabA,HityoPyA,mangs,mAnA,Hinvastmanto,TankArA,tadarAdAri,mahonu,tanasA,HagarnnA,hzb,gudA,dArg,smmna,Hayfax,Hahunu,waqt,stand
HintarnASnAl,HityoPyA,maganzab,blu,stAr,mil,lyu,maTariyA,tanasA,gl,TEnA,taquAmA,raDa,gizEnA,zalAqi,xns,makalAkayA,stand
fArsu,nguHs,kAmbisas,lDu,gAbcA,masTa,HqEmbi,mAlatu,tanasA,Torna,takafto,tazagaba,tArik,Hala,yAsA,HafriqA,nagaHstA,stand
HsrA,takanAwanabA,qaTAnA,somAliyAnA,HErtrA,gaNu,HafrikA,qand,tanasA,HafrikA,qand,lmAtnA,`dga,mAnaqo,honu,cgro,mrmro,stand
rahA,waqt,TankArA,taqAwAmi,hAylo,mAdAkamunA,tazarazaru,mknyAto,tanasA,HisAyAs,mangHs,Tankro,limuAga,cl,taqAwAmi,hAyl,lifaTar,stand
mATfA,wanDal,taTarTra,polis,quTTr,sr,wAlu,HqEsraNo,tanasA,xab,hywat,mAlafu,mnCo,Hamalakatu,.hararE,kll,polis,stand
m`manA,Hahunu,maganA,mangad,bAlbalaxaga,zaman,`mnatA,xnA,tanasA,snqA,HqEgrA,warAtnnA,`AmatA,HadkAmi,guzo,Hadrga,rusAlE,stand
gadluAl,mskrna,saTa,tAwquAl,tanasA,dbdb,tanasto,gadAy,tanasA,fta,gudA,yAdarasa,wadiyA,hkmnA,hospitAl,biwasad,qanA,stand
tanAgrawAl,klkl,ylAl,HagAfAri,SAw,wazAdar,Haydalu,bluAl,tanasA,HsrA,qaqa,Habra,ysaru,HsrA,bAldarabocu,HabzANocu,waqtu,stand
sil,TbaqA,nagara,TbaqA,mamariyA,taqabla,Tabaqu,wfratA,tanasA,gbi,makinA,magbiyA,limolu,qarA,TbaqA,HasAcA,sa`A,stand
HaTna,honuAl,mangs,sanazaru,HandAnd,tcto,mararu,mahonA,tanasA,yAsdanagTAlu,Sbr,TqA,musnA,HadagA,ybsbnAl,tctnA,taqAwmo,stand
kAhu,tamasAsAy,drgi,faxmo,yAwqAl,xaba,HawAki,bAhry,tanasA,HabEtutA,qarbo,yAwqAl,mAramiyA,bEtu,talaya,manqasAqas,naxAnatnA,stand
mafrA,dars,Tg,tafaTro,maTa,yAlafa,maTlA,TlAcA,tanasA,tafaTro,hg,marA,hono,tafaTro,mAwda,mamokar,ZwAZwE,stand
waCi,dArg,HamatA,zalq,Torna,ydArgAl,mil,gmtA,tanasA,cAynAnA,rusiyA,HalamHaqaf,salAm,waku,roytars,mil,r`s,stand
fil,bAlamuyA,masrA,HqEdl,bAlaslTAnAtnA,fil,kubAnyA,nqatA,tanasA,Tqur,hzb,yAwqu,nagar,lam,sil,Tqur,HamErikA,stand
nagarA,prEzidA,sAdA,husE,zaman,HirAq,HsrA,HqETo,tanasA,.hkmnA,doktrE,daraDA,tamaraqu,sawu,HqEndAltamAra,saw,zqta,stand
mAsfA,HasfalAgi,mahonu,tAmnobatAl,hbratasabu,gnzAbE,mATA,mknyAto,tanasA,TEnA,taquAmA,yAlamaTaqa,hunEtA,HakuwAyA,TEnA,taquA,Hagalglo,stand
guAz,HabAy,rahA,gadal,gabA,skAy,HadagA,Hawtobsu,tanasA,HqEsA,tafaqadala,fTna,maSkarkaru,mahonu,HoromiyA,polis,waradA,stand
Habra,maho,kAlA,fqr,miho,mATA,mifaTarbA,frhA,tanasA,ySAlAl,mAla,yhE,HadagA,miho,lb,HslTA,maqoya,cause
magzA,b`r,HaTATAl,HaTATAl,yAltamaca,HihHadEg,bazA,mAdnaqA,tanasA,hAq,mafAtA,dAr,dAr,mAlatA,HqEra,hga,mangstu,stand
trAnspor,cgr,HqEndAlabAcawnA,HandAnd,waCi,kisA,mAwTA,migadadu,tanasA,HsrA,malqaq,faqAd,HawTta,gl,TbqnA,HsrA,bAlamuyA,stand
galAgAy,taxAfa,xhuf,wAnA,maSkarkariyA,r`sa,gudAyA,Hadrga,tanasA,tagalabAbAC,darAsi,daha,Tqitocu,darAsiyA,staqar,HabzANocu,darAsiyA,stand
zamanu,m`manA,Hahunu,maganA,mangad,bAlbalaxaga,`mnatA,xnA,tanasA,snqA,HqEgrA,warAtnnA,`AmatA,HadkAmi,guzo,Hadrga,rusAlE,stand
wazAdar,tanasA,HsrA,Habra,ysaru,HsrA,bAldarabocu,HabzANocu,tanasA,tagadalu,gAzETa,sbhA,gabraHqEgziHab.hEr,lyu,b`r,zar,zarAbA,cause
HqEndAtgabA,sil,TbaqA,TbaqA,mamariyA,taqabla,Tabaqu,wfratA,tanasA,gbi,makinA,magbiyA,limolu,qarA,HasAcA,sa`A,yAci,stand
galTa,lTu,Hadis,tamAri,mamAr,HqEdl,mAgNatA,kfl,tanasA,HakAbAbi,waTAto,mamAr,HqEdl,sAyAgaNu,maqoyatA,drDtu,yAdaraga,cause
dilAnA,HawAsA,maguAz,mamAr,ygadadu,tamAri,Haq,mAnas,tanasA,tmhrt,yAquArTu,galTa,mangs,bAdaraga,Trat,waradA,yAzna,stand
HqETra,tmhrtA,HqEndAyAquArTu,mAgaz,Hamalkata,tamaTATana,mgb,HqETra,tanasA,hxAnAtu,gaTmA,baStA,makalAkal,mahonu,progrAmu,yAsfalga,mgbnA,stand
bEt,bAlamanoru,qada,sil,HandAnda,tamAri,Haq,mAnas,tanasA,tmhrtA,yAquArTu,.hbratasab,gnbAtA,gul,dgAf,mAdrag,HqEnqsqAsE,stand
tamAri,ganzab,dgAf,yAdarg,maqoyatu,Hamalkata,Haq,mAnas,tanasA,tmharatA,liyAquArTu,Harbto,Hadar,lDo,taqablo,fta,daraDAnA,stand
tamAri,ganzab,dgAf,yAdarg,maqoyatu,Hamalkata,Haq,mAnas,tanasA,tmharatA,liyAquArTu,Harbto,Hadar,lDo,taqablo,fta,daraDAnA,stand
bAlamuyA,dinsA,dugumA,HityoPyA,zEnA,Hagalglo,galaxu,cgro,tanasA,madaba,tmhrt,mAgNa,yAlcAlu,sawu,bAlafu,warA,madaba,stand
tanAgrawAl,DDgA,daraDA,tmhar,bEt,Hahunu,mamAriyA,kflo,tanasA,kfl,tamAri,mimAru,tagalTuAl,mangs,sumAlE,kll,tmhrt,stand
Haqaf,sabHawi,drD,miqaTlu,`AmatA,baqi,mgb,bAlamAgNa,tanasA,`Ala,Haqaf,daraDA,miliyo,.hxAnA,HakAlAwi,HqEdga,liqAwas,stand
tax`no,madAsas,Hsostu,Hagaro,tEknik,komitE,quAquA,qdmiyA,tanasA,mawsaduA,quAquAma,galalta,komitE,tafAsas,HagarA,gdbu,linora,cause
gnbAtA,`qd,fta,gb`AtnA,Haq,maho,cl,HafaxAxa,tanasA,HElEktrik,hAyl,taTaqAmi,gaTar,qabalE,mAdras,cAl,danbaNo,stand
naTala,mAsAdad,Damara,xara,saw,HadagA,saw,zar,tanasA,sfA,tasfAfA,maTA,saTawnA,qadma,sAnnaqAnA,sAnzagAD,saw,stand
mAstAwasE,fta,HaqmnA,mamAr,flAgo,noruA,HqEdlu,TabAbna,tanasA,hlmA,mangad,qara,HandAnd,bAlnDarocE,lbE,lDocA,brhA,stand
zagabA,HityoPyA,mangs,mAnA,Hinvastmanto,TankArA,tadarAdAri,mahonu,tanasA,HagarnnA,hzb,gudA,dArg,smmna,Hahunu,waqt,bAlahAbto,stand
slto,mazargA,gnNuna,HagbAbocu,tamarACnA,sAbi,mAdrag,yzo,tanasA,`AlAmA,taqadA,HastasAsab,mAsrax,hAlAfina,bAlamuyA,srA,lika,stand
tawasada,.hgAwi,HqErmDA,glasabocu,yAzu,taqanAqA,polatikA,HaquA,tanasA,tawasada,mAsmasal,hasata,propogAndA,manzA,hagarA,taragAgaTa,.hgAwi,stand
kompiyutar,fabarak,taHamr,HasaNto,mknyAtu,maDamariyA,kompiyutaro,gzufnatA,tanasA,botA,botA,mAnqasAqas,HadAgA,kompiyutarocu,maTaqa,yAsfaru,mthatnA,stand
mabt,dngAgE,biyz,goDi,lmAdAwi,drgitocnA,huAlAqar,HamalakAkato,tanasA,mabt,Tsato,mitAyu,HasmAru,mAsqara,gnzAbE,mAsCabaCA,srA,cause
tax`no,sAdara,mangHs,bAlamuyA,sfA,salaTana,cgru,sfA,tanasA,kAti,HasrA,hospitAl,bAlamuyA,HascagAri,hunEtA,binoru,tawasana,stand
fta,TaqamEtA,progrAmu,Tndocu,mAhbarasabAwinA,HikonomiyAwi,hunEtA,yAlamamacAca,tanasA,gAbcA,mafaxa,yAqAtA,madagaf,gAbcA,hEdu,mAdrag,kAhEda,cause
`sE,tAks,gabi,migabA,masabsabunA,hbratasabu,gbr,TaqamEtAHawqo,tanasA,gdEtA,waqtu,mawaTA,gbr,makfalu,gabi,HamnA,liCamr,stand
mAhbarAwi,wAstnA,mAragAgaT,lmA,mAfATa,minora,gul,fAydA,tanasA,hAgarA,tafarAraqu,HsrHato,wTEtAmA,bAyhonlA,polisi,qarxa,HsrHa,cause
Hawtobs,tasanazara,TqA,wddru,HanAkAhid,mAla,wddru,mAglalu,tanasA,HafrikA,HqEgr,kuAs,konfEdErE,budnu,zandrownA,miqaTla,`Ama,stand
wTE,matAyatu,hab,HsrA,zuriyA,Harso,Hadaru,yAsA,tanasA,rbrb,tasfA,saCi,mahonunnA,Trat,mAsqaTal,HaCr,tarAqotu,stand
HqEndAlu,Hamatu,sahArA,bAlu,HagarA,gaNu,HqEnAto,walid,tanasA,hlfa,tawasada,nAmunA,TnA,Hamst,Hama,gaNu,hxAnA,stand
`AranA,wddr,yAqaraba,HqECu,tawadAdAri,tagadala,maTaT,bEt,tanasA,grgr,sAbiyA,mahonu,.hgAwi,mangad,takAhEda,mATArA,maragAgaTu,stand
ft,ministEr,Hama,HoromiyAnA,bEnSAngul,gumz,HagorAbA,waradA,tanasA,gC,tasAtafu,glasabo,zar,mATfA,wanDal,Camro,Hamst,cause
Hakla,HandAnd,HakAbAbi,yAlu,maTana,cgro,gnzAbE,mAnas,tanasA,tabla,tafaTaru,HqEndAlhonuba,tAzAbi,budnu,HabAlA,tagaNubA,mrCA,stand
dAyrEktaru,yhunnA,HakAbAbi,whA,HqETra,makasatu,cgr,gaTama,tanasA,proDaktu,yTanAqaqAl,tablo,tAqada,mazagyatu,qari,HsrA,qalAl,stand
mAdrag,tkura,saTto,faTA,wTnA,HikonomiyAwi,`dga,qorTo,tanasA,hagarA,hzb,lmA,HqEnqsqAsE,frEyAmA,mAdrag,yAscl,fta,stand
makinA,walal,lDu,tAqafa,nqa,HqErmDA,takafata,nqatu,tanasA,naDi,mamalka,hzb,hab,hab,HagbasbAsocu,qanA,law,stand
mamhrAnu,slk,yAgaNanA,HandAnd,r`sAna,mamhrAnu,HsrA,HadmA,tanasA,tmhrt,maquAraTu,hunEtA,mAstakAkalnA,maCi,saNo,mamhrAnu,HsrA,stand
tkkla,mangad,mAskEd,yAsclu,tubo,lAyfaTarulA,masmar,mknyAto,tanasA,gudA,darasa,zar,fasA,tkkla,fTnatnA,maTa,wadasEtuA,cause
mnzArE,mAsAdag,cgro,cgro,qodA,TrA,TrA,maguAdal,tanasA,TrE,qodA,mAsga,tamokara,qodAnA,lETo,TrA,maguAdal,stand
ngd,HamaTAT,mamalas,HandAnd,naCo,tasAsAtA,HafriqA,HqEwuqa,tanasA,Tayaqu,TyAqE,rlinu,wakilA,ylmA,hAylamikAHEl,maxahAfu,darAsi,stand
qaTAnA,marAC,dmx,liyAga,tanasA,qaTAnA,kASanafa,pArti,tanasA,manbar,qaTAnA,hulataNAnatu,botA,mayAz,HazmAmAmiyA,kAy,gaNawu,stand
budn,mrCA,yAwaTA,zagabA,HityoPyA,mangs,hbratu,yAwazAgb,tanasA,zandro,mrCA,matAzab,hagaritu,gaNa,hbratu,budn,minA,cause
wadafrd,bEt,mahEdu,mAhbaru,liqamanbar,HikAl,HangElE,proDak,tanasA,kEnyA,hywat,HadagA,gabA,galaxa,mAhbaru,kEnyA,Hityo.dyA,stand
hbra,salAm,HaskabAri,hAyl,Smq,tawAgi,misanazar,TqA,tanasA,tal`ko,mAkanAwanu,tagbAru,HqEkl,HqEkl,gaTama,mahonu,hbratu,stand
takalakala,mangs,HanxAr,HalyA,budn,tayAyAza,Sari`A,hg,tanasA,takalakala,saw,hunEtA,tAlAq,qan,mazakar,HalamacAlu,talay,stand
kominikE,bAlamuyA,`Ali,fAkari,milu,qodA,qala,lyuna,tanasA,klkalA,daragAbA,nEpAlnA,Hityo.dyA,maTu,bEt,HsarAtaNo,?,stand
HadAri,nAyDEriyAwi,skE,yhunnA,mAma,frAnkfar,sEta,HadArina,tanasA,tagodA,nAyDEriyAwi,cm,mAla,hga,waT,sawu,zwwr,stand
tmhrt,`dl,saTa,`dl,tasaTa,daraDA,tmhrtA,cgro,tanasA,mifalgu,Tru,daraDA,mAdras,lAlcAlu,sEt,tamAri,HamErikA,stand
SAra,wadi,polatikAwnA,HakAdAmi,zarf,gaTamA,brtu,gfi,tanasA,marAhita,mangs,HangElA,mErkl,wadADna,manfas,bAdaragu,wyy,stand
maqabalA,biyAstAwqu,qAlA,HalamaTabaqA,hbratu,prEzida,ZAn,ping,tanasA,hbratu,britAnyA,libiyA,makr,naga,TarA,sbsabA,mAykAfal,cause
HabiDA,bEtamangs,mag,diplomAsiyA,Trat,bilu,bAgbo,HqEmbitaNna,tanasA,HqEsA,hagaritu,maragAgA,sAyclu,maCaraSA,HalAsAnE,wAtArA,dagAfi,stand
frAnkfar,Hityo.dyA,quAnquA,ysaTu,doktar,gEtE,galA,mknyAto,tanasA,lElocu,tamo,Hityo.dyA,TnA,HsrA,tadAkama,bimaTA,hamburg,cause
yAlhona,masarata,lmA,cgrnA,baqi,yAlhona,tmhrt,Haqrbo,tanasA,Hagaro,Halam,Haqafu,mr,taTaqAmi,lihonu,HalcAlu,bAlamuyA,stand
hagar,hagar,mgb,magtA,bEtasaboC,cgr,maTA,san,tanasA,HandAnd,hagaritu,nawAri,qan,HandE,mamagab,tagadadu,mgb,stand
mATbaq,HafriqA,sdataNo,HawropA,gabu,mangad,Tababa,hEduAl,tanasA,kAlafu,`AmatA,wadi,HawropA,darsa,sdata,quTr,qanasa,cause
dAdAb,sdataNo,maTalayA,TAbiyA,waqtu,miyAstanAgda,sdataNo,bzA,tanasA,`Ala,maTalayA,TAbiyA,sost,mato,samAnyA,saw,HityoPyA,stand
drgi,sAwdi,mangs,HakrAri,HqEslmnA,wAhAbiz,r`yo,taTayAqi,tanasA,maskara,TqA,TAlu,sAwdi,tawalADo,maho,Tabab,yAhl,stand
vlu,mAhbarasab,HandAnd,mabt,tamuAgAco,taqAwmo,kAsamu,hgu,tanasA,tAnzAnyA,yugAndA,kEnyA,zArE,dras,xara,Sbr,hg,stand
tanaTqo,tawasada,HonA,gAbo,mifaxama,sab`Awi,mabt,ragaTA,tanasA,hagar,`Abiy,spor,wddr,mAstanAgad,bAltaga,HqEgr,kuAs,stand
gdyA,HqEskA,soryA,sawu,qaTala,gdyA,liyAsqoma,yAsAfr,tanasA,turk,dnbar,gaNu,soryAwyAnu,sdataNo,HqEDA,HaTAmra,maqamaT,cause
hEdu,krstnA,HqEmna,takatAyo,bAlafu,HsAmntA,tamAytu,qaw,tanasA,Habuna,pitar,HEbEdEro,maru,Hsr`Ata,xalo,saw,Habunu,stand
srA,tabAbaru,m`rAb,HafriqAwyAnu,HacAwocA,tbbrA,ganzab,kokEy,tanasA,qalAlu,mAygama,kokEy,maTa,m`rAb,HafriqA,hbu`,SyAC,cause
talk,nAgaru,skEtAmA,TankArA,yhunnA,tasfA,linora,mknyAto,tanasA,bago,HastasAsab,HaCr,yAgaNa,soriyAwi,salAm,yAlu,sawu,stand
damoz,tmhrt,bEto,hunEtA,bATaqAlAy,nuro,hunEtA,tabalASa,tanasA,HEnrikE,rozA,Tor,hAylu,dgomA,tasaTa,yAla,hunEtA,stand
bqA,godala,mangHs,prEzidantu,HslTA,mAwrad,hAlAfinatu,marakab,tanasA,HqEHaHa,magAbi,`Am,Damro,qaTAyocu,rmDA,Hadis,danb,cause
yunivarsiti,flsfnA,tmhrt,digri,tamaraqa,waTAtu,HakAl,gudAtaNnatE,tanasA,HqEskA,srA,mAgNa,HalcAlku,sil,mrEtu,gudAyu,malakatA,cause
mangHs,yAl,HqEHsrAHEl,`Ala,salAm,HsgA,maTAl,gTmA,tanasA,HqEHsrAHEl,hagar,minstEr,grAs,wadahagar,HqEndAygabu,`gadA,HqEHsrAHEl,cause
HamErikA,tafokAkAriyA,HanxAr,mTAnE,hab,mhur,HafriqAwinatAcawnA,sEtnatA,tanasA,`Ala,lmAtnA,bdr,saCi,drD,`Ala,bAnk,maru,stand
HawropA,hbra,turk,yAkl,hagar,taqablo,maquAquA,cl,tanasA,maDamariyA,Sangal,ngd,tssr,HqEndAlA,norwEy,Hayna,taqabAyna,stand
