Lcontext9,Lcontext8,Lcontext7,Lcontext6,Lcontex5,Lcontext4,Lcontext3,Lcontext2,Lcontext1,target word,Rcontext1,Rcontext2,Rcontext3,Rcontext4,Rcontext5,Rcontext6,Rcontext7,Rcontext8,Rcontext9,class
mAstAwaqiyA,tAsabalA,HalAmA,musnA,nagar,taqabAyu,minA,zAnu,yAhl,tanasA,`AlAmA,liqAra,HqEskamicl,mAla,Tru,musa,mAstAwaqiyA,linasAsAnA,Hadis,stand
guanE,qrbu,gmgamA,tanasu,HihHadEg,hAlAfi,tamalakata,krkr,hAlAfi,tanasA,gl,gAzETo,qadma,mazagabA,tkkl,Haydala,yATagb,mAsraDA,yhEnE,stand
Hay,hakimnatA,tta,falAC,qorACna,tazabAnanu,slTAnA,linaTquA,tanasubA,tanasA,Halam,mangs,maTto,miyAsTlA,mil,Hayna,fukarA,HqEmboqAqlA,hxAnA,stand
tmhar,masaTatu,HagbAbu,mayAz,cAl,tkl,dngAyo,zuriyA,noru,tanasA,tanasta,HakAbAbi,safru,mimalakatA,HakAl,TyAqE,maqrabu,Hama,yAhl,stand
raZ,bAnku,prEzidA,maho,saru,l`ul,sagad,tafari,hAlAfinatA,tanasA,mnCo,hAlAfinatA,tanasu,bAnku,prEzidA,TuratA,qarA,warA,Taqomu,stand
talay,marE,botA,HasaTAT,tayAyAza,ntibAwocnA,srA,hAlAfi,slTA,tanasA,matAsarAcawnA,makasasA,tAwas,tamasAsAy,zEnA,dabub,kll,qadmo,hawAsA,stand
sayTA,HqEndAwAqara,Habra,saru,mangs,TalA,maho,mAgAlaT,tATqa,tanasA,kulA,lk,HqEndAnta,saw,liyATafA,tasalafa,yhE,CgAgA,dbAb,stand
mabrA,TafAnA,filmu,kAstro,bq,Halu,skrinu,tamalkA,CbCabA,tanasA,kAstro,tadanqa,sAyAbaqu,mAyAwqu,tkaSA,kAstro,dangaT,bla,zor,cause
gabto,taqamaTa,fari,mangada,zm,gAzETaNo,yzA,Hadis,HababA,tanasA,naCuA,minibAs,fituA,Hawtobus,hEda,gadal,mangad,frhA,yac,stand
ynorbnAl,cgrocA,zho,Hakal,zho,gzuf,HakAl,HqElakAla,blA,tanasA,gundA,HqEndAnho,maTanqaq,tagabi,Hsr,naqalnA,Hsr,yAza,wT,stand
mawasa,mAlcla,HqErAs,Cok,blA,tanAgara,taqoTA,tagAdama,zalA,tanasA,qaT,blA,qoma,kflu,df,CalamA,CalamA,HafTTA,daqiqA,stand
tAwaqa,nagar,masqalu,masaqaluA,HaltagaNa,Hsosta,qan,t`gs,mot,tanasA,tablo,HakAbAbi,hzb,tAya,mnCo,ynAgarAlu,yat,darsA,maTA,stand
wayzAzr,hma,takomAtro,sgasA,huAway,faTAri,damo,yAci,gAstrikE,tanasA,ylAlu,dmxA,qlAxE,gurA,nafu,Halfo,Halfo,naC,kini,stand
bAlafa,trakA,HqEsrAHElA,Hamata,mhra,tabatanu,zArE,HqEsrAHEl,mot,tanasA,dras,Halam,HqEytA,HagarA,motA,HalqolA,HqEngdi,sda,Hagaro,stand
biTanaqaq,ybaDawAl,silu,danagaT,HazAwntuA,balu,warAD,silu,maqamaCA,tanasA,Hakbro,SaNanA,wadiyA,HandA,yAhl,DarikA,yAzu,waTAto,gabu,cause
bdr,qaws,mAwTAtnA,Hikonomi,mAsAdag,`Ala,mato,drSA,mAbarka,tanasA,takasata,Hasfari,HsrA,HaTna,maqraf,biliyo,yuro,mAnqasAqas,mAsabA,stand
saw,naTala,mAsAdad,Damara,xara,saw,HadagA,saw,zar,tanasA,sfA,tasfAfA,maTA,zaman,zaman,saTawnA,qadma,sAnnaqAnA,sAnzagAD,stand
wgiyA,darasu,tAlAq,britAnyA,wAgAlA,qasaqasa,Hayqar,hayla,mAHqEbal,tanasA,spA,tAlAlAq,markabo,HangalAtA,markabaNocu,quTTr,honu,dras,HanastaNocu,cause
HqEngliz,markabo,madu,Hayna,mAHqEbal,lb,tanqasAqasu,wr,wr,tanasA,HamErikA,nxxr,sttAy,dakAmA,HityoPyA,raDmu,huAy,haws,maqTA,stand
r`yota,`Ala,HaqTACA,Halamakatalu,pArti,lAynatnA,pArti,HambAgananna,HqEkatalAla,tanasA,dEmokrAsi,TAras,HaydiyoloDi,yzo,qaTala,cgru,yKE,r`yota,`Ala,stand
HqEqabalAla,hano,ndr,dnq,polatikA,tantANna,qrbu,mangs,magalbaT,tanasA,mil,bAstalAlafa,TnA,tab,gax,xhuf,bAqaraba,wdAsE,ngusAwi,stand
warada,lbuA,HadrsA,HaynE,tasawara,Calamab,TawA,HasrA,mamulAtu,tanasA,dAga,stwaTA,bAga,TabakuA,msrAq,bq,Hala,Sqb,mawTA,cause
lAys,mafrad,HqEdafrAla,HqEnazihnA,TyAqE,CnqlAtE,HaqACalub,sa`AtE,HayahunA,tanasA,dAgos,yAla,tip,saTcA,tasanAbatku,dAgos,yAla,sn,HqEndAtlu,stand
lDtuA,tAdiyA,HElzAbET,kocrE,tabAla,gAzETa,mAdrag,cAl,mAla,tanasA,lboladu,gaxabAhry,faDa,qan,Hamst,qan,mASASAl,Halam,zorE,stand
Dambar,Suk,HalacA,wagagtA,dAbsA,bEtamaqdas,sawnatuA,yzA,wadaqa,tanasA,CaraqA,xahay,HadnAqi,yAlhonku,yKa,xahay,naTAqi,takulA,CaraqA,cause
mari,mtAdarga,dgAf,zArE,dras,sAyzAnaf,qaTala,bAhrEy,taqAwmo,tanasA,zEguacuA,tAnknA,matrayas,damssA,xaT,HqEndtAdarglA,sAHudi,HarabiyA,stgAbznA,cause
HanxArAwi,dhna,linaxAxar,mAycl,`l,yAla,dhna,HabuArA,HarAgfa,tanasA,HqEni,biliyEnaro,balA,HqEskamATA,yAdarsa,`Ayna,dhna,HasAmra,yAwqu,cause
taqamaTa,fari,mangada,zm,minibAsuA,gAzETaNo,yzA,Hadis,HababA,tanasA,naCuA,minibAs,fituA,Hawtobus,hEda,gadal,mangad,frhA,yac,stand
lEli,zihHqEdaru,HalA,HqEgziHab.hEr,`Am,lEli,maTto,yTaru,maTta,tanasA,hid,nagar,mnagr,qAl,tAdargAla,Hala,`Am,nagA,tanaHsA,cause
tanaHsA,hid,nagar,mnagr,qAl,tAdargAla,Hala,`Am,nagA,tanasA,HahyAytu,Cno,mo`Ab,Halaqo,hEda,hEda,HqEgziHab.hEr,taquaTA,HqEgziHab.hEr,stand
HqEgziHab.hEr,saTa,rstu,mdr,HqEsrAHEl,HqEndAdaraga,HaTafuHa,sfrA,taqamaTu,tanasA,zarEd,fafA,taSAgaru,Hala,zarEd,fafA,taSAgar,zarEd,fafA,cause
Hayclu,taragamu,honu,TalAtocA,ySaSAlu,nagar,makAkalA,kAlATafA,Halho,tanasA,.hzbu,qads,hm,HqEsrAHEl,nagar,Hala,nagar,makAkalA,tATafu,cause
Damr,gilgAmE,Cok,smA,guabaz,gbi,HqEdarnA,naga,TuAt,tanasA,flmiyA,yqaTlAl,HqErA,balu,xaD,TaTu,wAlu,gTmiyA,zrzr,stand
mAg,yfalgu,maglax,HaTbqa,naqfawAl,gAdAfi,maTAl,nafT,Hangba,tanasA,tATAqi,kulA,Sggru,mangs,HqEmna,maTqas,tTq,maftA,fqAda,stand
darasabA,Snfa,sdst,quTr,fantA,mAncE,stbAl,HalaqA,fargusa,tanasA,fotogrAf,mAsdagaf,HqEDE,yAgaNa,mil,maglaCA,sarAC,sanbtuAl,qd,stand
wanbar,taqamTa,rEdiyo,maganA,yAz,HalgA,gAda,ln,mAstAwaSA,tanasA,tanasA,kflu,gdgdA,xa.hay,stgabA,yAsAynA,zanbAbA,`Ayna,takl,stand
zaman,qara,daraDA,mASqolqol,Damara,darg,waqt,mamaraqiyA,gAwA,tanasA,fotogrAf,sAlo,mAgECA,mahonu,qara,Hi.hHadEg,zaman,lunA,masal,stand
maCaraSA,Harafta,nagar,yAlq,smE,fanqluA,naqis,maqamaCA,zala,tanasA,gAla,CbCabA,CobE,ragaTu,HadArASu,HqEngdi,HqEgzEr,yAsAyA,takabarA,stand
naC,gabarE,marE,naTaqu,dhA,Tqur,gabarE,HakafAflAla,bla,tanasA,marE,Tqur,dhA,gabarE,Haldarasa,mugAbE,bEtasabocnA,qrb,wadADocA,cause
bA`d,HagarA,nkarAtatu,mAla,HayAskEd,dhna,HagarA,mATfA,qurTaNna,tanasA,mangHstA,sEto,wandocnA,waTAto,tawAldo,TEnA,mabtA,mAskabar,nqasAqasu,stand
`la,mStu,sa`A,mot,tanasu,tablo,tawarA,ynAgarAlu,mot,tanasA,samAy,talAku,mal`k,mAdras,gal,t`gs,krstnA,smuA,msla,stand
zalaqa,yKa,Hagalglo,`Ayna,HasgarAmi,mibAl,daraDA,mogta,tElE,tanasA,mAlatA,Halqara,qdma,kfyA,kArd,mamulA,macagar,Damar,qada,stand
maho,znbAlE,Hadisu,milini,mAswagad,hbratnA,Handna,srA,tATqo,tanasA,nurowu,mASASAlnA,hywatu,malawaT,micl,tanAgrawAl,miliniyEmu,mAdrag,zonu,cause
lidamaT,cl,lEla,mahonu,nagar,tctocAcawnA,sm,mATfA,zamacA,tanasA,gudAyo,tawasna,qaru,bAlamahonA,yAzu,zamacA,ybalT,maradA,qari,stand
tayAyzo,nasA,Hsna,mgbAr,cgr,mAswagad,taHsarA,trAnspor,zarf,tanasA,TyAqE,mkr,bEtu,tasaTa,mlA,katamA,trAnspor,polisi,maHsara,stand
mal`k,yAla,zaman,xAfu,HastayAya,bAlabE,gabru,tAraqa,rmuAl,tanasA,gudAyo,max.hafu,qadAmi,huAl,taqayara,max.hafu,mAta,Hasfalaga,max.hafu,stand
hnd,frd,bEt,gudAyA,quAC,mawsadu,taquArAC,Tafto,TyAqE,tanasA,proDaktu,hAlAfi,mlA,HalA,gnbAtA,ganzab,mtAbadra,hnd,kubAnyAwocuA,stand
naCo,ytarkAlu,HawstrAlyA,HabroDyAno,HawstrAlyA,naCo,makarA,yAyubA,tAriko,tanasA,hagarAtu,maHswA`tna,falu,makara,.hzbo,Halu,hagaritu,HqEndtAdg,hab,stand
yAza,wagu,lifata,gabA,lAqa,HsrA,manAgar,cAl,ymaslaNAl,tanasA,hasAbo,mAsradA,brhAnu,TnA,tagaNu,r`yota,`Ala,mAsAyA,honu,stand
tamasga,gabrE,gla,tArik,max.haf,HamuAmuAtA,HanagAgAri,mahonu,smA,tanasA,sawu,tArik,Hsos,`Ama,tAtama,falAsfo,gubAHE,lbolad,max.haf,stand
darsbA,cAlu,nagar,macAl,HaqAtA,HqEwna,lnSaSaws,HqEnclAla,TyAqE,tanasA,HqEwna,HqEwna,maSa,HaycAl,tnAntu,tArikA,gow,glTlT,blomawTA,stand
snTabq,musnA,HsarA,tafaTara,Had,`Al,tamalakata,guAdaNocE,CawAtA,tanasA,wadADA,zandro,Had,bAydo,Hala,grA,magA,gabtuAchuAl,Haydal,stand
hunEtA,malas,bla,`Ala,hzb,hywat,markab,maslanawAl,markab,tanasA,sunAmi,yAlu,hAsAb,mA`balo,matu,HangalAtawAtAl,dngATE,frhA,rAda,stand
masaratAwi,cgrocA,taTaqA,masaratAwi,cgro,sAlho,fil,tamalkAco,sark,tanasA,TAlu,gudAyo,tamalkA,fil,sari,wAnA,x.hfa,bEtu,Hadis,stand
bEtu,Hadis,HababA,mAdrag,nqasAqas,HikonomiyAwinA,polatikAwi,`AlAmA,yzo,tanasA,HigAd,yKE,sltu,gCto,mAsqara,lmA,mAsfAfA,law,`AlAmA,stand
HasfalAgi,frd,bEt,maksas,micAl,galxawAl,wlo,Habal,mimalaka,tanasA,TyAqE,nagar,mAlaqu,dAr,dnbaru,taTanto,HakafAfal,Hsr`Atu,Cmr,stand
wAnA,mangad,HaTagab,makinA,Hagalglo,mAqomiyA,Haydala,pArking,krkr,tanasA,HsrA,mafTar,makarAkariyA,yqarbAl,wAnA,nagar,HasfaxAminA,.hg,HarqAqi,stand
Habna,slto,mazargA,gnNuna,HagbAbocu,tamarACnA,sAbi,mAdrag,yzo,tanasA,`AlAmA,taqadA,HastasAsab,mAsrax,hAlAfina,taTlobatAl,bAlamuyA,srA,lika,stand
mAskabar,bAl,tawasada,.hgAwi,HqErmDA,glasabocu,yAzu,taqanAqA,polatikA,tanasA,tanasA,tawasada,mAsmasal,hasata,propogAndA,manzA,ygaNAlu,hagarA,taragAgaTa,stand
mAyAwlu,yKE,bakfu,lbonA,lku,cgru,HslTanA,yfalgAl,mAla,tanasA,naTb,`Aynatu,cgr,mafaTar,bawAnaNna,Taqasa,xara,SbrtaNna,.hgu,stand
takatAyo,bagadAmu,manakosA,taqasaqasa,taqAwmo,yATATAla,HaDandA,bAlA,sawu,tanasA,TyAqE,bamAla,tanasA,taqAwmo,takatlo,korporESnu,wAnA,dAyrEktar,`AbAy,stand
baHityoPyA,tElEviZ,batnAntnA,zEnA,HqEwaDA,mS,studiyo,tagaNta,bagadAmu,tanasA,TyAqE,mlA,saTu,wAnA,dAyrEktaru,`AbAy,bagadAmunA,baskuAr,proDaktu,stand
bamaqalE,bagadAmu,manakosA,taqasaqasa,taqAwmo,yATATAla,HaDandA,bAlA,sawu,tanasA,TyAqE,bamAla,taqAwmo,takatlo,korporESnu,wAnA,dAyrEktar,`AbAy,fta,stand
ganzab,HqEndEtnA,minaTaq,nbratu,ganabA,waCi,miwasd,ministru,mlA,tanasA,naTb,bAlnA,mis,bEt,biHsarunA,bAl,mistu,mAzAwar,bifalg,stand
HslAsE,zaman,takAhEdu,Hamax,HqEnqsqAsE,lyuna,qANa,.hwa.hA,yzo,tanasA,bab.hEr,tamaHsarata,gaTar,tTq,tgl,Hamax,HamAxi,talayanA,HqEwnatA,stand
HastayAya,baHabAbAlu,grA,qada,.hga,mangHsttu,Hi.hHadEg,manaSA,yzo,tanasA,polatikA,mar,maHsara,Hadrgua,maraqaqu,bahulatu,Hi.hHadEg,HamarAro,HabAbAl,stand
HamarAr,HabAlA,lyuna,tafaTara,Tornatu,batayAyAza,mahonunu,baHi.hHadEg,HamarAr,tanasA,HamarAru,gorA,fala,lyuna,Tornatu,`AlAmA,mawasa,tayAyAza,bASAgar,stand
dulA,Tanakara,brhAnu,nagA,mrCA,Hsosta,HamArAC,HaydiyoloDi,yzo,tanasA,HidEpA,liqamanbar,ldatu,HayAlE,mawanDal,mrCA,wzgbu,bataTuATuAfa,waqt,stand
xara,musnA,HaquA,yAsAdarabA,sgA,galx,baHqErgT,baHandAndocu,badgAmi,tanasA,HastayAya,HityoPyA,musnA,xadA,nac,mAla,ft.hawi,silu,bagr,stand
xara,musnA,HaquA,yAsAdarabA,sgA,galx,baHqErgT,baHandAndocu,badgAmi,tanasA,HastayAya,musnA,xadA,nac,mAla,ft.hawi,silu,bagr,Tayqu,stand
baHqEngliz,tazagADta,mamAryA,maxA.hf,b.hErasabocnA,.hzbo,quAnquA,babAlamuyA,taragomu,tanasA,tmhrt,ministEr,tmhrt,ministEr,yAwaTA,b.hErAwi,tmhrtnA,HslTanA,polisi,stand
malakatu,Habyo,maqalbas,yAskatala,cgr,HityoPyA,baHaxE,hAyla,HslAsE,tanasA,kAti,Habyo,badarg,bamaTalafu,krkr,HakAl,mahonu,`AmatA,baqo,cause
yKE,HaydiyoloDi,maTto,faTra,nagar,HawalyA,HakAbAbi,yAla,wzgb,tanasA,Hada,HawalyA,Hsr`Ata,tmhrtu,litAy,HagarA,tasmAmi,Hsr`Ata,tmhrt,stand
salAmnA,dahnna,maTabaq,hAymAno,gudAy,TAlqA,ligabA,baHqErgT,hAymAno,tanasA,.hasAb,lyuna,mangHstnnA,.hzb,salAm,dahnna,HadagA,TluAl,mAla,stand
bAwaTA,hbratasab,nagarawnnA,HsarA,nagar,ragAgaTa,mahEd,ySAlAl,zm,tanasA,warE,mAgobdad,Habro,maguAz,.hzba,muslimu,grgr,maru,HandAnd,stand
duqE,taTAla,HqEsE,tAksnA,tar,Hovar,tAks,zArE,Damro,tanasA,ganzabnA,Hikonomi,lmA,ministEr,ministEru,mAmSA,HityoPyA,zEnA,Hagalglo,stand
bEt,hAza,sAmnt,HamErikA,yAtl,katamA,manoriyA,HapArtmantA,HqEndAlu,tanasA,HqEsA,hywatA,lAlafa,Hamst,HityoPyA,los,HanDalas,gaNa,HityoPyA,stand
msgAnA,sosa,tAdAginA,Handi,waTA,HityoPyA,hywat,qaTafa,HqEsA,tanasA,HqEskA,bAytAwaq,HqEsAtu,mATfA,qadmo,darso,tamA,HqEsA,HadagA,cause
bEtakrstyAnnA,HityoPyA,makAnaHiyasusbEtakrstyA,haymAno,HabAto,haymAno,taquAmA,yqrtA,maTayaq,tanasA,mAramiyA,bEt,gaNutyadarg,bAlaslTAnA,yqrtA,daraglA,Tayaqu,masarat,mahonu,stand
ganzabnA,Hikonomi,lmA,ministEr,mAbrAriyA,Datu,TnqAqE,tazagADa,mahonunA,tanasA,tadaraga,dldl,fthAwi,mahonu,Hikonomi,masarat,hono,sAla,mna,stand
Halamahonu,ldatu,tanAgaru,hAgaritu,bAhar,yAsfalgAtAl,law,taqAwAmi,pArti,tanasA,hAsAb,mAsAkA,HqEnsarAla,yAlu,bAlafu,`AmatA,HityoPyA,gnNunatuA,bAkAhEdacA,stand
warA,yAkanAwanA,tagbArA,magamga,qaTAy,HqEnqsqAsE,lmd,mawsd,pArti,tanasA,hAsAb,tawayAyto,hgu,masaratAwi,Hamdo,mamasra,kAhEd,mkr,bEtu,stand
Halamahonu,ldatu,tanAgaru,hAgaritu,bAhar,yAsfalgAtAl,law,taqAwAmi,pArti,tanasA,hAsAb,mAsAkA,HqEnsarAla,yAlu,bAlafu,`AmatA,HityoPyA,gnNunatuA,bAkAhEdacA,stand
makanAwanu,mzgabA,waqt,marACu,.hzb,marACna,kArd,mawsad,yAsA,tanasA,talaya,mzagabA,waqt,hbratasabunA,polatikA,pArti,`Cu,tanasA,`Ayna,stand
qATalo,gmtu,miliya,br,nbra,fAbrikA,Cs,mATAriyA,kfl,tanasA,HqEsA,zArE,TawAtu,sost,Damro,qanu,sdst,dras,HadagA,cause
HawroplAnu,Hayar,mangadu,sahArA,syAmE,yAtl,mulu,mangadaNo,HasAfro,tanasA,HawroplAnu,zArE,TawA,Hadis,HababA,bolE,`Ala,`Aqaf,HawroplA,stand
sm,hga,waT,tagbAr,faxmu,HalunA,yTanqaqu,Hadaru,HakAbAbi,tanasA,drq,gudA,sAyAskatl,quTTr,sr,wAla,honlataraDi,wAnAna,mangs,stand
mahonA,HityoPyA,Hortodoks,tawAhdo,bEtakrstiyA,gadAmnA,zquAlA,tarArA,HakAbAbi,tanasA,sadad,HqEsA,mATfA,bEtakrstiyAnitu,Trat,mAdraguA,zArE,mAmSA,tasaTa,stand
tagbArAwi,mAdrag,miliya,qoTaru,HabAlA,yAluA,Hasr,vil,mAhbarA,tanasA,Tmra,faTra,mrCA,matAzab,tanqasAqasu,ygaNAlu,HityoPyA,hadAsE,mAhbar,stand
HsrA,fta,TnqAqEnA,quTTr,tagabaru,HamarArunA,HabAlAtu,HagarAwi,smEtnA,tanasA,fta,minA,tayAyAza,zEnA,dArfur,tasamArA,zur,HityoPyA,salAm,stand
bEt,hAza,sAmnt,HamErikA,yAtl,katamA,manoriyA,HapArtmantA,HqEndAlu,tanasA,HqEsA,hywatA,lAlafa,Hamst,HityoPyA,los,HanDalas,gaNa,HityoPyA,stand
msgAnA,sosa,tAdAginA,Handi,waTA,HityoPyA,hywat,qaTafa,HqEsA,tanasA,HqEskA,bAytAwaq,HqEsAtu,mATfA,qadmo,darso,tamA,HqEsA,HadagA,cause
maqaTalu,`AranA,wddr,yAqaraba,HqECu,tawadAdAri,tagadala,maTaT,bEt,tanasA,grgr,sAbiyA,mahonu,.hgAwi,mangad,takAhEda,mATArA,maragAgaTu,maglaCA,stand
makanAwanu,mzgabA,waqt,marACu,.hzb,marACna,kArd,mawsad,yAsA,tanasA,talaya,mzagabA,waqt,hbratasabunA,polatikA,pArti,`Cu,tanasA,`Ayna,stand
warA,yAkanAwanA,tagbArA,magamga,qaTAy,HqEnqsqAsE,lmd,mawsd,pArti,tanasA,hAsAb,tawayAyto,hgu,masaratAwi,Hamdo,mamasra,kAhEd,mkr,bEtu,stand
katamA,HqEnAtocnA,hxAnA,mot,maqanas,saTa,dgAf,maCamar,minor,tanasA,mawsad,gudAyu,wyytnA,wsAnE,yAqaraba,zandro,budn,smnt,HabAl,cause
saw,hAyl,srA,bAhlnA,sna,mgbAr,daraDA,mAsAdag,zarf,tanasA,zagADu,yAlu,Hawda,r`yo,zarfu,Haq,maraDA,saTunA,HqEdga,stand
nagAgaru,zuriyA,HaqTACA,samA,HastayAya,HabzA,misTirAwi,maraDA,mawTA,tanasA,taqAwmonnA,quTA,galxu,HqEsrA`Elu,TaqlAy,ministr,saTu,HastayAya,yat,stand
mimasl,konkri,hnxA,gAdAfi,quTA,targafagafu,HaranguAdE,hgamangstA,TAqasu,tanasA,frdu,mot,silu,tlA,tElEviZ,masko,bq,sAylu,slk,cause
hAlAfinatu,migabA,yAltawaTA,prEzida,turE,mangHs,samEnAwi,hagaritu,fil,tanasA,tuwArEg,`Amax,mAbqA,bAlamacAlu,mahonu,dEmokrAsinnA,mangHs,mamaHsra,`AmAxyAnu,stand
wadi,basfAtnA,bataTanAkara,hunEtA,tagabara,migaNa,lmAtAwi,mangHs,flsfnA,tanasA,HascagAri,mahonu,balAy,mangHs,faqAdaNna,lEla,bAlamuyA,galaxu,baHahunu,stand
Hikonomi,taTaqAmi,daraga,Hikonomi,stqoTATar,sawu,manor,kAlA,gugu,tanasA,Tga,HastasAsabA,bamAla,gabru,HasrA,pArtiyA,lmAtnA,dEmokrAsi,tasAsarunA,stand
bayazamad,HazmAdu,bEt,tawasadu,bataCamAri,HsrA,fdA,bEt,mrE,tanasA,miyATafu,riporto,HityoPyA,Camro,Hagaro,zEgocA,libAnos,HqEndAyhEdu,klkalA,stand
.hga,mangHstu,batawasana,daraDA,qArannA,trgumo,mac,kfta,slAla,tanasA,baHafaxAxa,zEgo,gudA,.hgu,tagbArAwi,bahuAlAnA,.hg,sawu,madANa,stand
wanDala,maqCA,.hg,`AlAmA,daraq,wanDal,madANa,SbrtaNna,polatikA,tanasA,yAla,wanDal,SbrtaNna,btwasda,manaSA,polatikA,mAdrag,mfalga,nagar,stand
mfalga,nagar,nagar,mfalga,nagar,baHamax,HadargawAla,kAla,polatikA,tanasA,yAla,wanDal,nagaro,mAyTATAmu,makarA,polatikA,tanasASna,yAla,drgi,stand
.hgu,liqaTA,HqEskamo,yAdars,maqCA,Hala,liqaTA,nagar,polatikA,tanasA,yAlA,glasabo,honu,drDto,TfA,faxAmina,HqEndAySagAgaru,.hga,mangHstu,stand
`Ala,Haqaf,sabHawi,drD,miqaTlu,`AmatA,baqi,mgb,bAlamAgNa,tanasA,`Ala,Haqaf,daraDA,miliyo,.hxAnA,HakAlAwi,HqEdga,liqAwas,mAcl,stand
mAmanCA,gnbAtA,`qd,fta,gb`AtnA,Haq,maho,cl,HafaxAxa,tanasA,HElEktrik,hAyl,taTaqAmi,gaTar,qabalE,mAdras,cAl,danbaNo,quTr,stand
hlinA,mAstAwasE,fta,HaqmnA,mamAr,flAgo,noruA,HqEdlu,TabAbna,tanasA,hlmA,mangad,qara,HandAnd,bAlnDarocE,lbE,bAznmzArE,lDocA,brhA,stand
hono,malasa,nAgaru,mAstAwaSA,wasada,saw,mAstAwaSA,HawasAsadu,manfas,tanasA,saw,gudAyu,HanSawArro,matargo,cl,fata,yAhl,qn,lbonA,stand
bAqaraba,zagabA,HityoPyA,mangs,mAnA,Hinvastmanto,TankArA,tadarAdAri,mahonu,tanasA,HagarnnA,hzb,gudA,dArg,smmna,Hayfax,Hahunu,waqt,bAlahAbto,stand
stops,HintarnASnAl,HityoPyA,maganzab,blu,stAr,mil,lyu,maTariyA,tanasA,gl,TEnA,taquAmA,raDa,gizEnA,zalAqi,xns,makalAkayA,zadE,stand
far`o,fArsu,nguHs,kAmbisas,lDu,gAbcA,masTa,HqEmbi,mAlatu,tanasA,Torna,takafto,tazagaba,tArik,Hala,yAsA,HafriqA,nagaHstA,Tntu,stand
`Aynatu,HsrA,takanAwanabA,qaTAnA,somAliyAnA,HErtrA,gaNu,HafrikA,qand,tanasA,HafrikA,qand,lmAtnA,`dga,mAnaqo,honu,cgro,mrmro,takanAwnawAl,stand
mayAzu,rahA,waqt,TankArA,taqAwAmi,hAylo,mAdAkamunA,tazarazaru,mknyAto,tanasA,HisAyAs,mangHs,Tankro,limuAga,cl,taqAwAmi,hAyl,lifaTar,HalcAla,stand
nafs,mATfA,wanDal,taTarTra,polis,quTTr,sr,wAlu,HqEsraNo,tanasA,xab,hywat,mAlafu,mnCo,Hamalakatu,.hararE,kll,polis,komi,stand
zamanu,m`manA,Hahunu,maganA,mangad,bAlbalaxaga,zaman,`mnatA,xnA,tanasA,snqA,HqEgrA,warAtnnA,`AmatA,HadkAmi,guzo,Hadrga,rusAlE,midaraga,stand
saw,gadluAl,mskrna,saTa,tAwquAl,tanasA,dbdb,tanasto,gadAy,tanasA,fta,gudA,yAdarasa,wadiyA,hkmnA,hospitAl,biwasad,qanA,hywatu,stand
mnCo,tanAgrawAl,klkl,ylAl,HagAfAri,SAw,wazAdar,Haydalu,bluAl,tanasA,HsrA,qaqa,Habra,ysaru,HsrA,bAldarabocu,HabzANocu,waqtu,tagadalu,stand
HqEndAtgabA,sil,TbaqA,nagara,TbaqA,mamariyA,taqabla,Tabaqu,wfratA,tanasA,gbi,makinA,magbiyA,limolu,qarA,TbaqA,HasAcA,sa`A,yAci,stand
srA,HaTna,honuAl,mangs,sanazaru,HandAnd,tcto,mararu,mahonA,tanasA,yAsdanagTAlu,Sbr,TqA,musnA,HadagA,ybsbnAl,tctnA,taqAwmo,stsamu,stand
tArAmi,kAhu,tamasAsAy,drgi,faxmo,yAwqAl,xaba,HawAki,bAhry,tanasA,HabEtutA,qarbo,yAwqAl,mAramiyA,bEtu,talaya,manqasAqas,naxAnatnA,Hagalglo,stand
mAmlak,mafrA,dars,Tg,tafaTro,maTa,yAlafa,maTlA,TlAcA,tanasA,tafaTro,hg,marA,hono,tafaTro,mAwda,mamokar,ZwAZwE,taqArAni,stand
dolAr,waCi,dArg,HamatA,zalq,Torna,ydArgAl,mil,gmtA,tanasA,cAynAnA,rusiyA,HalamHaqaf,salAm,waku,roytars,mil,r`s,bAqaraba,stand
Tqur,fil,bAlamuyA,masrA,HqEdl,bAlaslTAnAtnA,fil,kubAnyA,nqatA,tanasA,Tqur,hzb,yAwqu,nagar,lam,sil,Tqur,HamErikA,fil,stand
HasgarAmi,nagarA,prEzidA,sAdA,husE,zaman,HirAq,HsrA,HqETo,tanasA,.hkmnA,doktrE,daraDA,tamaraqu,sawu,HqEndAltamAra,saw,zqta,mamaza,stand
gnzAbE,mAsfA,HasfalAgi,mahonu,tAmnobatAl,hbratasabu,gnzAbE,mATA,mknyAto,tanasA,TEnA,taquAmA,yAlamaTaqa,hunEtA,HakuwAyA,TEnA,taquA,Hagalglo,flAgo,stand
guandar,guAz,HabAy,rahA,gadal,gabA,skAy,HadagA,Hawtobsu,tanasA,HqEsA,tafaqadala,fTna,maSkarkaru,mahonu,HoromiyA,polis,waradA,polis,stand
Taqsu,Habra,maho,kAlA,fqr,miho,mATA,mifaTarbA,frhA,tanasA,ySAlAl,mAla,yhE,HadagA,miho,lb,HslTA,maqoya,miTaqasu,cause
HityoPyA,magzA,b`r,HaTATAl,HaTATAl,yAltamaca,HihHadEg,bazA,mAdnaqA,tanasA,hAq,mafAtA,dAr,dAr,mAlatA,HqEra,hga,mangstu,sAyzanagu,stand
Tabaqo,trAnspor,cgr,HqEndAlabAcawnA,HandAnd,waCi,kisA,mAwTA,migadadu,tanasA,HsrA,malqaq,faqAd,HawTta,gl,TbqnA,HsrA,bAlamuyA,quTr,stand
HalamAya,galAgAy,taxAfa,xhuf,wAnA,maSkarkariyA,r`sa,gudAyA,Hadrga,tanasA,tagalabAbAC,darAsi,daha,Tqitocu,darAsiyA,staqar,HabzANocu,darAsiyA,gulbatA,stand
Haby,zamanu,m`manA,Hahunu,maganA,mangad,bAlbalaxaga,`mnatA,xnA,tanasA,snqA,HqEgrA,warAtnnA,`AmatA,HadkAmi,guzo,Hadrga,rusAlE,midaraga,stand
SAw,wazAdar,tanasA,HsrA,Habra,ysaru,HsrA,bAldarabocu,HabzANocu,tanasA,tagadalu,gAzETa,sbhA,gabraHqEgziHab.hEr,lyu,b`r,zar,zarAbA,gAzETAnA,cause
HazagADu,HqEndAtgabA,sil,TbaqA,TbaqA,mamariyA,taqabla,Tabaqu,wfratA,tanasA,gbi,makinA,magbiyA,limolu,qarA,HasAcA,sa`A,yAci,sb.ha,stand
macAlA,galTa,lTu,Hadis,tamAri,mamAr,HqEdl,mAgNatA,kfl,tanasA,HakAbAbi,waTAto,mamAr,HqEdl,sAyAgaNu,maqoyatA,drDtu,yAdaraga,dgAf,cause
wadamigaNa,dilAnA,HawAsA,maguAz,mamAr,ygadadu,tamAri,Haq,mAnas,tanasA,tmhrt,yAquArTu,galTa,mangs,bAdaraga,Trat,waradA,yAzna,`Ama,stand
mgb,HqETra,tmhrtA,HqEndAyAquArTu,mAgaz,Hamalkata,tamaTATana,mgb,HqETra,tanasA,hxAnAtu,gaTmA,baStA,makalAkal,mahonu,progrAmu,yAsfalga,mgbnA,qusAqus,stand
tmhrt,bEt,bAlamanoru,qada,sil,HandAnda,tamAri,Haq,mAnas,tanasA,tmhrtA,yAquArTu,.hbratasab,gnbAtA,gul,dgAf,mAdrag,HqEnqsqAsE,mahonu,stand
sEt,tamAri,ganzab,dgAf,yAdarg,maqoyatu,Hamalkata,Haq,mAnas,tanasA,tmharatA,liyAquArTu,Harbto,Hadar,lDo,taqablo,fta,daraDAnA,yunvarsti,stand
sEt,tamAri,ganzab,dgAf,yAdarg,maqoyatu,Hamalkata,Haq,mAnas,tanasA,tmharatA,liyAquArTu,Harbto,Hadar,lDo,taqablo,fta,daraDAnA,yunvarsti,stand
progrA,bAlamuyA,dinsA,dugumA,HityoPyA,zEnA,Hagalglo,galaxu,cgro,tanasA,madaba,tmhrt,mAgNa,yAlcAlu,sawu,bAlafu,warA,madaba,yAlhona,stand
HqEndris,tanAgrawAl,DDgA,daraDA,tmhar,bEt,Hahunu,mamAriyA,kflo,tanasA,kfl,tamAri,mimAru,tagalTuAl,mangs,sumAlE,kll,tmhrt,masfAfA,stand
`Ala,Haqaf,sabHawi,drD,miqaTlu,`AmatA,baqi,mgb,bAlamAgNa,tanasA,`Ala,Haqaf,daraDA,miliyo,.hxAnA,HakAlAwi,HqEdga,liqAwas,mAcl,stand
nora,tax`no,madAsas,Hsostu,Hagaro,tEknik,komitE,quAquA,qdmiyA,tanasA,mawsaduA,quAquAma,galalta,komitE,tafAsas,HagarA,gdbu,linora,cla,cause
mAmanCA,gnbAtA,`qd,fta,gb`AtnA,Haq,maho,cl,HafaxAxa,tanasA,HElEktrik,hAyl,taTaqAmi,gaTar,qabalE,mAdras,cAl,danbaNo,quTr,stand
saw,naTala,mAsAdad,Damara,xara,saw,HadagA,saw,zar,tanasA,sfA,tasfAfA,maTA,saTawnA,qadma,sAnnaqAnA,sAnzagAD,saw,lD,stand
hlinA,mAstAwasE,fta,HaqmnA,mamAr,flAgo,noruA,HqEdlu,TabAbna,tanasA,hlmA,mangad,qara,HandAnd,bAlnDarocE,lbE,lDocA,brhA,tamolA,stand
bAqaraba,zagabA,HityoPyA,mangs,mAnA,Hinvastmanto,TankArA,tadarAdAri,mahonu,tanasA,HagarnnA,hzb,gudA,dArg,smmna,Hahunu,waqt,bAlahAbto,HqErSA,stand
.htma,slto,mazargA,gnNuna,HagbAbocu,tamarACnA,sAbi,mAdrag,yzo,tanasA,`AlAmA,taqadA,HastasAsab,mAsrax,hAlAfina,bAlamuyA,srA,lika,miclbAcawu,stand
bAl,tawasada,.hgAwi,HqErmDA,glasabocu,yAzu,taqanAqA,polatikA,HaquA,tanasA,tawasada,mAsmasal,hasata,propogAndA,manzA,hagarA,taragAgaTa,.hgAwi,polatikA,stand
mnTaqa,kompiyutar,fabarak,taHamr,HasaNto,mknyAtu,maDamariyA,kompiyutaro,gzufnatA,tanasA,botA,botA,mAnqasAqas,HadAgA,kompiyutarocu,maTaqa,yAsfaru,mthatnA,sayTAnAwi,stand
sab`Awi,mabt,dngAgE,biyz,goDi,lmAdAwi,drgitocnA,huAlAqar,HamalakAkato,tanasA,mabt,Tsato,mitAyu,HasmAru,mAsqara,gnzAbE,mAsCabaCA,srA,taTanAkra,cause
HalutAwi,tax`no,sAdara,mangHs,bAlamuyA,sfA,salaTana,cgru,sfA,tanasA,kAti,HasrA,hospitAl,bAlamuyA,HascagAri,hunEtA,binoru,tawasana,cgru,stand
mAstawAwaq,fta,TaqamEtA,progrAmu,Tndocu,mAhbarasabAwinA,HikonomiyAwi,hunEtA,yAlamamacAca,tanasA,gAbcA,mafaxa,yAqAtA,madagaf,gAbcA,hEdu,mAdrag,kAhEda,mil,cause
raSid,`sE,tAks,gabi,migabA,masabsabunA,hbratasabu,gbr,TaqamEtAHawqo,tanasA,gdEtA,waqtu,mawaTA,gbr,makfalu,gabi,HamnA,liCamr,macAlu,stand
lDo,mAhbarAwi,wAstnA,mAragAgaT,lmA,mAfATa,minora,gul,fAydA,tanasA,hAgarA,tafarAraqu,HsrHato,wTEtAmA,bAyhonlA,polisi,qarxa,HsrHa,zargta,cause
budnu,Hawtobs,tasanazara,TqA,wddru,HanAkAhid,mAla,wddru,mAglalu,tanasA,HafrikA,HqEgr,kuAs,konfEdErE,budnu,zandrownA,miqaTla,`Ama,mikAhEdu,stand
HafaxAxamnA,wTE,matAyatu,hab,HsrA,zuriyA,Harso,Hadaru,yAsA,tanasA,rbrb,tasfA,saCi,mahonunnA,Trat,mAsqaTal,HaCr,tarAqotu,HakAbAbi,stand
HagarA,HqEndAlu,Hamatu,sahArA,bAlu,HagarA,gaNu,HqEnAto,walid,tanasA,hlfa,tawasada,nAmunA,TnA,Hamst,Hama,gaNu,hxAnA,mot,stand
maqaTalu,`AranA,wddr,yAqaraba,HqECu,tawadAdAri,tagadala,maTaT,bEt,tanasA,grgr,sAbiyA,mahonu,.hgAwi,mangad,takAhEda,mATArA,maragAgaTu,maglaCA,stand
tamasaratabA,ft,ministEr,Hama,HoromiyAnA,bEnSAngul,gumz,HagorAbA,waradA,tanasA,gC,tasAtafu,glasabo,zar,mATfA,wanDal,Camro,Hamst,wanDalo,cause
maglaCA,Hakla,HandAnd,HakAbAbi,yAlu,maTana,cgro,gnzAbE,mAnas,tanasA,tabla,tafaTaru,HqEndAlhonuba,tAzAbi,budnu,HabAlA,tagaNubA,mrCA,TAbiyA,stand
yAdarg,dAyrEktaru,yhunnA,HakAbAbi,whA,HqETra,makasatu,cgr,gaTama,tanasA,proDaktu,yTanAqaqAl,tablo,tAqada,mazagyatu,qari,HsrA,qalAl,mahonu,stand
HqEwn,mAdrag,tkura,saTto,faTA,wTnA,HikonomiyAwi,`dga,qorTo,tanasA,hagarA,hzb,lmA,HqEnqsqAsE,frEyAmA,mAdrag,yAscl,fta,bqA,stand
HalcAla,makinA,walal,lDu,tAqafa,nqa,HqErmDA,takafata,nqatu,tanasA,naDi,mamalka,hzb,hab,hab,HagbasbAsocu,qanA,law,hzbAwi,stand
silu,mamhrAnu,slk,yAgaNanA,HandAnd,r`sAna,mamhrAnu,HsrA,HadmA,tanasA,tmhrt,maquAraTu,hunEtA,mAstakAkalnA,maCi,saNo,mamhrAnu,HsrA,gabatA,stand
gnNuna,tkkla,mangad,mAskEd,yAsclu,tubo,lAyfaTarulA,masmar,mknyAto,tanasA,gudA,darasa,zar,fasA,tkkla,fTnatnA,maTa,wadasEtuA,bl,cause
gaNa,mnzArE,mAsAdag,cgro,cgro,qodA,TrA,TrA,maguAdal,tanasA,TrE,qodA,mAsga,tamokara,qodAnA,lETo,TrA,maguAdal,mato,stand
bAryA,ngd,HamaTAT,mamalas,HandAnd,naCo,tasAsAtA,HafriqA,HqEwuqa,tanasA,Tayaqu,TyAqE,rlinu,wakilA,ylmA,hAylamikAHEl,maxahAfu,darAsi,honu,stand
mrCA,qaTAnA,marAC,dmx,liyAga,tanasA,qaTAnA,kASanafa,pArti,tanasA,manbar,qaTAnA,hulataNAnatu,botA,mayAz,HazmAmAmiyA,kAy,gaNawu,zabta,stand
TrTArE,budn,mrCA,yAwaTA,zagabA,HityoPyA,mangs,hbratu,yAwazAgb,tanasA,zandro,mrCA,matAzab,hagaritu,gaNa,hbratu,budn,minA,tamalakata,cause
zanagA,wadafrd,bEt,mahEdu,mAhbaru,liqamanbar,HikAl,HangElE,proDak,tanasA,kEnyA,hywat,HadagA,gabA,galaxa,mAhbaru,kEnyA,Hityo.dyA,darasa,stand
HafriqA,hbra,salAm,HaskabAri,hAyl,Smq,tawAgi,misanazar,TqA,tanasA,tal`ko,mAkanAwanu,tagbAru,HqEkl,HqEkl,gaTama,mahonu,hbratu,?,stand
fEStA,takalakala,mangs,HanxAr,HalyA,budn,tayAyAza,Sari`A,hg,tanasA,takalakala,saw,hunEtA,tAlAq,qan,mazakar,HalamacAlu,talay,somAliyA,stand
taquAmu,kominikE,bAlamuyA,`Ali,fAkari,milu,qodA,qala,lyuna,tanasA,klkalA,daragAbA,nEpAlnA,Hityo.dyA,maTu,bEt,HsarAtaNo,?,?,stand
sEta,HadAri,nAyDEriyAwi,skE,yhunnA,mAma,frAnkfar,sEta,HadArina,tanasA,tagodA,nAyDEriyAwi,cm,mAla,hga,waT,sawu,zwwr,sAbiyA,stand
naxA,tmhrt,`dl,saTa,`dl,tasaTa,daraDA,tmhrtA,cgro,tanasA,mifalgu,Tru,daraDA,mAdras,lAlcAlu,sEt,tamAri,HamErikA,gbrasanAy,stand
mA`ragA,SAra,wadi,polatikAwnA,HakAdAmi,zarf,gaTamA,brtu,gfi,tanasA,marAhita,mangs,HangElA,mErkl,wadADna,manfas,bAdaragu,wyy,polatikA,stand
hagaro,maqabalA,biyAstAwqu,qAlA,HalamaTabaqA,hbratu,prEzida,ZAn,ping,tanasA,hbratu,britAnyA,libiyA,makr,naga,TarA,sbsabA,mAykAfal,ZAn,cause
wAtArA,HabiDA,bEtamangs,mag,diplomAsiyA,Trat,bilu,bAgbo,HqEmbitaNna,tanasA,HqEsA,hagaritu,maragAgA,sAyclu,maCaraSA,HalAsAnE,wAtArA,dagAfi,honu,stand
ysaT,frAnkfar,Hityo.dyA,quAnquA,ysaTu,doktar,gEtE,galA,mknyAto,tanasA,lElocu,tamo,Hityo.dyA,TnA,HsrA,tadAkama,bimaTA,hamburg,yunivarsiti,cause
Tru,yAlhona,masarata,lmA,cgrnA,baqi,yAlhona,tmhrt,Haqrbo,tanasA,Hagaro,Halam,Haqafu,mr,taTaqAmi,lihonu,HalcAlu,bAlamuyA,HagalAlax,stand
mahonu,hagar,hagar,mgb,magtA,bEtasaboC,cgr,maTA,san,tanasA,HandAnd,hagaritu,nawAri,qan,HandE,mamagab,tagadadu,mgb,mAgNa,stand
quTTru,mATbaq,HafriqA,sdataNo,HawropA,gabu,mangad,Tababa,hEduAl,tanasA,kAlafu,`AmatA,wadi,HawropA,darsa,sdata,quTr,qanasa,HafriqA,cause
gaNa,dAdAb,sdataNo,maTalayA,TAbiyA,waqtu,miyAstanAgda,sdataNo,bzA,tanasA,`Ala,maTalayA,TAbiyA,sost,mato,samAnyA,saw,HityoPyA,drq,stand
taguAdalu,drgi,sAwdi,mangs,HakrAri,HqEslmnA,wAhAbiz,r`yo,taTayAqi,tanasA,maskara,TqA,TAlu,sAwdi,tawalADo,maho,Tabab,yAhl,?,stand
hono,vlu,mAhbarasab,HandAnd,mabt,tamuAgAco,taqAwmo,kAsamu,hgu,tanasA,tAnzAnyA,yugAndA,kEnyA,zArE,dras,xara,Sbr,hg,`Ala,stand
Haf,tanaTqo,tawasada,HonA,gAbo,mifaxama,sab`Awi,mabt,ragaTA,tanasA,hagar,`Abiy,spor,wddr,mAstanAgad,bAltaga,HqEgr,kuAs,budn,stand
bAlamawsadu,gdyA,HqEskA,soryA,sawu,qaTala,gdyA,liyAsqoma,yAsAfr,tanasA,turk,dnbar,gaNu,soryAwyAnu,sdataNo,HqEDA,HaTAmra,maqamaT,mAyfalgu,cause
dalal,hEdu,krstnA,HqEmna,takatAyo,bAlafu,HsAmntA,tamAytu,qaw,tanasA,Habuna,pitar,HEbEdEro,maru,Hsr`Ata,xalo,saw,Habunu,m`manA,stand
mASagAgaru,srA,tabAbaru,m`rAb,HafriqAwyAnu,HacAwocA,tbbrA,ganzab,kokEy,tanasA,qalAlu,mAygama,kokEy,maTa,m`rAb,HafriqA,hbu`,SyAC,`Am,cause
HanA,talk,nAgaru,skEtAmA,TankArA,yhunnA,tasfA,linora,mknyAto,tanasA,bago,HastasAsab,HaCr,yAgaNa,soriyAwi,salAm,yAlu,sawu,Hamaxu,stand
dANo,damoz,tmhrt,bEto,hunEtA,bATaqAlAy,nuro,hunEtA,tabalASa,tanasA,HEnrikE,rozA,Tor,hAylu,dgomA,tasaTa,yAla,hunEtA,HaTbqa,stand
tal`ko,bqA,godala,mangHs,prEzidantu,HslTA,mAwrad,hAlAfinatu,marakab,tanasA,HqEHaHa,magAbi,`Am,Damro,qaTAyocu,rmDA,Hadis,danb,waTA,cause
HababA,yunivarsiti,flsfnA,tmhrt,digri,tamaraqa,waTAtu,HakAl,gudAtaNnatE,tanasA,HqEskA,srA,mAgNa,HalcAlku,sil,mrEtu,gudAyu,malakatA,sarAta,cause
hAyAl,mangHs,yAl,HqEHsrAHEl,`Ala,salAm,HsgA,maTAl,gTmA,tanasA,HqEHsrAHEl,hagar,minstEr,grAs,wadahagar,HqEndAygabu,`gadA,HqEHsrAHEl,mangHs,cause
minstr,HamErikA,tafokAkAriyA,HanxAr,mTAnE,hab,mhur,HafriqAwinatAcawnA,sEtnatA,tanasA,`Ala,lmAtnA,bdr,saCi,drD,`Ala,bAnk,maru,falagu,stand
hbra,HawropA,hbra,turk,yAkl,hagar,taqablo,maquAquA,cl,tanasA,maDamariyA,Sangal,ngd,tssr,HqEndAlA,norwEy,Hayna,taqabAyna,flAgoto,stand
