Lcontext10,Lcontext9,Lcontext8,Lcontext7,Lcontext6,Lcontex5,Lcontext4,Lcontext3,Lcontext2,Lcontext1,target word,Rcontext1,Rcontext2,Rcontext3,Rcontext4,Rcontext5,Rcontext6,Rcontext7,Rcontext8,Rcontext9,Rcontext10,class
sawu,sgA,naxA,bamaho,ganzabA,mAsqamaT,yat,yAla,bAnk,`Ayna,Hala,HabzA,Handi,Hagar,bAnk,tabAla,TarA,baHsalaTana,`Ala,`Aynatocu,bAnko,say
glbaTA,gudAy,polisi,HakAl,Hadrgo,mimalaka,HamErikA,mangHs,maHsaratAwi,lyuna,yAla,maglaCAwTaqlAy,ministr,malas,zEnAwi,bagudAyu,lAy,HamErikA,mangHs,batawayAyu,yAqarabu,say
bazA,dahA,habtAmumyatAcumyalAyumtarA,sawmbAlaHslTAnu,TqmA,Tq,Hagar,misTr,yAwaTAnA,SaT,Hala,gl,Tq,Hagar,kbr,yAwArd,Hala,gl,flAgo,mArkA,TalA,live
Tq,Hagar,kbr,yAwArd,Hala,gl,flAgo,mArkA,TalA,salaf,Hala,gl,Tq,HityoPyA,godAkaHityoPyA,naTaqa,zEgA,HasAlfo,saT,Hala,lEla,live
yAla,Haq,yAsmakAl,HityoPyA,HqEdgatnA,lmA,wl,fta,habtnA,HqEwqa,Hala,snl,gnhabtunnA,HqEwqatu,Hagar,lmA,HqEndAywl,yAdargu,HqEnqfAto,mAla,Haydala,say
sAyhonbaHagaritu,lmA,lAy,HqEndAysAtaf,yAdarg,Hi.hHadEg,TalA,bloHityoPyA,HatAlmu,taqAwAmi,Hala,HityoPyA,TfAtnA,wdqa,mimaNu,hAylo,salaf,Hala,baqrbu,ba.hgAwi,mangad,live
waTA,gaZ,yhonAl,tamA,qaru,yATafAlHamAlEq,Hayto,ymasl,Damar,hm,Hala,HamAlEq,Ha.hzAb,HalaqA,fxAmE,TfA,ymaTAlqEnA,Hayto,ymsl,Damar,hm,say
HamAlEq,Ha.hzAb,HalaqA,fxAmE,TfA,ymaTAlqEnA,Hayto,ymsl,Damar,hm,Hala,mAdariyA,xanA,goDo,baHambA,lAy,taHsartoHal,HahyAnA,HayA,Dbo,maSto,say
HadabAbAy,wadamiqamaTu,SmAglE,hEdA,wArsA,baHqEsrAHEl,wandmu,sm,mAqo,HqEnbi,Hala,linor,wadada,tbalAcawyakatamA,SmAglE,Tarta,yTayqu,qomo,Haga,wadd,bil,say
HamorA,nguHs,sEwo,malHqEktaNo,lAkusEwo,HqEsrAHEl,bamdru,lAy,yAlf,HqEnbi,Hala,sEwo,.hzbu,sabasaba,HqEsrAHEl,mawgA,mdra,badA,waTA,yAhax,maTA,say
lAy,batana,HqEsrAHEl,lDo,HaTaTAwmusE,Haro,tAlAq,hATiHa,tAmaTA,.hzb,Hala,Haro,Hala,gEtA,quTA,HayqATal,.hzb,kfA,wadd,tAwqAlahHqErsu,gbx,say
lEla,SlmAto,saTA,waTurEkard,sabaruslatabAbarutArik,qayarumnu,qTukaSlmAtu,SEru,SEr,khA,Hala,zamanA,`Eli,Tncal,HayAto,tawadAdra,lAy,baHsarA,tankol,mASanaf,tacAlawHandu,say
samAynnA,mdr,faTaramdr,bAdo,HandA,CalamA,baTlqu,lAy,HqEgziHab.hErmbrhA,yhu,Hala,brhA,honaHqEgziHab.hEr,brhAnu,malkA,Haya,HqEgziHab.hEr,brhAnnnA,CalamA,laya,?,say
Hala,mAtA,honaT,qanHqEgziHab.hEr,bawho,Tafar,yhu,bawhAnA,bawhA,ykfal,Hala,HqEgziHab.hEr,Tafar,Hadaraga,Tafar,batAcnA,Tafar,balAy,yAlu,who,laya,say
HasAlfAla,HqEgziHab.hEr,sm,HawDAla,yqr,mla,yqr,HqElAla,mmra,HqEmrAla,Hala,saw,Hayto,HaydnmnA,fitE,mAya,HaycAl,Hala,HqEgziHab.hEr,Hala,sfrA,live
HsalaTnu,brhAnnnA,CalamA,layu,HqEgziHab.hEr,malkA,HayamAtA,TwA,HarAta,qanHqEgziHab.hEr,Hala,whA,.hyA,nafs,yAlA,tanqasAqASo,tAsga,wafo,mdr,balAy,samAy,live
HqEnssA,waganu,marE,tanqasAqASo,waganu,Hadaraga,HqEgziHab.hEr,malkA,Haya,HqEgziHab.hEr,Hala,saw,bamalkA,msAlEHa,HqEnfTar,bA.hr,`AHsocnnA,samAy,wafo,HqEnssAtnnA,mdr,say
gzuHa,bA.hr,`AHsocnA,samAy,wafo,bamdr,lAy,nqasAqasu,gzuHa,HqEgziHab.hEr,Hala,mabl,yhonA,bamdr,lAy,zaru,baHqErsu,yAla,.hamalmAl,zAf,frE,say
nagar,malkAmnnA,miyAstAwqa,zAf,HatblA,babalA,qan,mot,tmotAlahnAHqEgziHab.hEr,HamlAk,Hala,saw,malkA,Haydala,radA,HqEnfTarlatHqEgziHab.hEr,HamlAk,mdr,HarAwitnnA,samAy,wafo,say
HamlAk,HadA,wasadA,HaT,sEt,Hadrgo,HsarA,HadA,HamaTA,HadA,Hala,HaT,HaTntE,HsgA,HsgA,wand,tagaNtAlacnA,sEt,tbAlslazi,saw,HabAtunnA,say
Hala,bagana,kAla,zAf,frE,bagana,kAla,zAfu,frE,HqEgziHab.hEr,Hala,HqEndAtmotu,Hatblu,HatnkutmHqEbAb,sEtitu,HalA,mot,Hatmotu,babalA,qan,`AynocA,say
mistu,HqEgziHab.hEr,HamlAk,bagana,zAfo,taSaSaguHqEgziHab.hEr,HamlAk,HadA,Tarto,HalawHqErsu,Hala,bagana,dmx,samA,`rAqutE,farA,taSaSaghumHqEgziHab.hEr,Hala,`rAqu,HqEndAtbalA,kAzaz,live
saTaKa,sEt,zAfu,saTacNnA,balA,HqEgziHab.hEr,HamlAk,sEtitu,yAdarag,mndr,HalA,sEtitu,Hala,HqEbAb,HasAtaNnA,balAhuHqEgziHab.hEr,HamlAk,HqEbAbu,Hala,slAdarag,HqEnssA,live
HqEgziHab.hEr,HamlAk,HadAmnA,mistu,qur,lbs,HadaragalA,HalabasA,HqEgziHab.hEr,HamlAk,Hala,HadA,malkAmnnA,mAwaq,HqEDu,HqEndAyzaragA,.hywa,zAf,wasdo,HqEndAybalA,zalAla,live
Cnq,HabazAla,baCnq,twalDAla,faqAd,bAl,yhonAl,gaZ,yhonAl,HadA,Hala,st,qAl,samtahAlnA,HqEndAtbalA,kAzaz,zAf,baltahAlnA,mdr,tanaHsA,taragama,say
mistu,.hEwA,Hawaqa,xanasa,qAya,walada,wand,lD,HqEgziHab.hEr,HagaNa,Hala,wandmu,HabEl,walada,HabEl,bag,TabAqi,qAya,mdr,yArs,?,live
Hala,bamEdA,sAlu,qAya,bawandmu,baHabEl,lAy,tanaHsA,gadalawmHqEgziHab.hEr,qAya,Hala,wand,HabEl,Hala,HalAwq,wandmE,TabAqi,Hala,wand,damu,dmx,live
mdr,HasAdadKa,HqEsawarAla,bamdr,lAy,kuablAynA,taqbazbAZ,HqEhonAla,yAgaNa,ygadlaNAlHqEgziHab.hEr,Hala,HqEngdi,qAya,gadala,HqETf,ybaqalbatAl,HqEgziHab.hEr,qAya,yAgaNa,HqEndAygadla,mlk,say
manfasE,lAy,zalAla,Haynor,HsgA,nawnA,zamanocu,mato,`Ama,yhonAlu,Hala,warA,nEfili,bamdr,lAy,HqEgziHab.hEr,lDo,saw,sEto,lDo,bAgabu,say
lAy,HaTafAla,saw,HqEnssA,tanqasAqA,samAy,waf,dras,faTarhuA,taxaxcEHalahunA,Hala,noh,baHqEgziHab.hEr,mogas,HagaNayanoh,twld,noh,batwldu,xAdq,fxu,saw,say
mdr,Haya,tabalASa,HsgA,bamdr,lAy,mangadu,HabalASto,nabarnAHqEgziHab.hEr,noh,Hala,HsgA,fxAmE,bafitE,darsoHal,tanaHsA,mdr,bagf,tamoltAlacnA,mdr,HaTafAcawAlahukagofar,live
yAlu,tAlAlAqo,tarAro,taSafanuwhA,lAy,HaHsrA,Hamst,knd,kaf,kaf,Hala,tarAro,taSafanubamdr,lAy,HsgA,yAla,nqasAqasa,wafu,HqEnssA,HarAwitu,bamdr,say
wasada,bamaHsawyA,lAy,maHswA`,HaqarabaHqEgziHab.hEr,malkAmu,ma`AzA,HaSatata,HqEgziHab.hEr,balbu,Hala,mdr,dAgma,saw,rag,saw,lb,HasAb,tAnASnatu,Damro,nawnA,say
dAgma,baTfA,whA,HayTafA,mdr,mATfA,dAgma,TfA,whA,HayhonmHqEgziHab.hEr,Hala,bAla,ba.hyA,nafs,zalAla,mAdarga,qAl,kidA,mlk,qastE,badamanA,say
zalAla,qAl,kidA,mAsab,HayAtAlahuHqEgziHab.hEr,noh,bamdr,lAy,baminor,HsgA,bAla,yAqo,qAl,kidA,mlk,Halawkamarkab,waTu,noh,lDo,sEm,kAm,say
yAdaraga,HawaqaHqEndi,Hala,na`A,rgu,yhu,wandmocu,bAriyA,bAriyA,yhunHqEndi,Hala,sEm,HamlAk,HqEgziHab.hEr,ybArak,na`A,bAriyA,yhu,HqEgziHab.hEr,yAfE,yAsfA,say
bamdr,Halafa,na`A,bamdru,nabaruHqEgziHab.hEr,HabrA,tagalaTalatnA,mdr,zar,HqEsaTAla,Hala,tagalaTala,HqEgziHab.hEr,sfrA,maHsa,HsarA,babEtEl,mHsrAq,wadAla,tarArA,waTA,say
mis,baHsorA,far`onnnA,bEtu,sawu,batAlAq,maqHsaf,matAfar`o,HabrA,Tarto,Hala,yAdaraghb,mndr,mis,mns,HqEhtE,mis,lAdargA,wasDEHa,mis,HqEnahuA,say
mango,bamiTabqu,Tab,zaman,na`AnAwyAnnA,fErzA,mdr,taqamTa,nabarHabrA,loT,Hala,wandmAmA,nannA,baHanta,baHqEraNocEnA,baHqEraNo,Tab,HqEndAyho,HqElamnhAla,mdr,tlay,say
dras,dnkuAnu,HazawAwarayasado,sawu,kfuwocnA,baHqEgziHab.hEr,hATiHataNo,nabaruloT,HqEgziHab.hEr,HabrA,Hala,`Ay,HanHsAnA,kAla,sfrA,samEnnA,dabub,mHsrAqnA,m`rAb,HqEy,mtAyA,live
HaHsrA,saTawyasado,nguHs,HabrA,sTa,btu,wsad,HalawHabrA,sado,nguHs,Hala,samAynnA,mdr,wadamigazA,l`ul,HqEgziHab.hEr,HqEDE,kaf,HadrgE,Hala,?,live
HabEtu,HqEgziHab.hEr,yAla,lD,HqEhEdAla,bEtE,magAbi,damAsqo,saw,HEli`Ezar,Hala,HabrA,zar,saTaKa,babEtE,tawalada,saw,ywarsaNAl,Hala,HqEgziHab.hEr,qAl,live
Hamana,xdq,hono,taquaTarala,mdr,twarsA,HqEndsaT,`ur,yAwaTA,HqEgziHab.hEr,Hala,HabEtu,HqEgziHab.hEr,HqEndwarsA,Hala,Hsos,`Ama,gidar,Hsos,`Ama,fyal,live
xa.hay,bagabA,baHabrA,HqEnqlf,maTA,dngATEnA,tAlAq,CalamA,wadaqa,HabrA,Hala,zar,bAlhona,mdr,sdataNo,honu,baHqErgT,HqEwaq,bAriyA,Hadrga,mato,say
waTA,ywarshAlwada,mEdA,HawaTAwnA,samAy,tamalka,wAkb,ltquaTrA,tcl,quTar,Hala,zar,yhonAl,Hala,HabrA,baHqEgziHab.hEr,Hamana,xdq,hono,taquaTaralaty,mdr,live
saw,yAc,nafs,wagan,talaytA,tTfA,qAl,kidAnE,HafrsAlacnAHqEgziHab.hEr,HabrhA,Hala,st,HsorA,sm,HsorA,bla,HatTrA,sm,HsArA,yhonAl,HqEnDiHqEbArkAtAla,live
bAriyA,babb,saTa,HqEndAragaza,bAya,ba`Ay,HaqAlala,HqEgziHab.hEr,baHanta,yfrad,Hala,HabrA,HsorA,bAriyA,wadad,Hadrgi,HalA,HsorA,bAHsaqayacA,HagAr,kobalala,live
HabrA,HabararAcawxa.hay,bagabA,baHabrA,HqEnqlf,maTA,dngATEnA,tAlAq,CalamA,wadaqabatHabrA,Hala,zar,bAlhona,mdr,sdataNo,honu,baHqErgT,HqEwaq,bAriyA,Hadrga,mato,say
tagalaTalatnA,HElSAdAy,bafitE,tamalAlas,fxu,qAl,kidAnE,baHanta,HadargAla,HabazAhAla,Hala,HabrA,bagmbAru,wadaqa,HqEgziHab.hEr,tanAgara,qAl,kidAnE,Ha.hzAb,thonAla,?,say
mnCu,sur,bamtwasda,mangad,HaTagab,nawHqErsu,HsorA,bAriyA,HagAr,wadEts,HalA,HqEmabEtE,HsorA,kobalal,Hala,HqEgziHab.hEr,malHak,HqEmabE,tamalaSi,tagaZ,HalA,live
mdr,zalAla,gzA,HantanA,zar,HqEsaTAla,HamlAk,HqEhonAcawAla,HqEgziHab.hEr,HabrhA,Hala,qAl,kidAnE,tTabqAla,zar,batwldA,baHanta,bazar,mtTabqu,qAl,kidAnE,live
saw,zaTanA,`Ama,honA,HsArA,HqEgziHab.hEr,HqEsmAHEl,binor,bawadad,HalawHqEgziHab.hEr,Hala,baHqEwna,mis,HsArA,wand,lD,twaldlhAla,smu,ys.haq,bla,tTarAwAla,say
HqEbArkAtmAla,Ha.hzAb,thonAla,Ha.hzAb,nagaHstA,ywaTAluHabrhA,bagmbAru,wadaqa,sAqa,balbu,Hala,mato,`Ama,saw,bawnu,lD,zaTanA,`Ama,honA,HsArA,HqEgziHab.hEr,say
Haya,bAyA,liqabalA,dnkuAnu,daDAf,tanaHsto,roTa,mdr,sagada,hm,Hala,HabEtu,bafiths,mogas,HagNcE,bAriyA,Hatlafa,byE,HqElamnAla,whA,ymTAlA,say
HalA,zArE,`Ama,zArE,baHqEwna,HqEmalasAla,mis,HsArA,lD,tAgaNAla,Hala,HsArA,badnkuA,daDAf,sAla,samA,HabrhAmnA,HsArA,ba`dmEHa,Samgla,faxma,say
balb,stl,sAqa,kAraDa,bawnu,ftwa,gEtA,faxmo,SamgloHalHqEgziHab.hEr,HabrhA,Hala,kAraDa,bawnu,stl,HsArA,HqEgziHab.hEr,sAna,nagar,zArE,`Ama,zArE,live
sAq,HalA,tanaHsta,sado,Haqanu,HabrhA,liSa,HabroHa,hEda,HqEgziHab.hEr,Hala,mAdarga,HabrhA,baHqEwna,tAlAqnA,brtu,.hzb,yhonAlnA,mdr,Ha.hzAb,baHqErsu,say
bEtu,yAzz,HawqAlahunA,HqEgziHab.hEr,baHabrhA,lAy,tanAgara,nagar,yAmaTA,nawHqEgziHab.hEr,Hala,sadomnA,gamorA,CuKa,baztoHalnA,hATiHatA,bdAlacnA,HqEngdihs,maTA,CuKa,Hadrga,live
baq,frd,HqEgziHab.hEr,basado,bakatamAytu,HamsA,xAdqA,bAga,sfrA,HqEmrAla,Hala,HabrhA,malasa,Halam,HafarnA,Hamad,sho,gEtA,HqEnAgar,Damar,?,say
biguadlu,tamAytu,baHamstu,HarbA,Hamst,bAga,HalATafA,Haladagmo,tanAgara,hm,Hala,mnAl,HarbA,HarbA,sl,HalAdarga,HalaHqErsu,gEtA,HayqoTA,HqEnAgarAla,mnAl,say
mnAl,Hala,bigaNu,HalAdarga,HalaHqErsu,bnAgar,gEtA,HayqoTA,mnAl,HaHsr,Hala,HaHsru,HalATafA,HalaHqEgziHab.hEr,HabrhA,nggru,baCarasa,hEda,HabrhA,sfrA,tamalasa,say
lEli,bEt,gabu,sawu,HqEnAwqA,HawTAcawloT,daD,waTA,mazgiyA,zagAwHqEndi,Hala,wandmocE,nagar,HatAdrgu,wand,yAlAwaqu,sEto,lDo,Halu,lAwTAlA,wadadA,say
sawu,loT,Halu,HamA,wand,lD,sEt,lD,btho,bakatamAytu,yAla,sfrA,HaswaTAcawHqE,sfrA,HqEnATafAlannA,CuKatA,baHqEgziHab.hEr,honoHalnA,HqEnATafA,HqEgziHab.hEr,saddonAl,say
slAzanala,sawu,stu,sEto,lDocu,HawaTutnA,bakatamAytu,HasqamaTu,mEdA,kAwaTuHa,Hala,Had,Haty,zuriyA,Hatqu,HqEndAtTafA,tarArA,SaSta,HamlT,loT,HalA,say
tdars,katamA,SaSto,mAmlaT,qrb,nafsE,mAdA,SaScE,lAmlT,katamA,Hala,tanAgarhA,katamA,HqEndAlATafA,nagar,manKa,taqabyEhAla,batolo,SaS,HamlT,tdars,say
taqamaTa,bawASA,sEto,lDocu,taqamaTatAlAqitu,tAnASitu,HalacA,HabAtA,Samagala,bamdr,HqEndAla,lmAd,liganANa,cl,saw,mdr,lAy,mnayi,HabAtAcA,TaD,HqEnATaTAwnA,say
hEda,baqAdEsnA,basur,taqamaTa,bagErArA,baHqEngdna,taqamaTaHabrhA,mistu,HsArA,HqEhtE,Hala,gErArA,nguHs,HabimElEk,lAkanA,HsArA,wasadA,HqEgziHab.hEr,lEli,ba.hl,HabimElEk,say
HqEgziHab.hEr,lEli,ba.hl,HabimElEk,maTA,hm,Hala,wasadhA,sEt,mw,bAla,bAl,nAtnAHabimElEk,qara,hm,Hala,HabEtu,xAdqu,.hzb,HqEhtE,yAla,say
HabimElEk,qara,hm,Hala,HabEtu,xAdqu,.hzb,HqEhtE,yAla,wandmE,Hala,balbE,qnnatnA,baHqEDE,nxu.hna,HadaraghuHqEgziHab.hEr,ba.hl,Hala,balb,qnna,HqEndAdarag,say
banagatA,mAlada,bAriyA,TarA,nagar,baDoroHa,tanAgara,faruHabimElEk,HabrhA,Tarto,Hala,yAdaraghb,mndr,mns,bamangHstE,lAy,hATiHa,HawrdahAlnA,mAygabA,HsrA,HsarAhb,say
bAriyA,HamaTA,HabrhA,saTa,mistu,HsArA,malasalatHabimElEk,mdrE,bawadadKa,taqamaT,Hala,HsArA,HalA,wand,mizA,br,saTa,bAlu,`Ayno,maSafa,yhu,say
taquAraTa,mato,`Ama,`dmE,nabaraHsArA,HqEgziHab.hEr,sAq,HadrgolNAl,samA,ysqAl,Hala,HsArA,lDo,HqEndtATabA,HabrhA,baHqErDnA,lD,walDElatAlahunA,Halac.hxAnu,Hadaga,Tut,say
lDE,ys.haq,HaywarsmnA,Halacwy,nagar,baHabrhA,lDu,cgr,HqEgziHab.hEr,HabrhA,Hala,bAriyAhnA,blAtEnA,Hatza,HsArA,mtnagr,qAl,smA,bays.haq,zar,yTarAlhAlnA,say
wasadacla,zaman,HabimElEk,muSrA,wadAD,HakozatnA,HsarAwitu,HalaqA,fikol,HabrhA,Hala,bamtAdarga,HqEgziHab.hEr,balDE,balD,lDE,HqEndAtAdargb,baHqEgziHab.hEr,mAll,nagar,carna,say
mAll,nagar,carna,HqEndAdarag,taqamaT,mdr,carna,tAdargAla,HabrhA,HqEmlAla,Hala,HabimElEk,bAriyA,banaTaqu,bawhA,gudguAd,HabrhA,waqasawHabimElEk,Hala,nagar,yAdaraga,live
sfrA,HabrhA,qEbo,bago,HaqomaHabimElEk,HabrhA,yAqomhA,qEbo,bago,mndr,Hala,whA,gudguAd,qofar,mskr,yhonl,qEbo,bago,HqEDE,twasdAla,Halawslazi,say
HsawA,Hadrga,nagaro,HqEgziHab.hEr,HabrhA,fatana,hm,Hala,HabrhA,HabrhA,Hala,Halayamtwada,lD,ys.haq,moriyA,mdr,hid,bamnagr,tarArA,lAy,maHswA`,say
HqEsAtunnA,bilA,baHqEDu,yAza,Habra,hEduys.haq,HabAtu,HabrhA,tanAgara,HabAtE,Hala,lDE,Hala,HqEsAtunA,HqEnCatu,yKa,Hala,maHswA`tu,bag,HalaHabrhA,lDE,say
lDu,yArd,bilA,HanaHsA,HqEgziHab.hEr,malHak,samAy,TarAnA,HabrhA,HabrhA,Hala,Hala,bablAtEnA,lAy,HatzargA,HandA,HatAdrg,lD,lhmnA,HqEgziHab.hEr,mtfarA,live
dras,baHqEgziHab.hEr,tarArA,ytAyAl,ybAlAlyaHqEgziHab.hEr,malHak,HabrhA,samAy,TarA,hm,Hala,HqEgziHab.hEr,barAsE,mAl,ylAl,nagar,HadrgahAlnA,lD,lhmnAbaHqEwna,baraka,HqEbArkhAla,say
HqEgziHab.hEr,HabrhA,baHsrA,bAraka,HabrhA,lolE,bEtu,SmAglE,btu,HazAZ,Hala,CnE,Hadrg,HabrE,mnorA,na`A,sEto,lDo,lDE,mis,HqEndAtwasdla,say
lolE,sEtitu,mnAl,Hagar,mamTA,HqEnbi,yAla,lD,waTA,Hagar,Hala,HabrhA,Hala,lDE,HqEndAtmals,taTanqaq,HabAtE,bEt,tawalad,mdr,yAwaTA,say
qala,HqEDo,HaHsr,saql,maza,Tnd,warq,HambAr,HawaTA,hm,HalA,lD,ngari,bEt,mnAdr,sfrA,sawyo,gmA,saql,maza,warq,say
baqA,yAhl,Hala,mAdariyA,sfrA,Hala,sawyo,Hagonabasa,HqEgziHab.hEr,sagadaHqEndi,Hala,carnatunnA,HqEwnatu,gEtA,yAlArAqa,gEtA,HabrhA,HamlAk,HqEgziHab.hEr,ymasga,bamangad,live
Hala,yAla,basamA,saw,maTA,bawhA,mnC,HaTagab,gmalocu,qomo,Hala,HqEgziHab.hEr,buruk,gbA,bawCi,bEtu,gmalo,sfrA,HazagADcEHalahusawyo,bEt,gabA,say
wando,mabl,Haqarabala,nagarE,nAgar,dras,balA,Hala,tanAgar,HalawHqErsu,Hala,HabrhA,lolE,naNHqEgziHab.hEr,gEtA,bAraka,Haganana,bagocnnA,lAmo,br,warq,say
gmalocE,HaTaTAcHqEnE,lD,byE,TayaqhuA,milkA,nAkor,waladacla,bAtuHEl,lD,Hala,qala,HadaraghulA,HqEDo,HambAro,HadaraghulAtnagar,HabAtE,bEt,waganE,hid,lDE,say
whA,qadA,HaTaCi,huAtfaTnA,HqEnsrA,CAnqA,HawaradacnA,TaTA,gmalo,HaTaTAla,Hala,TaTA,gmalocE,HaTaTAcHqEnE,lD,byE,TayaqhuA,milkA,nAkor,waladacla,bAtuHEl,say
lDu,wandmu,lD,byE,TayaqhuA,milkA,nAkor,waladacla,bAtuHEl,lD,Hala,qala,HadaraghulA,HqEDo,HambAro,HadaraghulA,bagmbArE,Hagonabas,HqEgziHab.hEr,sagad,gEtA,say
blAtEnAytu,HqEnTrAnA,Haf,HqEnTayq,Halu,rbqA,Tarta,saw,HaluHa,HqEhEdAla,Hala,HqEhtA,rbqA,mogzi,HabrhA,lolEnA,HasanAbatuHacawrbqA,maraquHatnA,HqEhtA,HqElf,HaHqElAfA,say
blAtEnAytu,HqEnTrAnA,Haf,HqEnTayq,Halu,rbqA,Tarta,saw,HaluHa,HqEhEdAla,Hala,HqEhtA,rbqA,mogzi,HabrhA,lolEnA,HasanAbatuHacawrbqA,maraquHatnA,HqEhtA,HqElf,HaHqElAfA,say
HaqanA,ys.haq,Haya,gmal,warada,lolE,liganANa,bamEdA,maTA,saw,Hala,lolE,gEtA,HalA,maSafa,wasdA,takanAnabaclolE,yAdaraga,nagar,ys.haq,nagara,say
rbqA,mistu,xanasaclDo,bahod,ygafAfu,mnE,Hala,HqEgziHab.hEr,tTayq,hEdacHqEgziHab.hEr,HalA,wagano,bamAhxa,.hzb,hod,ykafalAlu,.hzb,.hzb,ybaratAl,tAlAqu,tAnASu,live
`EsA,dakmo,barahA,gabA,`EsA,yA`qob,qayu,waT,HablA,dakmEHalahunA,Hala,smu,HEdo,tabAlayA`qob,bamaDamariyA,bkurnA,STl,Halaw`EsA,lmo,bkurnA,mnE,say
balAy,rAb,ys.haq,flsTHE,nguHs,HabimElEk,gErArA,hEdaHqEgziHab.hEr,tagalaTala,hm,Hala,gbx,Hatwrad,baml,mdr,taqamaT,HqEnDibazi,mdr,taqamaT,HqEhonAla,HqEbArkhAla,say
.hgE,TabqoHalnA,ys.haq,bagErArA,taqamaTayaziyA,sfrA,sawu,mistu,Tayaqu,HqEhtE,Hala,sfrA,rbqA,silu,HqEndAygadlu,mistE,mAla,fartoHalnA,wb,nabaracnAbaziyA,qan,say
TarA,hm,Hala,mis,HqEndEts,HqEhtE,ys.haq,HqEndAlmo,byE,HalawHabimElEk,Hala,yAdaraghb,mndr,.hzb,mis,lita,baqara,hATiHa,ltAmaTAb,nabarHabimElEk,.hzbu,say
gudguAdo,flsTHE,sawu,dafanuHa,Hafar,molubAcawHabimElEk,ys.haq,talayta,hid,barttahAlnA,Hala,ys.haq,hEda,bagErArA,Salaqo,safro,taqamaTays.haq,baHabAtu,baHabrhA,zaman,quafra,say
HqEgziHab.hEr,HasafAl,bamdr,HqEnbazAlankaziyA,bErsAbE,waTA,lEli,HqEgziHab.hEr,tagalaTala,hm,Hala,HabrhA,HamlAk,HatfrA,naNnA,HqEbArkhAla,bAriyA,HabrhA,zar,HabazAlahubaziyA,maHsa,say
ys.haq,Samglo,`Aynocu,mAya,bafazazu,tAlAqu,lDu,`EsA,Tarto,lDE,Hala,Hala,HalawHqErsu,Hala,HaraDa,mmo,qan,HalAwqmHa,mAda,flAxA,HafotnA,say
tsamA,`EsA,Hada,Hadno,liyAmaTA,mdra,badA,hEdarbqA,lD,yA`qob,Hala,wand,`EsAwHada,Hadna,HamTAl,sAlmo,balcE,baHqEgziHab.hEr,HqEndbArk,TAfaTa,mabl,say
mnAl,HabAtE,bidAssa,mizab,HqEhonAla,marga,balA,HamaTAla,baraka,HaydalamHqEnAtu,Hala,lDE,marga,lAy,yhu,qAlE,smA,hidnA,HamTAl,hEdo,HamaTA,say
TAfAC,mablnA,HqEnDarA,lD,yA`qob,baHqEDu,saTa,HabAtu,gabto,HabAtE,Hala,lDE,Hala,yA`qob,HabAtu,Hala,bakur,lD,`EsA,HqEndAzazK,Hadarag,say
nafs,tbArka,qanA,balnA,taqamaT,kAda,blAys.haq,lDu,lDE,faTna,Hala,HqEgziHab.hEr,HamlAk,Haqaraba,Hala,ys.haq,yA`qob,lDE,lDE,`EsA,HqEndAlho,say
bArakawHala,lDE,`EsA,HalaHqErsu,lDE,Hada,HqEndbalAnA,nafsE,HqEndtbArk,Haqrbl,Hala,Haqarabala,balA,TaD,HamaTAla,TaTAHabAtu,ys.haq,lDE,qrab,sAma,Hala,say
qrab,sAma,Halawwada,qaraba,sAma,lbsu,StA,HaSatata,bAraka,hm,Hala,lDE,StA,HqEgziHab.hEr,bAraka,HqErSA,StA,HqEgziHab.hEr,samAy,Tal,mdr,say
qAl,HabAtu,ys.haq,Hala,bakur,lD,`EsA,Hala,ys.haq,danagaTaHqEndi,Hala,yAdana,Hada,yAmaTA,sAtmaTA,balA,bArak,tabAraka,hono,ynorAl`EsA,HabAtu,live
sfrA,milkA,nAkor,walada,bAtuHEl,lD,galabAnA,gafarA,baqA,yAhl,Hala,mAdariyA,sfrA,Hala,sawyo,Hagonabasa,HqEgziHab.hEr,sagada,hm,carnatunnA,HqEwnatu,live
ys.haq,Samglo,`Aynocu,mAya,bafazazu,tAlAqu,lDu,`EsA,lDE,Hala,Hala,Hala,HaraDa,mmo,qan,HalAwq,mAda,flAxA,HafotnA,qas,wsad,live
balb,stl,kAraDa,bawnu,ftwa,gEtA,faxmo,SamgloHal,HqEgziHab.hEr,HabrhA,Hala,kAraDa,bawnu,stl,HsArA,HqEgziHab.hEr,sAna,nagar,zArE,`Ama,zArE,live
HazAZ,Haska,HawrAris,manoryA,dars,bawddru,mangad,lAy,mEdACAkA,wanz,Hala,mAquAraT,yTabaqbAcawAlbamAgHstu,wddru,taDamara,CAkA,nguHs,bopu,fiSkA,nafA,Tncal,say
lAy,bamawAl,HaHsra,yAla,daraDAyayAzu,sEto,smo,HakAhEd,yAsAya,nagar,Hala,HityoPayA,walADo,batalay,tamco,walADo,sm,HawaTATA,maqayaru,bagAzETo,lAy,say
bay,tamalkA,makarA,gafayaqamasuHqEnarsu,bayawA.hnatA,baqnnatAcawnagaro,batankol,`Ay,bAlamAyatAcawyatagodu,.hzbo,Halu,tAdyA,tArik,managaruyadarasabA,gaf,matarakumagalaTu,twld,tmhrt,saT,madaragu,cgru,say
tamalka,tgrE,yhu,HamArAyaHoromo,yhu,Haga,Haydala,HityoPyAwi,yAlnoranA,yAltaqabara,Hala,Hakus,hulA,Hakus,bamawalad,Haydala,bamaho,garmo,mAdAmTAcawbatalay,bamawalad,bamaho,say
HadA,lDo,Hsaru,tamAnA,gnb,mAya,warada,HqEgziHab.hEr,wagan,quAnquA,HalA,mAdrag,Damaru,yAsabu,maHsrA,Haykalakalu,HqEnwrad,nagar,HqEndAysamA,quAnquA,bAlqa,live
HqEnSamtlhAla,bAtsadda,HanhEd,saw,wandmA,kAlhona,fitE,HatAyu,blonAlnA,HqEsrAHEl,HalA,ziyAws,wand,Hala,blA,saw,HqENAnA,waganA,faxmo,Tayaqa,hm,live
wadqa,sagadula,dahnnatA,TayaqA,hm,nagarA,SmAglE,HabAtA,dahnA,ba.hywa,Halu,bAriyA,HabAtA,dahnA,ba.hywa,Hala,Haguanbsa,sagadula,`Aynu,HanHsto,HqEnAtu,live
Doro,Handi,qAl,HqEndnAgar,HqElamnAla,bAriyA,HatqoTA,far`o,nahnA,gEtA,HalA,ways,Tayaqa,gEtA,SamAglE,Hala,baSmglnA,walada,blAtEnA,Hala,wandmu,live
HqExflAchuAla,nagar,baHqErsu,HqEwnata,CalamA,yAlfAlnA,HqEwnata,brhA,ybarAl,babrhA,Hala,wandmu,TalA,baCalamA,Hala,wandmu,wad,babrhA,ynorAl,mAsanAkayA,TalA,live
sfrA,milkA,nAkor,walada,bAtuHEl,lD,galabAnA,gafarA,baqA,yAhl,Hala,mAdariyA,sfrA,Hala,sawyo,Hagonabasa,HqEgziHab.hEr,sagada,hm,carnatunnA,HqEwnatu,live
HsarA,Hala,bagEtA,mogas,Haga,Hala,`EsA,Hala,wandmE,yhu,Hala,yA`qob,Hala,Haydala,nagar,mogas,HagNcE,manSA,taqabala,HqEgziHab.hEr,miyAy,live
lDo,HaHsrA,wandmAmA,nan,TaftoHal,tAnASu,bakana`A,mdr,zArE,HabAtA,Hala,Hagaru,gEtA,saw,tAmanA,sawu,honA,HawqAla,wandmA,tawu,bEtA,say
wadqa,sagadula,dahnnatA,TayaqA,hm,nagarA,SmAglE,HabAtA,dahnA,ba.hywa,Halu,bAriyA,HabAtA,dahnA,ba.hywa,Hala,Haguanbsa,sagadula,dahnnatA,TayaqA,hm,live
saw,Hayto,HaydnmnA,fitE,mAya,HaycAl,Hala,HqEgziHab.hEr,sfrA,Hala,ba`Alatu,lAy,tqomAla,kbrE,bAlafa,basanTAqA,`Ala,HanorhAla,HqEskAlf,dras,HqEDE,live
mdyA,SmAglE,barE,malama,HsAr,miCars,CfrA,bazuriyA,yAla,yCarsAl,HalA,sEfor,lD,bAlAq,mo`Ab,nguHs,bawanzu,HaTagab,bAla,ba.hzbu,lDo,say
lAy,kfA,tamalakata,baHqEsrAHEl,TamAmna,HamlAku,HqEgziHab.hEr,nguHs,HqElltA,bamakAkalA,Hala,HqEgziHab.hEr,gbx,HawTtoHacawAl,gulbatu,qand,HqEndAla,bayA`qob,lAy,HasmA,lam,say
makAkalA,kAlATafA,tanaHsAnA,.hzbu,qads,hm,balA,HqEsrAHEl,nagar,bamakAkal,Hala,nagar,makAkalA,tATafu,dras,baTalAtocA,maqo,Hatclu,HqEsrAHEl,HamlAk,HqEgziHab.hEr,say
tkl,dngAyo,nguHs,mHsTir,nagar,Hala,Hala,nguHsu,zm,bal,Hala,bazuriyA,qomu,waTu,nA`od,qaraba,basagana,bEt,taqamTo,nA`od,HqEgziHab.hEr,live
gbx,HawTtonAl,bla,ynagru,taHamrAtu,HqEgziHab.hEr,ttonAl,bamdyAmA,HasAlfo,saTtonAl,Hala,HqEgziHab.hEr,zawar,bagul,hid,HqEsrAHEl,mdyA,Had,lkEhAla,Hala,?,say
HsarA,smu,HqEgziHab.hEr,salAm,TarA,zArE,dras,Habi`EzrA,bamthona,ba`ofrA,Hala,HqEgziHab.hEr,lEli,barE,`Ama,barE,wsad,baHAl,maHsawiyA,Hafrs,baHqErsu,say
zEbul,HqEngazAla,HabEmElEk,yAl,Haf,yat,nAqKa,.hzb,waTta,tawAgA,Hala,ga`Al,basEkE,sawu,waTA,HabEmElEk,tawAgA,?,?,?,?,live
tanAgar,mato,br,Hala,wasDEwAla,HalA,HqEnAtu,lDE,HqEgziHab.hEr,ybArk,Hala,mato,br,malasalA,HqEnAtu,br,taqaraxa,?,?,?,?,live
malsa,mtCoKa,Halu,HsarAhuA,HamAlktE,kAhnu,yzA,hEdAchuAl,HqEnAntas,honahAl,Hala,lDo,taquaTu,sawu,HqEndAywadqub,nafs,bEta,sabo,nafs,HqEndAyTafAb,dmx,say
bamiwasda,mangad,bamHsrAq,balabonA,badabub,bAla,basElo,HqEgziHab.hEr,ba`Al,baya`Amatu,Hala,Halu,bnyA,lDo,bla,HazazuHa,hidu,bawaynu,sfrA,tadabaqu,tamalkatu,live
lAy,HqEgziHab.hEr,tAbo,HasqamaTu,dngAyu,zArE,dras,babEtsAmisA,baHiyAsu,HqErSA,Hala,HqEgziHab.hEr,tAbo,tamalktawAlnA,bEtsAmis,sawu,matA,ba.hzbu,Hamst,saw,matA,say
HqEgziHab.hEr,saw,HqEnDarA,raTitA,qoHalnA,manSA,nmnA,HqEgziHab.hEr,saw,mnAmaTAla,Hala,Hala,blAtEnA,sAHol,baHqEDE,saql,br,rubu,Hala,mangadA,nagra,live
baHqEDE,saql,br,rubu,Hala,mangadA,nagra,HqEgziHab.hEr,saw,HqEsaTAla,Hala,zArE,nabiy,bAla,qadmo,bAla,rAHqEy,ybAl,Hasqadmo,baHqEsrAHEl,saw,live
blAtEnocu,bAla,sfrA,tawhuA,Hahuns,Hamst,HqEnDarA,tagaNa,baHqEDE,sTa,Hala,kAhnu,balA,HqEnDarA,Nm,nagar,taqadas,HqEnDarA,Hala,blAtEnocu,sEtocu,live
nagar,taqadas,HqEnDarA,Hala,blAtEnocu,sEtocu,nxu.ha,honu,mablA,ycAlAl,Hala,kAhnu,baHqEwna,waTA,Damra,sawnatA,sEto,Hsos,qan,TabqanAl,blAtEno,live
HalaqA,nguHs,gudAy,slAscakuala,sayfEnnA,maHsAriyA,HalAmaTAhumnA,baHanta,Tor,sayf,Hala,Hala,kAhnu,baHElA,Salaqo,gadalKa,flsTHEmA,golyAd,sayf,bamagonAxafiyA,taTaqllo,live
dnq,yAdarg,HqEgziHab.hEr,hEdala,.hzb,HqEsrAHEl,yAla,bamdr,lAy,.hzb,Hala,.hzb,HqEsrAHEl,zalAla,.hzb,Hadrga,HaxntaKawAl,HabEtu,HamlAk,honahAcawAl,HabEtu,say
Hala,bAriyA,Hala,nguHsu,HqEgziHab.hEr,carna,Hadargla,sAHol,bEt,saw,Hala,HqEgru,SbA,yonAtA,lD,Hala,Hala,nguHsu,Hala,balodobAr,ba`AmiHEl,live
Hala,bAriyA,Hala,nguHsu,HqEgziHab.hEr,carna,Hadargla,sAHol,bEt,saw,Hala,HqEgru,SbA,yonAtA,lD,Hala,Hala,nguHsu,Hala,balodobAr,ba`AmiHEl,live
sAHol,lD,yonAtA,lD,mEmfibostE,maTA,bagmbAru,wadqo,naHsA,mEmfibostE,Hala,bAriyA,Hala,yonAtA,carna,faxmE,HadarglhAlahunA,HatfrA,sAHol,mdr,HqEmalslhAla,live
HabisA,sAmi,HqEgziHab.hEr,qabA,sadboHalnA,mot,tagabA,Hala,xruyA,lDo,Hala,zArE,TalAto,zArEs,baHqEsrAHEl,saw,limo,zArEs,baHqEsrAHEl,lAy,nagaHs,say
yAqrb,miqATal,maHswA`,barE,miqATal,HqEnCa,HawdmA,`qAnA,barE,qanbar,Hala,nguHs,HornA,nguHsu,ysaTAl,Hala,HornA,HamlAk,HqEgziHab.hEr,yqabal,Hala,live
lD,HadonyAs,salomo,bErsAbE,maTA,mamTA,basalA,basalA,Hala,gudAy,Hala,Hala,tanAgar,Hala,mangHstu,HqEsrAHEl,nguHs,HqEho,Hadrga,tAwqiyAla,nagar,live
lbs,wCinA,sElo,hiDi,.hzb,lAy,HqEndnagHs,nagara,nabiyu,HakiyA,Hala,HaHsr,HqEnDarAnA,HqEngocA,mnca,mAr,hiDi,balDu,ynagrSAl,HalA,?,live
HamsA,baHAl,nabiyA,mato,mAmlakiyA,`axad,nabiyA,qarmElos,tarArA,sabsb,Hala,Hak`Ab,HqEsrAHEl,lDo,lko,nabiyAtu,qarmElos,tarArA,sabasaba,HElyAs,.hzbu,say
x.hfa,HiyAsu,HqEll,silu,.hzbu,dmx,samto,salf,dmx,basafaru,Hala,Hala,dl,naSi,dl,tanaSi,dmx,Haydala,nagar,zafan,dmx,live
lDo,mdr,bafAturA,taqamaTa,bi`or,lD,bala`A,gbx,waTA,.hzb,Hala,mdru,Safana,baHaqrAbiyA,taqamToHal,.hzb,ybalTAlnA,lwagAcawnA,mdritu,lAsAddA,HqEcl,say
lAy,kfA,tamalakata,baHqEsrAHEl,TamAmna,HamlAku,HqEgziHab.hEr,nguHs,HqElltA,bamakAkalA,Hala,HqEgziHab.hEr,gbx,HawTtoHacawAl,gulbatu,qand,HqEndAla,bayA`qob,lAy,HasmA,lam,say
makAkalA,kAlATafA,tanaHsAnA,.hzbu,qads,hm,balA,HqEsrAHEl,nagar,bamakAkal,Hala,nagar,makAkalA,tATafu,dras,baTalAtocA,maqo,Hatclu,HqEsrAHEl,HamlAk,HqEgziHab.hEr,say
baSalaqo,minoru,babEtsAnnA,bamandaro,baHiyzrAHEl,Salaqo,minoru,na`AnA,bra,saragalo,HalA,Halu,HiyAsu,yosEf,wagan,mihonu,HEfrEmnA,mnAsE,.hzb,xnu,hAyl,say
tAlaqA,dras,HasAwaruHa,daDAfu,mAgNa,falgu,dakamu,sawu,loT,Halu,Hala,HamA,wand,lD,sEt,lD,btho,bakatamAytu,yAla,sfrA,HaswaTAcawHqE,say
banabaru,lEwA,gulmAsA,dmx,Hawaqu,qarba,bazihs,mtAdarga,mndr,bazihs,Hala,Halu,mikA,Hadaragal,qaTara,kAh,honhula,HalA,?,?,?,live
lDocu,basAmuHEl,HasAlafA,sAmuHEl,HqEgziHab.hEr,maraTa,Hala,sAmuHEl,qara,lD,Hala,tAnASu,qartoHal,bago,yTabqAl,Hala,sAmuHEl,maTA,dras,HanrafqmnA,lka,live
bAriyA,mndr,Hala,HElsA`,basoryA,lAy,nguHs,HqEndtho,HqEgziHab.hEr,HasAytoNAl,Hala,HElsA`,rqo,gEtA,maTA,HElsA`,Hala,HqEndtfawas,nagara,Hala,banagA,live
gnb,lAy,qoma,salAy,Hiyu,CfrA,matA,Hayto,CfrA,HayAla,Hala,HiyorA,ganANa,farasa,lAk,salAm,ybala,Hala,farasa,liganANa,hEdo,live
tamalasa,nagara,farasa,sadada,darso,nguHsu,ylAl,salAm,Hiyu,salAm,Hala,fah,takatala,Hala,salAyu,darasabA,nagar,tamalasa,backualA,yhEdAlnA,HakAhEdu,live
hEdu,baHiyzrAHElA,banAbutE,HqErSA,HagaNu,HiyorA,Hiyu,bAya,Hiyu,salAm,Hala,HElzAbEl,glmutnAwAnA,mata,bazA,salAm,Hala,malasa,HiyorA,malso,nadAnA,live
ltAsCanqnA,HsrA,ltnq,hATHanns,mkr,ltAbarA,baHanta,malkA,HsgA,`Ay,Hala,ways,saw,miyAy,ways,kfAtE,tfalAlag,hATiHatE,tmaramr,zaman,saw,say
HqEmalsAla,?,HEli,malasa,hm,xdq,ways,baHqEgziHab.hEr,xAdq,Tq,Hala,hATiHa,HsarcE,mAgaNa,hATiHa,bAlHsarA,noro,bla,TayqahAlnA,HantanA,lAlu,live
tanAgara,bawnu,frdE,Hantas,xAdq,tho,HqEgziHab.hEr,knd,yAla,knd,Hala,ways,bAla,dmx,batAlAqnatnA,bal`lnA,talAbas,bakbrnA,bagrmA,taguanAxaf,quTA,say
baratA,madras,cl,manfas,fiths,samAy,bwaTA,Hala,Hol,bward,Hala,nsr,ngA,knf,bwasd,bA.hr,maCaraSA,bbarr,tmarANAla,qaN,tyzaNAla,say
taTaqA,bakabartE,lAy,ykuarAl,saw,baHabAtu,bEt,wandmu,yzo,lbs,Hala,HalaqA,hunl,bAdmA,thu,law,qan,dmxu,kaf,Hadrgo,babEtE,say
yTlhAl,HsarA,gEtA,HqEgziHab.hEr,babEtu,taSoma,HazAZ,sAmnAs,hid,hm,bala,maqAbr,yAswaqar,kaf,bAla,sfrA,maqAbr,yAsarA,badngAy,manoryA,yAsAnax,say
mtACd,kAlbata,mtsabasb,CakA,saw,maho,hEDE,makli,bamdr,makli,Hala,Hala,gEtA,malso,kfunA,hAkEta,bAriyA,kAlzarA,HqEndACd,kAlbata,HqEndsabasb,live
hEdu,Hiyasus,HaHsrA,lthEdu,Hala,sm`o,gEtA,zalAla,.hywa,qAl,Hala,HqENAs,krstos,.hyA,HqEgziHab.hEr,lD,HamnanAl,HawqanAl,malasala,HaHsrA,hulatA,say
mAyAdarg,m.hra,lEla,frd,m.hra,bafrd,lAy,ymakAl,wandmocE,HqEmna,Hala,HsrA,lEla,saw,binor,HqEmnatus,liyAdna,wand,HqEh,rAqutA,bihonu,say
HqEgziHab.hEr,manAfstnA,wAkb,yAlu,ylAl,HsrA,HawqAla,.hyA,maho,sm,Hala,motahmAl,HsrA,baHamlAkE,fxu,hono,HalAgaNahutmnA,naqA,limotu,yAlA,qaru,live
bAtsaTuHa,HsrA,lEla,HqEmna,binor,barAsu,mota,nagar,saw,HqEmna,Hala,HsrA,Hala,HqEmna,HsrA,yta,HasAya,HqEmnatE,baHsrA,HasAyhAla,ylAl,live
sagadu,yosEfnA,rA.hEl,qarba,yAgaNa,HsarA,Hala,bagEtA,mogas,Haga,Hala,`EsA,Hala,wandmE,yhu,Hala,yA`qob,Hala,Haydala,nagar,mogas,live
HqEgziHab.hEr,bacarna,saTtoNAlnA,HalaNnA,qabala,dras,zabazaba,tanaHsAnA,HqEnhid,HqEhEdAla,Hala,gEtA,lDocu,dakAmo,honu,tAwqAla,bagocnA,lAmo,glgalocA,yATabAlu,qan,live
taSakamu,sawu,sadada,nA`od,bagElgalA,tkl,dngAyo,nguHs,mHsTir,nagar,Hala,Hala,nguHsu,zm,bal,Hala,bazuriyA,qomu,waTu,nA`od,qaraba,live
qomu,waTu,nA`od,qaraba,basagana,bEt,taqamTo,nA`od,HqEgziHab.hEr,malHqEk,Hala,Hala,zufAnu,tanaHsA,nA`od,grA,HqEDu,zargto,qaN,Cnu,sayfu,live
CoKu,lDo,malsa,mtCoKa,Halu,HsarAhuA,HamAlktE,kAhnu,yzA,hEdAchuAl,Hala,HqEnAntas,honahAl,Hala,lDo,taquaTu,sawu,HqEndAywadqub,nafs,bEta,sabo,live
HalacA,sAmacA,dmxA,kaf,Hadrga,Halaqasu,.hzb,HqEnmalasAla,HaluHa,nuhAmi,Hala,lDocE,tamalasu,bAlocA,honu,lDo,bahodE,Halu,lDocE,tamalasu,bAl,say
lDo,bahodE,Halu,lDocE,tamalasu,bAl,mAg,HarDcAlahunA,hidu,tasfA,Hala,bl,zArE,lElits,bAl,bAgabA,wando,lDo,bwald,yAdgu,dras,say
HqEgziHab.hEr,saw,HqEnDarA,raTitA,qoHalnA,manSA,nmnA,HqEgziHab.hEr,saw,mnAmaTAla,Hala,blAtEnA,sAHol,baHqEDE,saql,br,rubu,Hala,mangadA,nagra,HqEgziHab.hEr,live
HqEgziHab.hEr,saw,mnAmaTAla,Hala,blAtEnA,sAHol,baHqEDE,saql,br,rubu,Hala,mangadA,nagra,HqEgziHab.hEr,saw,HqEsaTAla,Hala,zArE,nabiy,bAla,qadmo,live
mota,wSA,gEtA,nguHsu,lhidnA,lquraTa,Hala,nguHsu,xru,lDo,Hala,sdaba,HazzotAlnA,yrgama,mns,law,Hala,HabisAnnA,bAriyA,wagabE,waTA,live
HabisA,sAmi,HqEgziHab.hEr,qabA,sadboHalnA,mot,tagabA,Hala,xruyA,lDo,Hala,zArE,TalAto,zArEs,baHqEsrAHEl,saw,limo,zArEs,baHqEsrAHEl,lAy,nagaHs,say
banguHsu,mot,gabA,bAriyA,bagabatA,bamibalu,HasqamaTKa,nguHs,manAgar,mabt,Hala,nguHsu,nagar,HantanA,sibA,HqErSA,tkAfalu,byAla,Hala,mEmfibostE,gEtA,live
Hagi,lD,HadonyAs,salomo,bErsAbE,maTA,mamTA,basalA,Hala,basalA,Hala,gudAy,Hala,Hala,tanAgar,Hala,mangHstu,HqEsrAHEl,nguHs,HqEho,Hadrga,live
tnfASu,tATA,dras,dawE,HqEgziHab.hEr,saw,hATiHatEns,tAsAsb,lDEns,tgadl,Hala,HElyAs,lD,sCi,HalA,bb,wasdo,taqamTo,sagana,HawaTA,baHalgA,live
Hala,HqEsrAHEl,nguHsnA,HiyoHsAfT,HEdomyAs,nguHs,waradu,HElsA`,HqEsrAHEl,nguHs,Hala,HabAthnA,nabiyA,hid,Hala,HqEsrAHEl,nguHs,Haydala,bamo`Ab,yTlA,HqEgziHab.hEr,live
nabiy,rEmA,zagala`Ad,hEda,bagabA,HsarA,Halaqo,taqamTa,HalaqA,nagar,Hala,Hala,Hiyu,Hala,HalaqA,Hala,tanaHsto,bEtu,gabA,zaytu,barAsu,live
`dmE,tATrAla,xAdqA,HalaNtA,dastA,haTHA,tasfA,yTafAl,HqEgziHab.hEr,mangad,yAla,nawr,mihEd,HambA,TfA,kfA,miyAdargu,xAdqA,zalAla,HaynAwaTu,hTHA,live
xdqA,ytAdagAcawAl,waslAto,bamNotA,yTamadAlu,haTHqE,bamota,tasfA,yquaraTAl,hAyAl,Hala,yTafAl,xAdq,Cnqa,ydnAl,haTHqE,baHqErsu,fAntA,ymaTAl,zngu,saw,say
yqamaT,Hasqadmo,gbx,warada,HaHsor,yAla,badala,waganE,bakantu,tawasdoHalnA,Hala,ylAl,HqEgziHab.hEr,gazuHa,yCoKAlu,ylAl,HqEgziHab.hEr,smE,qanu,ysadabAl,waganE,say
TArA,ltgabA,nagar,qAl,tanAgar,blAtEnA,yfawasAl,tagaZ,naNnA,CfrA,Hala,hid,bla,yhEdAl,bla,ymaTAl,bAriyA,Hadrg,bla,yAdargAl,Hala,say
sEt,HqEndEts,bAwaqa,hATiHata,balbu,Hasaba,Hiyasus,sm`o,mnagr,nagar,Hala,Hala,mamhr,tanAgar,Hala,HabadAri,tabadAri,baHandu,Hamst,mato,dinAr,live
bAya,roTo,sagadala,batAlAq,dmx,CoKa,l`ul,HqEgziHab.hEr,lD,Hiyasus,Hala,HqEndAtAHsaqAya,baHqEgziHab.hEr,HamlhAla,rkus,manfas,saw,wTA,sm,Tayaqa,nannA,live
Hiyasus,bAya,CoKo,tadafA,batAlAq,dmx,l`ul,HqEgziHab.hEr,lD,Hiyasus,Hala,HqEndAtHsAqaya,HqElamnhAla,Hala,rkusu,manfas,saw,waTA,yAza,zaman,yzo,live
Hiyasus,daqa,mazAmurtu,sargu,tAdamu,TaD,bAlaqa,Hiyasus,TaD,HqEko,Hala,sEt,Hala,darasa,HalA,HqEnAtu,HagalgAyocu,lAc,Hadrgu,HalacA,Hayhud,live
sAla,daqa,mazAmurtu,mamhr,blA,bla,manu,mAtAwqu,mbalA,mabl,Hala,HalA,daqa,mazAmurtu,balA,HandA,saw,HamTtola,tabAbAlu,Hiyasus,HqEnEs,say
mabrA,zaman,babrhAnu,das,lilA,wadadA,yo.hans,mskr,balT,mskr,Hala,Hab,lfaxma,saTa,HsrA,mAdarga,HsrA,Hab,lAka,ymasakrAlnA,lAka,say
bahATiHatA,tmotAlAchunA,HalA,HqEngdi,Halu,maDamariyA,tanAgar,mnAgara,mfarda,nagar,Hala,dAru,lAka,HqEwnata,samA,`Ala,HqEnAgarAla,HalA,Hab,nagarA,HalAstawAlu,say
nafsE,HanaHsA,HanorAlahunA,Hab,ywadaNAl,bafaqAdE,HanorAtAla,HaywasdA,lAnorA,HslTA,Hala,lAnaHsA,HslTA,Hala,tHqEzAz,HabAtE,taqabal,HqEngdi,qAl,tanaHsA,baHayhud,live
mAyAmnu,xdq,Hab,mhEd,mAtAyu,frd,`Ala,gaZ,tafarada,mnagrA,Hala,nagar,ltSakamu,Hatclu,HqEwna,manfas,bamaTA,HqEwna,samA,ynAgarAl,maTA,say
hoNE,nor,Tn,Damra,HawqawNAlnA,HqEgziHab.hEr,HabAtocA,tasaTa,tasfA,qAl,HalaNtA,lfArad,qomEHala,tasfA,qAl,HaHsrA,waganocA,lElitnA,qan,batgA,malaku,say
mAdarga,Haydala,yAdr,hATiHa,mAla,baHsgA,bago,nagar,HqEndAynor,faqAd,HalaNnA,malkAmu,mAdrag,Nm,mAlwada,nagar,HadargAlahunA,dAru,mwada,bago,nagar,say
botA,badfra,xAfhulA,HqEngdi,HqEgziHab.hEr,bamiho,nagar,bakrstos,Hiyasus,tmk,Hala,Ha.hzAb,tAzazu,krstos,baqAlnA,baHsrA,bamlktnA,badnq,nagar,hAyl,bamanfas,live
bsabk,mmakA,gd,darsob,wangEl,bAlsabk,wayol,bafaqAdE,bAdarga,damawaz,HalaNnA,yAla,faqAdE,bAdarga,magAbina,baHadarA,tasaTtoNAl,HqEngdi,damawazE,mndr,wangEl,say
mawrad,bamidarag,Trat,CAf,tabAla,lAy,bamimaTu,gamad,mangadaNo,manAd,Hala,kAh,gaTamA,yKa,gamadu,Hsosta,tanTalATalu,bamiwardu,sawu,tagafta,marE,live
bawrrdu,tadasto,lD,fanadaqa,HqErA,tabalA,waTAtu,lAy,sil,HasbbatganA,Hala,lanE,miliyo,br,qald,warqAmA,sostnA,HamatA,TAh,ml,bibazA,say
HaynAgar,yhu,badalu,yAstAws,HaTagabu,yAla,saw,SayTAnE,slk,quTr,Hala,ylAl,Hala,tabAla,tadawalala,qaTtA,sdb,ygabAl,sdb,qan,?,live
