Lcontext10,Lcontext9,Lcontext8,Lcontext7,Lcontext6,Lcontex5,Lcontext4,Lcontext3,Lcontext2,Lcontext1,target word,Rcontext1,Rcontext2,Rcontext3,Rcontext4,Rcontext5,Rcontext6,Rcontext7,Rcontext8,Rcontext9,Rcontext10,class
kEfA,HanxokiyA,bamaTA,taqAwa,yfarad,ygabA,yA`qob,sAymaTu,Ha.hzAb,Habro,balA,bamaTu,tagarazu,wagan,yAlu,farto,yAfagafg,Hayhud,barnAbAs,snkuA,bagbznatA,eat
mgb,tbalu,dahnnatA,Tagur,HqEnDarA,yzo,bahulu,HqEgziHab.hEr,Hamasagana,quarso,balA,taxnAnta,mgb,bamarkabu,yAla,hulA,mato,sdst,nafs,baTagabu,sndE,eat
lD,balAnA,TaTA,balAtaNAnA,TaD,TaC,qarACocnA,hATiHataNo,wadAD,lDo,balA,bafarisA,bEt,gabto,bamA`d,katamA,hATiHata,Handi,bafarisA,bEt,bamA`d,eat
tanAzazu,bayordAnos,wanz,yTamaqu,gmal,Tagur,bso,bawagabu,Tafr,ytATaq,balA,baraha,mAr,ybalA,CAmA,Tafr,maftA,mAygabA,baratA,bawhA,HaTamaqhuA,eat
baratA,qumatu,samAy,darasa,malku,mdr,dArcA,dras,tawAba,frE,balA,TlA,mdr,HarAwit,yArfu,baqrnCAfocu,samAy,wafo,yqamaTu,qumatu,raD,eat
Haykafa,saw,HaygabA,HqEsrAHEl,HamlAk,HqEgziHab.hEr,gabtobatAlnA,tazagto,baHqEgziHab.hEr,HqEnDarA,balA,yqamaTbatAl,babaru,daDa,salAm,mangad,ygabAl,mangad,mangad,babEtu,HamaTA,eat
lb,HqEsaTAcawAla,bafxu,lbA,ymalasAlunA,.hzb,yhonuNAl,HamlAk,kfAtu,tanaHsA,balA,mAycAl,balas,yhudA,nguHs,sEdEqyAs,Halaqocu,Hagar,qaru,HiyarusAlE,qrEtA,eat
noru,.hzb,gEtA,HqEgziHab.hEr,sayfnnA,rAb,canafar,HqEsaddbAcawAla,kfAtu,tanaHsA,balA,mAycAl,balas,basayf,barAb,bacanafar,HasAdAddAcawAla,bAsAdadhubA,Ha.hzAb,TlAcAnA,madanaqiyA,eat
qrCA,Hasqadmo,darasa,balas,masl,malkA,balas,qrCA,kfAtu,tanaHsA,balA,mAycAl,balas,HErmyAs,mtA,mndr,balas,HayAla,malkA,malkA,balas,eat
qrCA,Hasqadmo,darasa,balas,masl,malkA,balas,qrCA,kfAtu,tanaHsA,balA,mAycAl,balas,HErmyAs,mtA,mndr,balas,HayAla,malkA,malkA,balas,eat
habtnnA,Tri,kbr,saTa,wadada,nafsu,guadala,nagar,saw,ybalAwAl,balA,HqEgziHab.hEr,HalAHsalaTana,ntunA,dawE,saw,mato,lDo,biwald,zaman,ba.hywa,eat
samcAla,sfrA,rAsE,maHswA`,bEt,znAb,HqEndAyward,samAyAtu,bzagA,mdritu,balA,HanbaTA,bAzza,ba.hzb,canafar,bsadd,basmE,taTaru,.hzbE,sawnatA,HawArda,eat
babAbilo,nagaHstA,zufA,bso,lbs,waTala,yoHaki,ba.hywatu,zaman,HqEnDarA,balA,ba.hywatu,zaman,zawatr,qalab,`la,`la,ysaTa,yhudA,nguHs,yoHaki,eat
hEda,baHadbAr,zAf,taqamTo,yhudA,maTA,HqEgziHab.hEr,saw,bEtE,HqEnDarA,balA,HqEmalasnA,HqEgabA,HaycAla,sfrA,HqEnDarA,whA,TaTAmbaziyA,HqEnDarA,HatblA,whA,eat
HatTaTA,bamaTA,mangad,Hatmalas,bamil,baHqEgziHab.hEr,qAl,tablolNAlnA,nabiy,HqEnDarA,balA,whA,yTaTA,bEt,malsa,baHqEgziHab.hEr,qAl,tanAgara,wASto,tamalasa,babEtu,eat
lDo,tarafa,tamagabu,qan,HElsA`,suna,Halafa,tAlAq,sEt,HqEnDarA,balA,gd,bAlafa,quTr,HqEnDarA,libalA,ygabA,yAlfa,qdus,HqEgziHab.hEr,saw,eat
bEt,hEda,taNto,duqE,wasdA,wasa,HqEngocA,Hadaraga,wasdA,galabaTa,balA,HqEnbi,saw,HaswaTu,saw,Hamno,HqEbalA,mablu,HqElfNu,Hagbi,HalA,eat
bEt,hEda,taNto,duqE,wasdA,wasa,HqEngocA,Hadaraga,wasdA,galabaTa,balA,HqEnbi,saw,HaswaTu,saw,HqEbalA,mablu,HqElfNu,Hagbi,HalA,t`mAr,eat
barahA,saw,yA`qob,Cm,saw,badnkuA,yqamaT,`EsA,ywad,kAdana,balA,rbqA,yA`qob,twad,yA`qob,waT,HsarA,`EsA,dakmo,barahA,gabA`EsA,eat
hEda,malkAkA,Taboto,HamTAl,TAfAC,mabl,miwada,HadargAla,sAymo,bArk,balA,rbqA,HqEnAtu,`EsA,wandmE,TagurA,saw,slAsA,mnAl,HabAtE,bidAssa,eat
gEtA,lD,HqEnDarA,yhona,frE,HagbA,gEtA,lD,mEmfibostE,gabatA,balA,HaHsrA,Hamst,lDocnA,bAriyA,gEtA,nguHsu,bAriyA,HqEndAzaza,bAriyA,yAdargAl,eat
mAr,wasdo,mangad,mangad,hEda,HabAtunA,HqEnAtu,maTA,mAru,saTA,balA,mAru,HanbasA,rEsA,wasada,sEtitu,warada,gobazo,yAdargu,somso,ba`Al,eat
.hg,HqEngdA,saw,babr,tagazA,bAriyA,binor,tagaraza,moyAta,bEt,balA,HsgA,HandA,bEt,mEdA,HatAwTu,HaT,HqEsrAHEl,gubAHE,saw,bamakAkalA,eat
.hg,HqEngdA,saw,babr,tagazA,bAriyA,binor,tagaraza,moyAta,bEt,balA,HsgA,HandA,bEt,mEdA,HatAwTu,HaT,HqEsrAHEl,gubAHE,saw,bamakAkalA,eat
miwadq,wadaq,lqso,qnE,.hzbu,wAytA,Habzta,.hzbu,sAyma,HqEnDarA,balA,ligAbzu,maTu,xa.hay,sAtTalq,HqEnDarA,nagar,bqams,HqEgziHab.hEr,yAdrgb,yCamrb,eat
baHqEDu,wasdo,mangad,mangad,hEda,HabAtunA,HqEnAtu,maTA,mAru,saTA,balA,mAru,HanbasA,rEsA,wasada,sEtitu,warada,gobazo,yAdargu,somso,ba`Al,eat
qAl,HqEhtE,muSrA,ganatE,gabA,rbE,Stu,qam,HqEnDarA,mArE,balA,TaDE,watatE,bAlnDarocE,blu,wadADE,TaCi,traki,dras,taNcAla,lbE,eat
HabAtu,bakur,lD,`EsA,ys.haq,danagaTaHqEndi,yAdana,Hada,yAmaTA,sAtmaTA,balA,bArak,tabAraka,hono,HabAtu,qAl,basamA,tAlAq,marArA,CuKa,CoKa,eat
Hala,bakur,lD,`EsA,ys.haq,danagaTaHqEndi,yAdana,Hada,yAmaTA,sAtmaTA,balA,bArak,tabAraka,hono,HabAtu,qAl,basamA,tAlAq,marArA,CuKa,CoKa,eat
HqEbAb,mndr,sEtitu,bagana,dmx,samA,`rAqutE,farA,HqEgziHab.hEr,`rAqu,balA,kAzaz,zAf,bawnu,HqEndtho,saTaKa,sEt,zAfu,saTacNnA,HamlAk,yAdarag,eat
tanaHsto,qualafa,gEtA,gEtA,kfatl,lAc,ltAnkuAku,tDamrAlA,honA,HalAwqA,balA,TaTA,baHadabAbAyA,HastamAr,ltlu,HqElAchuAla,honA,hulA,`AmaxaNo,rAqu,ys.haq,eat
HalAdarga,zArE,taqamaT,naga,HasanAbthAla,Horyo,qannA,banagA,baHiyarusAlE,TarA,balA,TaTA,Hasakara,nagar,bamaSa,waTto,gEtA,bAriyA,bamnTAfu,lAy,bEtu,eat
HqEnDarA,`AHsA,yzo,Hamasagana,quarso,daqa,mazAmurtu,saTa,daqa,mazAmurtu,balA,Tagabu,tarafa,qursrA,qrCA,mulu,sEtocnA,lDo,baqar,wando,kAsanAbata,eat
zAfu,mablA,yAmAra,`Ay,miyAsgomaD,Tbab,malkA,Haya,frE,wasadacnA,balA,bAl,saTa,`Ayno,takafatu,`rAqutA,honu,Hawaqu,balas,qTalo,safta,eat
bamaDamariyA,mAll,mAlala,bkurnA,yA`qob,`EsA,HqEnDarAnA,msr,waT,saTa,balA,TaTA,tanaHsto,hEda,`EsA,bkurnA,bkurnA,STl,?,?,?,eat
HqEgziHab.hEr,kbr,.hzbu,HqEgziHab.hEr,waTA,bamaHsawiyA,lAy,qATala,maHswA`,sbu,balA,.hzbu,Hayta,HqEll,Halu,bagmbArA,wadaquHaro,HqEDocu,.hzbu,zaragA,bArakA,eat
bamdr,ftA,lAy,HawaTA,HqErSA,frE,`Ala,dngAy,bamiga,mAr,balA,CnCA,dngAy,bamiga,zay,qbE,mangA,wata,Tabo,sb,bAsA,eat
.hasEbo,nabalbAl,sEwo,katamA,waTA,mo`Ab,`Er,Harno,tarArA,Halaqo,balA,mo`Ab,mos,.hzb,wando,lDocu,SS,sEto,lDocu,mrko,HamorA,eat
HsgAwnnA,qiTA,HqEngocA,HasnakA,HqEsA,dngAyu,waTto,HsgAwnnA,qiTA,HqEngocA,balA,HqEgziHab.hEr,malHak,`Aynu,tasawara,gEdEwo,HqEgziHab.hEr,malHak,Haya,gEdEwo,HabEtu,eat
tawasana,dras,taTabqoHalnA,taqamaTal,Hanura,blA,Hala,qan,sAHol,sAmuHEl,balA,korabtA,masgaDA,tamAytu,waradu,sAmuHEl,sAHol,basaganatu,lAy,maNtA,HazagADala,eat
boHsor,wanz,maSAgar,dakmawAlnA,qarubabaraha,gbxAwi,HagNta,maTu,HqEnDarA,saTutnA,balA,whA,HaTaTu,balasu,TfTf,qurACnA,zalalA,saTu,Hsos,qannA,Hsos,eat
malsa,baHqEgziHab.hEr,qAl,tanAgara,Hala,wASto,tanAgarawkaHqErsu,tamalasa,babEtu,HqEnDarA,balA,whA,TaTAbamA`d,taqamTa,sAlu,HqEgziHab.hEr,qAl,malasa,nabiy,maTA,yhudA,eat
tanaHsta,blA,Halawsimalaka,barAsu,HaTagab,tagAgara,HqEngocAnA,bamAsaro,whA,HagaNa,balA,TaTA,tamalso,taNAyaHqEgziHab.hEr,malHak,maTto,dAsasawnA,mthEd,mangad,ruq,nawnA,eat
tamalso,taNAyaHqEgziHab.hEr,malHak,maTto,dAsasawnA,mthEd,mangad,ruq,nawnA,tanaHsta,balA,HalawtanaHsto,balA,TaTA,mgb,hAyl,HqEgziHab.hEr,tarArA,korEb,dras,HarbA,eat
madAf,warwruHa,Hala,warawaruHa,dam,bagnbunA,bafarasocu,lAy,taraCa,ragaTuHatmbagabA,balA,TaTA,taragama,HqEyu,nguHs,lD,qbaruHa,HalaliqabruHa,bahEdu,HanAtwAnA,HqEgr,eat
HqEgziHab.hEr,Hamasaganusalomo,xalotu,bafaxama,HqEsA,samAy,wardo,qATala,maHswA`tnA,maHswA`tu,balA,HqEgziHab.hEr,kbr,bEtu,molAyaHqEgziHab.hEr,kbr,HqEgziHab.hEr,bEt,molto,kAhnAtu,HqEgziHab.hEr,eat
fata,ybalu,manA,Hazanaba,samAy,HqEnDarA,saTA,malAHqEk,HqEnDarA,saw,balA,snq,tarfA,lAkalAcawkasamAy,mHsrAq,nafAs,HasnaHsA,bahAylu,dabub,nafAs,HamaTA,eat
zAf,sabaratanAgara,HanbaTA,sfr,quTr,lEla,kubkubA,maTA,HagarA,mla,balA,mdrA,frE,balA,HagarA,bakur,gulbatA,maDamariyA,matAkawarqnA,br,HawaTA,eat
zAf,sabaratanAgara,HanbaTA,sfr,quTr,lEla,kubkubA,maTA,HagarA,mla,balA,mdrA,frE,balAyaHagarA,bakur,gulbatA,maDamariyA,matAkawarqnA,br,HawaTA,bawaganA,eat
baHanbaso,tagAdama,badabol,Hanbaso,glgalo,HasAdagackaglgalo,HawaTA,dabol,HanbasA,nTqiyA,balA,tamAra,Ha.hzAb,warE,samu,bagudguAdA,tayAza,basansala,Hadrga,gbx,mdr,eat
nsr,Tfru,wafo,raz,dras,sawu,talayto,tasadada,barE,HsAr,balA,HakAlu,basamAy,Tal,rasarasazamanu,tafaxama,nAbukadanaxor,`AynE,samAy,HanaHsA,HaHqEmro,eat
tasadada,lbu,HawrE,lb,manoriyA,mdra,badA,Hahyo,barE,HsAr,balA,HakAlu,basamAy,Tal,rasarasablTAsor,lDu,stho,waq,basamAy,gEtA,lAy,eat
yAdaraga,HqEgziHab.hEr,bEt,gabA,kAhnA,HqErsunA,libalu,yAltafaqada,maHswA`tu,hbs,balA,kAhnA,bamaqdas,san,yAraksu,hATiHa,HqEndAyhonbA,ba.hgu,?,?,?,eat
banabara,HqEgziHab.hEr,bEt,gabA,kAhnA,baqar,mablA,yAltafaqada,maHswA`,HqEnDarA,balA,saTA,kato,HalAcawdagmo,san,saw,tafaTroHal,saw,san,tafaTaramHqEndi,saw,eat
HqEgziHab.hEr,bEt,gabA,kAhnA,baqar,mablAtu,yAltafaqada,maHswA`,HqEnDarA,yzo,balA,saTA,Halayasa,lD,san,gEtA,san,mkurAb,gabto,HastamAra,qaN,eat
HqEDocunnA,HasAyAcaw,HqEgrocu,HqEnarsu,dastA,tanaHsA,slAlAmanu,danaqu,sAlu,HandA,balA,HalAcawHqEnarsu,taTabasa,`AHsA,qurAC,mAr,walalA,saTuttaqablo,sAla,bamusE,.hgnA,eat
wardo,balAyu,wadaqa,Haqfo,nafsu,HalacbatnA,HatnCACu,waTto,HqEnDarA,qorso,balA,nagA,dras,tanagAgara,hm,hEda,blAtEnA,dahnA,hono,wasadu,taxnAnuHqE,eat
Hayho,Halu,zabazabA,Haqanu,bEtu,gabu,mA`d,Haqaraba,qiTA,gAgara,balA,sAytaNu,katamA,sado,sawu,blAtEnA,Damro,SmAglE,dras,bayasfrA,yAla,eat
warq,gET,lbs,HawaTA,rbqA,saTA,sTotA,wandmwAnA,HaqarabaHqErsu,yAlu,balA,TaTu,Hadaru,mAlda,gEtA,HqEhEd,HasanAbtu,HalAcawwandmwAnA,blAtEnAytu,HaHsr,qan,eat
Haqoma,yA`qob,dngAy,sabsbu,dngAy,sabsba,maru,badngAyu,kmr,lAy,balA,ygAr,HsahadutA,TarA,yA`qob,gala`Ad,HalA,lAbA,kmr,baHanta,zArE,eat
mAlayA`qob,batarArA,lAy,maHswA`,HsawA,wandmocu,HqEnDarA,balu,TarA,HqEnDarA,balA,batarArA,HadarulAbA,mAldo,tanaHsto,wandocunnA,sEtocu,lDocu,sAma,bArakA,lAbA,eat
faxma,Safanu,Hagaritu,Calama,Hagaritu,buqAyA,barado,tawa,bazAfu,frE,balA,mla,nagar,zAf,mdr,HsAr,bagbx,Hagar,qaramfar`o,musEnnA,Haro,eat
Hanora,HqEsrAHEl,lDo,wadaminoru,mdr,maTu,dras,HarbA,`Ama,manA,balA,na`A,mdr,dnbar,maTu,dras,manA,balugomor,Hif,masfariyA,HaHsra,eat
taqamaTu,.hzbu,mo`Ab,lDo,yAmanazru,Damar.hzbu,HamlAkocA,maHswA`,Taru,.hzbu,balA,HamlAkocA,sagaduHqEsrAHEl,b`ElfEgor,takatala,HqEgziHab.hEr,quTA,baHqEsrAHEl,lAy,nadadaHqEgziHab.hEr,HqEgziHab.hEr,eat
banagA,mdritu,frE,qiTA,HqEngocA,qolo,qan,banagA,mdritu,frE,balA,manA,qara,HqEsrAHEl,lDo,manA,maTA,nagar,`Ama,na`A,mdr,eat
banagA,mdritu,frE,qiTA,HqEngocA,qolo,qan,balubanagA,mdritu,frE,balA,manA,qara,HqEsrAHEl,lDo,manA,maTA,nagar,`Ama,na`A,mdr,eat
wasdo,mangad,mangad,balA,hEda,HabAtunA,HqEnAtu,maTA,mAru,saTA,balA,mAru,HanbasA,rEsA,wasada,nagarAcawmHabAtu,sEtitu,warada,gobazo,yAdargu,somso,eat
mahEd,tanaHsA,blAtEnAytu,sawna,baqurA,HqEnDarA,HabartA,thEdAla,HalawtaqamaTu,lAy,balA,TaTu,blAtEnAytu,zArE,mAdar,HqEbAk,fqad,lb,das,ybala,Halawsawyo,eat
tanaHsA,blAtEnAytu,HqEbAk,sawna,HabartA,qanu,wAgad,dras,qoy,Hala,balA,sawyo,qubAtunA,HaSkaru,mahEd,batanaHsA,blAtEnAytu,HamAtu,qanu,tawAgdoHal,HqEdaru,eat
sAsu,bago,barE,TDo,wasda,bamdr,lAy,Haradu,.hzbu,damu,balA,.hzbu,damu,bamablAtA,HqEgziHab.hEr,badalu,bla,nagaru,sAHol,talAlafA,dngAy,eat
yArdu,tHqEzAzu,HEfrEmnA,mnAsE,ysAkornA,zAblo,wagan,sawu,sAynaxu,fAsikA,balA,maqdasu,mAnxA,bAynaxA,HabAtocu,HamlAk,HqEgziHab.hEr,mafalag,lbu,yAqanA,caru,eat
HElyAs,HalA,Hatfri,ylqs,hEda,HqEndAlSi,Hadrgi,Hasqadma,duqEtu,HqEngocA,balA,HamCl,lD,Hadrgi,HqEsrAHEl,HamlAk,HqEgziHab.hEr,ylAlnA,bamdr,lAy,HqEgziHab.hEr,eat
Taboto,maTaT,qurbAnA,HqEsrAHEl,maHswA`,HaqarabubaziyA,qan,batAlAq,dastA,baHqEgziHab.hEr,balA,TaTu,lD,salomo,HanagaHsu,HalaqA,HqEgziHab.hEr,qabu,sAdoq,kAh,qabu,eat
lDo,HqEsrAHEl,HamlAk,HqEgziHab.hEr,yfalgu,mdr,Ha.hzAb,rkusa,yta,maTta,balA,HqEgziHab.hEr,das,HasaNtoHacawAlnA,HqEsrAHEl,HamlAk,HqEgziHab.hEr,bEt,maHsrA,HqEDA,yAxanA,eat
fAntA,HqETf,Hadrgo,Hiyob,HqEhtocu,qadmo,yAwqu,maTu,babEtu,HqEnDarA,balA,Hazanula,HqEgziHab.hEr,kAmaTA,nagar,HaxnAnu,brnA,warq,qala,fita,huAla,eat
samAy,mHsrAq,nafAs,HasnaHsA,bahAylu,dabub,nafAs,HamaTA,HsgA,Hafar,balA,wafo,bA.hr,HaSa,Hazanaba,basafarA,badnkuAnA,zuriyA,Tagabu,mNotA,wadadu,eat
yTl,bayaHagaru,ybatnA,HqEDu,fEgor,tabAbaru,mutA,maHswA`,Hasmararu,canafar,balA,tanaHsto,faradabA,canafaru,tawayA,zalAla,lD,lD,xdq,hono,taquaTarala,eat
faraso,mASkAkA,tanaHsA,mdr,tanqaTaqaTa,maTu,mdritunnA,yAla,tamAytunnA,taqamaTu,balA,HasmA,mAykalak,HqEbAbocnnA,HqEfuNto,HqEsaddbAchuAla,mAyxnAnA,lbE,bawsTE,HqEgziHab.hEr,baxyo,eat
HqEHsarAcawnA,HqEtak,HqEtagAla,ylAl,zaman,saw,dAgma,HabAto,CarquA,frE,balA,lDo,Trso,Tarasu,nagar,saw,bagazA,badalu,ymotAl,marArA,frE,eat
wAnA,sawu,mxPA,HakiqA,lD,godolyAs,maTA,bamxPA,lAy,HqEnDarA,balA,lD,HqEsmAHEl,HaHsru,sawu,tanaHsta,sAfA,lD,HakiqA,lD,godolyAs,eat
baHqEsrAHEl,Hatmaslu,ylAl,HqEgziHab.hEr,qAl,sil,HqEsrAHEl,HabAto,CarquA,frE,balA,lDo,Trso,Tarasu,blA,mtmaslu,mndr,.hyA,naNnA,HqEngdi,wadi,eat
HazagADtawAl,HabazA,lElitu,HanqalAfA,baTabA,HqEsA,nabalbAl,mdDA,glawAl,farADocA,balA,nagaHstAtocA,wadaqu,CoK,Ha.hzAb,tadabAlaqa,HEfrE,HqEndAltagalAbaTa,qiTA,gulbatu,balu,eat
Hiyasus,HqEgziHab.hEr,HsrA,balAka,HqEndtAmnu,HqEnkiyA,Hayta,HqEndnA,mlk,mns,balA,samAy,HqEnDarA,saTA,tablo,taxAfa,HabAtocA,bamdra,badA,manA,balu,eat
HqEwna,HqEwna,HqElAchuAla,zalAla,.hywa,HqEnDarA,HabAtocA,bamdra,badA,manA,balA,saw,balto,HqEndAymo,samAy,warada,HqEnDarA,samAy,warada,.hyA,HqEnDarA,eat
bamdra,HabAtocA,damanA,babA.hr,musE,ytabAbaru,badamanAnA,babA.hr,manfasAwi,mabl,balA,manfasAwi,maTaT,manfasAwi,`Ala,TaTtawAlnA,`Ala,krstos,bamibazu,das,HalAla,eat
Haro,lDo,nAdAbnA,Habyud,bayarAsA,TnA,wasda,HqEsA,Hadaragu,balAyu,balA,Hanoru,baHqEgziHab.hEr,yAlAzazA,HqEsA,HqEgziHab.hEr,waTto,baHqEgziHab.hEr,bamiqarbu,HqEqadsAla,ba.hzbu,eat
zAfu,mablA,yAmAra,`Ay,miyAsgomaD,Tbab,malkA,Haya,frE,wasadacnA,balA,bAl,saTa,`Ayno,takafatu,`rAqutA,honu,Hawaqu,balas,qTalo,safta,eat
.hzbu,baHqEgziHab.hEr,lAy,Haguramaramu,HqEgziHab.hEr,samto,taquaTA,HqEgziHab.hEr,HqEsA,bamakAka,balA,safaru,dAr,musE,CoKu,musE,HqEgziHab.hEr,xalaya,HqEsAtitu,HqEsA,bamakAka,eat
ba.hywatA,Hol,waradu,mdritu,tazagAcbA,gubAHE,HqEsrAHEl,lDo,CuKatA,mdritu,balA,bla,HqEgziHab.hEr,waTtA,yATnu,mato,HamsA,sawu,HqEgziHab.hEr,musE,Haro,eat
smA,HabEtu,smA,HqEsA,wadaqa,qATala,maHswA`tu,HqEnCatu,dngAyocu,Hafaru,balA,bagudguAdu,yAla,whA,.hzbu,bAyu,bagmbArA,HqEgziHab.hEr,HamlAk,baHAl,nabiyA,eat
malso,HamsA,HqEnEs,HqEgziHab.hEr,saw,HqEsA,samAy,twrad,HamsA,sawu,balA,HqEsA,samAy,wardA,HqErsunnA,HamsA,HamsA,HalaqA,HamsA,sawu,lAka,eat
wrad,ylAl,HqEnEs,HqEgziHab.hEr,saw,HqEsA,samAy,twrad,HamsA,sawu,balA,HqEgziHab.hEr,HqEsA,samAy,wardA,HqErsunnA,HamsA,Hsosta,HamsA,HalaqA,HamsA,eat
nafs,HqEsA,samAy,wardA,fitaNocu,HamsA,HalaqocnA,HamsA,HamsA,sawocA,balA,nafsE,thu,malHak,wrad,HatfrA,tanaHsto,nguHsu,HqEgziHab.hEr,HaqAro,HamlAk,eat
HamalaT,nAgar,HqEgziHab.hEr,HqEsA,samAy,wadaqa,bagocu,HaqATala,TabAqi,HqEnagr,balA,HamalaT,nAgar,baHsos,radf,takafla,bagmalo,lAy,HadagA,TAlu,wasaduHa,speak
rAq,cl,HamlAk,liyAdargl,bEtA,bamalkA,nagar,molA,hATHa,mkr,balA,xAdqA,yAyutAl,das,ylAcawAl,nxu.ha,banqa,habtA,TafA,qara,HqEsA,eat
basayf,motu,barAb,motu,ySAlAlu,mdr,frE,HaTta,tawagta,rhruho,balA,HqEDo,lDocA,qaqlawAl,waganE,sEt,lD,bamaqaTqaT,mabl,HqEgziHab.hEr,ma`Atu,eat
bamdra,badA,badaraqnA,bataTamA,marE,CAfo,batro,HqEsA,waTA,frE,balA,nagaHstA,batr,baratA,batr,muSo,lqso,tAwra,bamangad,lAy,taqbazabazu,eat
mdru,HsAr,balta,Carasu,gEtA,HqEgziHab.hEr,yqr,HqEndtl,HqElamnhAla,yA`qob,balA,nagar,taxaxata,Hayho,ylAl,gEtA,HqEgziHab.hEr,HasAya,gEtA,HqEgziHab.hEr,baHqEsA,eat
HqEgziHab.hEr,tfardbAcawAla,saw,lD,bawnu,tfardbAcawAla,HabAtocA,rkusa,HastAwqA,hm,balA,gEtA,HqEgziHab.hEr,ylAl,HqEsrAHEl,bamaraT,yA`qob,bEt,zar,bamAl,qan,speak
HqEgziHab.hEr,qAl,sil,maTA,saw,lD,HqEsrAHEl,SmAglE,tanAgar,hm,balA,gEtA,HqEgziHab.hEr,ylAl,tTayqu,maTtAchuAl,.hyA,naNnA,Tayaq,ylAl,gEtA,speak
lAy,ydarqAl,HqEgziHab.hEr,qAl,sil,maTA,`Amaxa,bEt,trguAmE,HatAwqu,balA,hm,bla,ngarA,bAbilo,nguHs,HiyarusAlE,maTA,nguHswAnnA,makuAnnto,mAraka,speak
galabA,balEla,CqA,ymargutAlnA,galabA,balEla,CqA,mimargu,sawu,ywadqAl,balA,yAsaT,znAb,yzanbAl,tAlAq,barado,dngAy,ywadqAl,`awlo,nafAs,ysanaTATqawAl,eat
lAy,tnbi,tanAgar,gazA,lbA,tnbi,nAgaru,HqEgziHab.hEr,qAl,smu,balA,gEtA,HqEgziHab.hEr,ylAl,sAyAyu,gazA,manfasA,mikatalu,sanafo,nabiyA,HqEsrAHEl,eat
sawu,norubA,tamo,bAdmA,yhonAlu,mdritu,wdmA,thonAla,HqEgziHab.hEr,tAwqAlA,balA,HqEgziHab.hEr,qAl,sil,maTA,saw,lD,baHqEsrAHEl,mdr,zamanu,razmoHal,eat
HqEgziHab.hEr,ylAl,HasqarawAla,baHqEsrAHEl,Hadrga,HaynAgaru,zamanunA,rAHqEyu,nagar,qarboHal,balA,baHqEsrAHEl,bEt,ntu,rAHqEynA,wSata,mwAr,Hayho,HqEgziHab.hEr,HqEnAgarAla,mnAgara,eat
yAla,ngara,bilu,HqEmo,yonAtA,bEt,Hatmalsa,byE,banguHsu,man,balA,Halaqocu,HErmyAs,maTta,Tayaqu,nguHsu,HqEndAzaza,qAl,nagarA,nagaru,tasamAmnA,eat
gEtA,HqEgziHab.hEr,ylAl,hidnA,yhudA,sawocnA,baHiyarusAlE,miqamaTu,tanAgar,hm,balA,qAlE,tsamu,tagHsAx,Hatqabalu,ylAl,HqEgziHab.hEr,rEkAb,lD,HiyonAdAb,lDocu,speak
ysamu,mangadA,ymalasu,yhonAl,HsrA,kfA,yAsabhubA,nagar,HqEtawAla,hm,balA,HqEgziHab.hEr,ylAl,basaTahuA,.hgE,thEdu,bAtsamu,yAlsamA,bamAladA,tanaHscE,lAkhuA,speak
yhudA,nagaHstA,bamigabubatnA,bamiwaTu,ba.hzbu,lDo,baHiyarusAlE,baro,qum,hm,balA,baro,mtgabu,yhudA,nagaHstA,yhudA,baHiyarusAlE,mtnoru,HqEgziHab.hEr,qAl,smu,speak
qAl,qAl,kidA,qAl,smA,yhudA,sawu,baHiyarusAlE,minoru,tanAgar,balA,HqEsrAHEl,HamlAk,HqEgziHab.hEr,ylAl,gbx,Hagar,bra,mdDA,bAwaTAhuA,qan,speak
samA,lAka,hid,.hzb,masmA,tsamAlA,HatAstawlu,mAya,tAyAlA,Hatmalakatu,balA,ba`AynA,HqEndAyAyu,baDoroHa,HqEndAysamu,balbA,HqEndAyAstawlu,tamalsa,HqEndAyfawasu,.hzb,lb,eat
tTayqu,mthEdu,baHqEsrAHEl,HamlAk,lEla,HqEgziHab.hEr,ylAl,tmotAla,waTA,Hatward,balA,Hala,HElyAs,hEda,malHqEktaNo,HakAzyAs,tamalasu,tamalasA,HalA,saw,liganANa,eat
baTalA,saTa,.hzbu,baTor,zagA,rstu,cal,HalA,gulmAsocA,HqEsA,balA,quanaDADtocA,HalAzanu,kAhnAtocA,basayf,wadaqu,bAltEtocA,HalAlaqasulA,HqEgziHab.hEr,HqEnqlf,minaqA,eat
qanbar,CnobAchuAl,baqanbarA,lAy,HqECamrAla,HabAtE,baHalangA,garfoHachuAl,baginT,HqEgarfAchuAla,balA,bla,tanAgaru,nguHsu,baHsosta,qan,tamalasu,tanAgara,Hiyorb`AmnA,.hzbu,baHsosta,eat
honu,baTalAtocA,ySaSAlu,nagar,makAkalA,kAlATafA,tanaHsAnA,.hzbu,qads,hm,balA,HqEsrAHEl,nagar,bamakAkal,Hala,nagar,makAkalA,tATafu,dras,baTalAtocA,maqo,speak
honu,baTalAtocA,ySaSAlu,nagar,makAkalA,kAlATafA,tanaHsAnA,.hzbu,qads,hm,balA,HqEsrAHEl,nagar,bamakAkal,Hala,nagar,makAkalA,tATafu,dras,baTalAtocA,maqo,speak
yhonlA,faru,tHqEzAzE,Tabqu,yAla,lb,mna,hEda,dnkuAnA,tamalasu,balA,qum,HadrgE,bamsaTA,mdr,lAy,yAdarguHa,mtAstamrA,tHqEzAzEnnA,Hsr`AtE,frdE,speak
tarArAmA,Hagar,mawTA,HaqalalA,HqEgziHab.hEr,HaydalahumnA,baTalAtocA,HqEndAtwadqu,HatwTu,HatwAgu,balA,Hala,tanAgarhuA,baHqEgziHab.hEr,tHqEzAz,lAy,`AmaxA,samA,bat`bitA,tarArAmA,Hagar,speak
TAfAC,StA,baHqEsA,tadaraga,qurbAnE,mabA,bayagizE,tAqarbul,Tabqu,hm,balA,baHqEsA,HqEgziHab.hEr,mtAqarbu,qurbA,zawatr,miqATal,maHswA`,nawr,lElabA,`Ama,speak
HqEndAzaza,mot,dras,badngAy,wagaru,HqEgziHab.hEr,musE,tanAgara,HqEsrAHEl,lDo,balA,twldocA,balbsA,CAf,zarf,yAdargu,bazarfu,lAy,samAyAwi,fatl,yAdargu,eat
yAguramarmb,.hzb,macE,HqEtAgaHsawAla,lAy,yAguramarmu,HqEsrAHEl,lDo,mAguramra,samA,balA,.hyA,naNnA,baDoro,tanAgarA,baHqEwna,HadargbAchuAla,ylAl,HqEgziHab.hEr,badnocA,mdra,eat
manfas,wasDE,baHqEnarsu,lAy,HadargawAla,HqEndAtSaka,.hzbu,Sak,ySakamAlu,.hzbu,balA,mnbalA,HsgA,ysaTanAl,bagbx,dahnA,nabaral,lAc,yAlaqasA,HqEgziHab.hEr,Doro,eat
qdusA,nagaro,layu,taqadasa,smE,HqEndAyAraksu,HaronnA,lDocu,ngarA,HqEgziHab.hEr,balA,mAnA,saw,zarA,batwldA,rkusa,HqEsrAHEl,lDo,HqEgziHab.hEr,wadamiqadsu,qdus,eat
maHswA`tA,takatla,lAmanazarubA,sayTAnA,HayHsawu,lD,lDA,zalAla,Hsr`A,yhu,balA,HqEsrAHEl,bEt,bamakAkalA,minoru,HqEngdo,mAnA,saw,qATal,maHswA`,maHswA`,speak
yhudA,sawu,baTAfnAs,bAla,bafar`o,bEt,daD,magbiyA,SaSgA,hm,balA,HqEsrAHEl,HamlAk,HsarA,gEtA,HqEgziHab.hEr,ylAl,lkE,bAriyA,bAbilo,nguHs,speak
Sak,baHiyarusAlE,baminora,HalaqA,lAy,bamakAkalA,baminoru,baHqEsrAHEl,bEt,lAy,balA,mlktA,HqEndAdarag,ydaragbAcawAl,basda,mrko,yhEdAlu,bal,bamakAkalA,nora,HalaqA,eat
dras,`amaxub,taCamAtara,lbA,danadana,lDo,HqElkhAla,gEtA,HqEgziHab.hEr,ylAl,balA,`Amaxa,bEt,nAcawnA,bisamu,bAysamu,nabiy,bamakAkalA,HqEndAla,yAwqAlu,saw,eat
tamArA,tmhrt,qAwamu,malayAyatnnA,mAsanAkayA,yAdargu,sawu,HqEndtmalakatu,HqElamnAchuAla,faqaq,balA,yAlu,gazA,hodA,gEtA,Hiyasus,krstos,HaygazumnA,bamalkAmnA,bamiyAqolAmT,nggr,speak
yAltaqamaTa,wrnCA,tAsro,tAgaNAlA,fattA,HamTu,tfatutAlA,biTayqA,gEtA,yAsfalgawAl,balA,HalA,talAku,hEda,HqEndAlA,HagaNu,wrnCA,fatu,gEtocu,wrnCA,tfatutAlA,eat
gEtA,yo.hans,daqa,mazAmurtu,HqEndAstamAra,HqEnxaly,Hastamra,Hala,HalA,stxalyu,balA,basamAyA,mtnor,HabAtA,sm,yqadas,mangHs,tmTA,faqAd,basamAy,bamdr,eat
slAdaraga,yAmasagnawAl,tAzazA,bAdaragA,mAnTaq,bAriyA,nan,lnAdarga,gabA,HadrganAl,balA,HiyarusAlE,hEd,bagalilAnA,basamAryA,Halafa,Handi,mandar,gabA,baruq,qomu,eat
HadabAbAy,waTtA,tamA,taTAbaqab,tbiyA,HqEnArAgflAchuAla,HqEgziHab.hEr,mangHs,qaraba,HqEwaqu,balA,HqElAchuAla,qan,katamA,sado,yqallAtAl,wayol,korAzi,wayol,bEta,sAydA,eat
CAmA,HatyAzu,bamangad,HatnHsu,wadamtgabu,bEt,HasqadmA,salAm,bEt,yhu,balA,salAm,lD,binor,salAmA,yAdrbatAl,HalaziyA,ymalaslAchuAl,bEt,kAla,balAchunA,eat
CAmA,HatyAzu,bamangad,HatnHsu,wadamtgabu,bEt,HasqadmA,salAm,bEt,yhu,balA,salAm,lD,binor,salAmA,yAdrbatAl,HalaziyA,ymalaslAchuAl,bEt,kAla,balAchunA,eat
Cfro,ganzab,saTta,taNta,sAla,daqa,mazAmurtu,balEli,maTta,saraqu,balA,bagaZi,tasamA,HqEnAsradAwAla,yAla,HsgA,HqEndthonu,HqEnAdargAla,HaluHa,ganzabu,taqabla,eat
tAsara,HahyA,wrnCA,tAgaNAlA,fattA,HamTul,HandA,bilA,gEtA,yAsfalgutAl,balA,wadiyA,ysadAcawAl,xyo,lD,nguHs,wAh,hono,baHahyA,lAynA,baHahyAytu,eat
bEt,badarasa,HqEmbiltaNocnnA,nCACA,.hzb,Hayto,blAtEnAytu,taNtAla,motacmnA,faqaq,balA,HalA,sAqu,.hzbu,HaswaTu,gabto,yAzA,blAtEnAytu,tanaHsA,znA,Hagar,speak
bartE,TaftawAlnA,wAy,bal,bAsA,zAfo,xnu,CAkA,taquarToHalnA,wAy,balA,HqEraNo,kbr,tawArdoHalnA,wAytA,dmx,tasamtoHal,yordAnos,t`bi,tawArdoHalnA,Hanbaso,speak
qan,qarboHalnA,HqEgziHab.hEr,maHswA`,HazagADtoHalnA,TarA,qadsoHalnA,bagEtA,baHqEgziHab.hEr,zm,balA,baHqEgziHab.hEr,maHswA`,qan,HalaqocnnA,nguHs,lDo,HqEngdA,lbs,bsu,HqEqaTAla,speak
saTtoHachuAlnA,qadmo,fitaNAwnnA,huAla,znAb,HaznbolAchuAlnA,baHqErsu,das,ybalA,HqEll,balA,HawdmA,HqEhl,ymolAlu,maTmaqiyA,TaDnnA,zay,Hatrafrfa,yAfassAlu,sadadhubA,tAlAqu,speak
qan,maTtoHalnA,qarboHalnA,baxyo,malaka,nfu,baqdusu,tarArA,lAy,HqEri,balA,bamdr,noru,ynqaTqaTu,HqEgziHab.hEr,qan,maTtoHalnA,CalamAnA,CgAg,qan,damanAnA,eat
HamlAkA,bEt,qartoHalnA,kAhnA,mAq,tATqA,qsu,maHsawiyA,HagalgAyo,wAy,balA,HamlAkE,HagalgAyo,lElitu,bamAq,lAy,taNu,xom,qadsu,gubAHE,HawDu,speak
qara,HanbaTA,balA,HanbaTA,qara,dagobyA,balA,dagobyA,qara,kubkubA,balA,batahA,TaDA,HafA,tawagdoHalnA,sakArAmo,naqtA,qsu,TaD,mtTaTu,wAy,eat
basamAryA,tarAro,lAy,tasabsabu,tAlAqu,wkAtA,bamakAkal,yAla,gf,tamalkatu,balA,gfnnA,qmiyA,baHadArASocA,yAkamAcu,qn,nagar,yAdargu,HayAwqu,ylAl,HqEgziHab.hEr,eat
bagib`A,malaka,barAmA,HqEnbiltA,nfunA,bnyA,lAc,babEtHawE,lAy,HqEri,balA,HEfrE,bazalafA,qan,farasa,yhonAl,baHqEsrAHEl,nagado,baHqErgT,nagar,galCAla,eat
maTA,saw,lD,tnbi,tanAgar,hm,bal,gEtA,HqEgziHab.hEr,ylAl,balA,qanu,qanu,qrb,HqEgziHab.hEr,qan,qrb,damanA,qan,Ha.hzAb,yhonAl,speak
sanbatAtE,Harakas,dam,yAfassu,qamANo,sawu,baHanci,baHanci,batarAro,lAy,balA,bamakAkal,sEsaNna,Hadaragu,baHanci,HabAtocA,hafrata,HsgA,galaTu,baHanci,Hadaf,eat
bAbilo,tawasada,bEl,Hafara,mErodAk,danagaTa,mslo,Hafaru,TA`otA,danagaTu,balA,.hzb,samE,waTtobAtAl,mdr,bAdmA,yAdargAl,qamaT,Hayga,saw,Damro,eat
Hasamu,bamEmfosnA,baTAfnAs,Hasamu,sayf,bazuriyA,yAla,baltoHalnA,tanaHs,tazagAD,balA,hAylaNo,tawagadu,HqEgziHab.hEr,slAdakamA,qomu,bzAtA,tasanAkala,saw,baHandu,lAy,speak
lAlu,dasEto,HawrunA,HqEsrAHEl,batana,ysabasbawAl,HqEra,mangA,miTabq,yTabqawAl,balA,HqEgziHab.hEr,yA`qob,tabEZtotAl,baratu,HadnotAl,ymaTAlu,baxyo,tarArA,HqEll,ylAlu,speak
baHEfrE,tarAro,lAy,yAlu,TabAqo,tanaHsu,xyo,HamlAkA,HqEgziHab.hEr,HqEnwTA,balA,CoKu,qan,ymaTAlnA,HqEgziHab.hEr,ylAlnA,yA`qob,das,ybalA,Ha.hzAb,Halaqo,eat
HqEgziHab.hEr,HqEnwTA,bla,CoKu,qan,ymaTAlnA,HqEgziHab.hEr,ylAlnA,yA`qob,das,balA,Ha.hzAb,Halaqo,HqEll,Hawru,Hamasgnu,HqEgziHab.hEr,.hzbu,HqEsrAHEl,qrEtA,HadnoHal,speak
nagru,bla,HqEzazA,HqEsrAHEl,HamlAk,HsarA,gEtA,HqEgziHab.hEr,ylAl,gEtocA,balA,mdritu,bamdr,lAy,yAlu,sawocnnA,HqEnsso,batAlAq,hAylEnA,batazaragA,kndE,eat
lAy,malaka,nfu,balu,CoKA,hulA,tasabsabu,tamaSagu,tamo,HqEngbA,balA,samE,nagarnnA,xnu,TfA,HamaTAlahunA,xyo,`AlAmA,HanHsu,SSu,Hatzagyu,speak
frsrASo,yhonAlu,HqEgziHab.hEr,xnu,quTA,tamalasamnA,mAq,lbasu,qsu,wAy,balA,qan,ylAl,HqEgziHab.hEr,nguHsunA,makuAnntu,lb,yTafAl,kAhnAtu,ydanaqAlu,nabiyAtu,speak
frsrASo,yhonAlu,HqEgziHab.hEr,xnu,quTA,tamalasamnA,mAq,lbasu,qsu,wAy,balA,qan,ylAl,HqEgziHab.hEr,nguHsunA,makuAnntu,lb,yTafAl,kAhnAtu,ydanaqAlu,nabiyAtu,speak
Haswagdu,bayhudA,tanAgaru,baHiyarusAlE,lAy,HawrunA,baHagaritu,lAy,malaka,nfu,balA,CoKA,hulA,tasabsabu,tamaSagu,tamo,HqEngbA,balu,samE,nagarnnA,xnu,eat
HaxnAntoHalnA,cgraNocu,rArtoHalnA,samAyA,zamru,mdr,das,ybal,tarAro,HqEll,balA,xyo,HqEgziHab.hEr,ttoNAl,gEtA,rastoNAl,Hala,bawnu,sEt,mAhxa,tawalada,speak
bamdr,dArcA,noru,HamlAkA,madhAni,yAyAlu,HqEgziHab.hEr,`qA,mtSakamu,HqElf,balA,HqElf,balu,wTu,rkus,nagar,Hatnku,wTu,nx.ha,hunu,HqEgziHab.hEr,eat
tanAgaru,ngaru,mdr,dArcA,dras,HawrunA,HqEgziHab.hEr,bAriyA,yA`qob,tAdgotAl,balA,bamdra,badA,bamarA,taTamu,whA,`Alatu,HafalaqalA,`Alatu,sanaTaqa,whA,eat
HamlAk,saw,nafs,HamlAk,saw,hATiHa,biHsarA,bamAhbaru,lAy,tquaTAla,balA,HqEgziHab.hEr,musE,tanAgara,mAhbaru,qorEnA,dAtA,HabEro,mAdariyA,zuriyA,faqaq,speak
nsr,baknf,ywaTAlu,yroTAlu,HaytAktu,yhEdAlu,Haydakmu,dasEto,bafitE,zm,balA,Ha.hzAb,hAylA,yAdsu,yqrabu,ynAgaru,frd,Handna,HqEnqrab,mHsrAq,yAsnaHsA,eat
ylAlu,nabiyA,TAfACunnA,HatAlAyu,nagar,qnu,nagar,Hatngaru,mangad,faqaq,balA,guadAnA,zawar,HqEsrAHEl,qdus,Haswagdu,yluHacawAl,HqEsrAHEl,qdus,ylAl,qAl,speak
Hsaru,HadArASo,Hafarasu,bAdmA,HadaraguA,tarsEs,markabo,mSgA,farsoHalnA,wAy,balA,qan,yhonAl,Tiros,nguHs,zaman,`Ama,yAhl,tarasA,thonAla,`Ama,speak
tagalTolAcawAl,badasE,mtnoru,babA.hr,mtSAgaru,donA,nagAdE,ngd,molubA,xaT,balA,Si.hor,zarnA,`AbAy,wanz,makar,babzu,who,lAy,gabi,Ha.hzAb,eat
sgadu,HamlAkA,HqEgziHab.hEr,qdus,nawnA,msgAnA,mazmur,mdr,HqEgziHab.hEr,HqEll,balA,badastA,HqEgziHab.hEr,tagazu,ba.haHsE,gbu,HqEgziHab.hEr,HamlAk,HqEwaqu,HsarA,Haydala,speak
HaSa,ybazAlu,tanaHsA,HabEtu,hATiHataNo,mtgadl,honhs,dam,sawu,faqaq,balA,bakfA,ynAgarubhAlnA,TalAto,bakantu,yAmxubhAl,HabEtu,Talu,TalA,Haydala,TalAto,speak
HqEwnatu,Hasaba,mdr,dArcA,HamlAkA,mAdA,Hayu,mdr,HqEgziHab.hEr,HqEll,balA,Hamasgnu,das,ybalA,zamru,HqEgziHab.hEr,bamasanqo,bamasanqonA,bazmArE,dmx,zamru,speak
bamasanqonA,bazmArE,dmx,zamru,bawASntnA,bamalaka,dmx,banguHs,baHqEgziHab.hEr,HqEll,balA,bA.hrnA,molA,`Ala,noru,ynAwaTu,wanzo,baHandna,yACabCbu,tarAro,das,speak
gbu,baqdsnA,sfrA,HqEgziHab.hEr,sgadu,mdr,tnawAwaT,baHa.hzAb,HqEgziHab.hEr,nagaHsa,balA,HqEndAynAwaT,`Alamu,HaxanA,Ha.hzAb,baqnna,yfardAl,samAyA,das,ybalA,mdr,eat
bawA,HasAf,mazmur,baradHEtA,baHqEgziHab.hEr,das,ybalA,yA`qob,HamlAk,HqEll,balA,zmArE,HanHsu,baro,sTu,das,yAsaNa,baganA,masanqo,gArbamabAcA,qan,speak
mazmura,mazamrA,HalaqA,manaHsA,msgAnA,mazmur,bamdr,yAlA,HqEgziHab.hEr,HqEll,balA,smu,zamru,msgAnA,kbr,sTu,HqEgziHab.hEr,balu,HsrA,gru,hAyl,speak
lDo,mazmur,Ha.hzAb,hulA,HqEDocA,HaCabCbu,badastA,qAl,HqEgziHab.hEr,HqEll,balA,HqEgziHab.hEr,l`ul,gru,nawnA,bamdr,lAy,tAlAq,nguHs,nawnA,Ha.hzAb,speak
ysamANAl,taquaTu,nagar,hATiHa,HatAdrgu,bamaNtA,sAlA,balbA,Hasbu,zm,balA,xdq,maHswA`,Hsawu,baHqEgziHab.hEr,tAmanu,bago,yAsAyanAl,HabEtu,brhA,balAyA,eat
kbrus,HayAsfarA,grmAws,HaywadqbA,mslEwocA,Hamad,mSgocA,CqA,mSgo,zm,balA,HqEnAgar,tawu,nagar,ymTAb,HsgA,baTrsE,HqEyzAla,.hywatE,baHqEDE,HanorAla,eat
mskrnatE,baDoroHa,HadmTu,mugtE,HazagADcAla,mxadq,HawqAla,HqEnEs,fArad,zm,balA,HqEmotAla,nagar,nagar,HatAdrgb,sawar,Harq,grmA,HatAsdangTa,TrA,HqEmalslhAla,eat
dastA,hAylA,nawnA,Hatzanu,HalA,lEwA,qanu,taqadasa,nawnA,zm,balA,Hatzanu,bla,.hzbu,xaT,yAdargu,.hzbu,tanagaralA,qAl,HastawlawAlnA,libalunA,eat
sabanyA,fatAyA,Halu,qomA,zalAla,zalAla,HamlAkA,HqEgziHab.hEr,bArku,hm,balA,babarakatnA,bamsgAnA,lAy,kaf,kaf,yAla,kbur,sm,ybArak,HqEgziHab.hEr,speak
HabEsElo,baHqEsrAHEl,nagad,qanda,malaka,dmx,basamA,HabEsElo,bakEbro,nagaHsa,balA,gubaNo,lAka,taTaru,mato,sawu,HabEsElo,bayawAhna,HiyarusAlE,hEdu,nagar,eat
mAhbaru,tagalaTa,HqEgziHab.hEr,musEnnA,Haro,tanAgarA,baqx,HaTafA,mAhbar,faqaq,balA,bagmbArA,wadqa,HamlAk,saw,nafs,HamlAk,saw,hATiHa,biHsarA,bamAhbaru,speak
Haqrbul,HalA,sAHol,ba.hzbu,zorA,saw,barEwnnA,bagu,yAqrb,HqEradunA,balA,damu,bamablAtA,HqEgziHab.hEr,Hatbadlu,baluHa,Hala,saw,baHqEDu,yAla,barE,speak
qanda,malaka,snnafA,basafaru,zuriyA,qanda,malakatA,nfu,HqEgziHab.hErnA,gEdEwo,balA,HalA,gEdEwo,mato,sawu,bamakAkala,tgA,tgAtu,bataDamara,safaru,dArcA,eat
HqEgziHab.hEr,musE,tanAgara,mAhbaru,qorEnA,dAtA,HabEro,mAdariyA,zuriyA,faqaq,balA,ngarA,musE,tanaHsto,dAtAnnA,HabEro,hEda,HqEsrAHEl,SmAglE,takatalu,mAhbaru,speak
HqEgziHab.hEr,musE,tanAgara,mAhbaru,qorEnA,dAtA,HabEro,mAdariyA,zuriyA,faqaq,balA,bla,ngarA,musE,tanaHsto,dAtAnnA,HabEro,hEda,HqEsrAHEl,SmAglE,takatalu,speak
musEnA,Haro,maganA,dnkuA,maTu,HqEgziHab.hEr,musE,tanAgara,mAhbar,faqaq,balA,baqx,HaTafAcawAla,bagmbArA,wadaqu,musE,Haro,TnA,wsad,maHsawiyA,lAy,speak
dras,saw,bagzo,Hanuru,makarA,HqEnDarA,magbu,makarA,whA,HaTaTu,balA,Hala,mikyAs,badahnA,btmalas,HqEgziHab.hEr,tanAgara,Haydala,Hala,Ha.hzAb,smu,eat
lAy,nguHs,Hadrga,yqbu,qanda,malaka,naftA,salomo,`Ama,yngaHs,balA,takatlA,wTu,maTto,bazufAnE,lAy,yqamaT,fAntA,yngaHs,baHqEsrAHElnA,bayhudA,speak
HqEgziHab.hEr,gEtA,lAy,zArE,wasda,HawqahAl,Halu,Hawo,HawqEHala,zm,balA,HalA,HElyAs,HElsA`,HqEgziHab.hEr,HiyAriko,lkoNAlnA,HqEbAk,qoy,Hala,.hyA,eat
nabiyA,lDo,HElsA`,qarba,HqEgziHab.hEr,gEtA,lAy,zArE,wasda,HawqahAl,balA,Hawo,HawqEHala,zm,balu,malasa,HElyAs,HqEgziHab.hEr,yordAnos,lkoNAlnA,HqEbAk,eat
nafsA,yAdnu,SaSu,mxAmo,safaru,maDamariyA,dArcA,bamaTu,dnkuA,gabta,balA,TaTu,warqnA,br,lbs,wasadu,hEda,SaSagu,tamalsa,dnkuA,gabu,eat
xantoHal,samAyA,das,ybalA,mdr,.hasE,tAdrg,baHa.hzAb,HqEgziHab.hEr,nagaHsa,balA,bA.hrnA,molA,tnAwaT,baraha,baHqErsuA,yAlu,.haHsE,yAdrgu,bamdr,lifard,eat
HamlAk,Hadna,qdus,sm,HqEnAmasag,bamsgAnA,HqEnmakA,Ha.hzAb,sabsba,tAdaga,balA,zalAla,zalAla,HqEsrAHEl,HamlAk,HqEgziHab.hEr,ybArak,.hzbu,HamE,ybalu,HqEgziHab.hEr,eat
HqEni,.hzb,tAlAq,hATiHa,HsartawAl,warq,HamAlk,HadrgawAl,hATiHatA,yqr,balA,yAlaziyA,xAfKa,max.haf,HqEbAk,damssa,Hala,HqEgziHab.hEr,musE,badala,max.hafE,eat
samA,mAtA,HsgA,tbalAlA,mAladA,HqEnDarA,tTagbAlA,HqEgziHab.hEr,HamlAkA,tAwqAlA,balA,hm,bamaSa,drCto,maTu,safaru,danu,mAladA,basafaru,zuriyA,Tal,speak
tamAytu,waTta,sAyrqu,yosEf,bEtu,HazAZ,Hala,tanaHsta,takatalA,badarashbA,balA,bamalkAmu,fAntA,malasA,gEtA,TaTA,mHsTir,yAwq,xwA,Haydala,bAdaragA,eat
gazuHa,HqEsrAHEl,lDo,lqso,samA,qAl,kidAnE,Hasab,HqEsrAHEl,lDo,balA,HqEgziHab.hEr,gbxA,bArna,HawaTAchuAla,tagaZnatA,HadnAchuAla,batazaragA,knd,batAlAq,frd,eat
yzA,gbx,mdr,baraka,HqEsaTAchuAla,mdritu,sb,tbalAlA,wandmo,Hadrgu,balA,gbx,mdr,.hxAnAtocA,sEtocA,saragalo,wsadu,HabAtA,yzA,`qA,HatAsbu,eat
fErzA,HEwiyA,yAbusA,Hagar,watatnA,mAr,wadamtAfass,Hagar,HawaTAchuAla,tagalaTal,balA,qAl,ysamAlu,HantanA,HqEsrAHEl,SmAglE,gbx,nguHs,tgabAlA,`brA,HamlAk,eat
Hangata,dandAnA,.hzb,nAc,bwaTA,HaTafAchuAla,mAdargbA,Hawq,gETA,HawTu,balA,Hala,HqEsrAHEl,lDo,korEb,tarArA,Damra,gETA,HawaTu,musE,dnkuAnu,eat
