Lcontext1,target word,Rcontext1,class
cgro,darasa,mahonu,happen
sAbiyA,darasa,dngata,happen
gudA,darasa,tabAy,happen
gudA,darasa,smnt,reach
gudA,darasa,HakAbAbi,reach
gudA,darasa,wagano,reach
HqEnssA,darasa,gudA,happen
kllo,darasa,tamasAsAy,happen
Hadagaa,darasa,bulE,happen
HadagA,darasa,tArgA,happen
gudA,darasa,sawu,reach
sabl,darasa,gudA,happen
gudA,darasa,gabarE,reach
gudA,darasa,sawu,reach
Hadaro,darasa,gudA,happen
HakAbAbi,darasa,gorf,reach
gudA,darasa,wagano,reach
HadagA,darasa,znAb,happen
gudA,darasa,tamAri,reach
kflo,darasa,gorf,happen
gudA,darasa,mahonu,reach
HadagA,darasa,mahonu,happen
kllu,darasa,makinA,happen
bl,darasa,mangad,happen
gudAtu,darasa,ngAtu,happen
kra,darasa,gorf,happen
gudAtu,darasa,ngAtu,happen
gudA,darasa,wagano,reach
maTlaqlaq,darasa,gudA,happen
nbra,darasa,gudA,happen
nbra,darasa,gudA,happen
darasawu,darasa,sawu,happen
HadagAwu,darasa,lElitu,happen
stiyA,darasa,makinA,reach
gudA,darasa,HasAfro,happen
HadArA,darasa,qATalo,happen
HqEndAstAwaqu,darasa,darasa,happen
gudA,darasa,gorf,reach
magACatA,darasa,HasaqAqi,happen
HadagA,darasa,HqEhl,happen
HadagA,darasa,gudA,happen
gudAtu,darasa,HakAbAbi,happen
gudAtu,darasa,HakAbAbi,happen
gudA,darasa,.hEktAr,reach
gudA,darasa,wagano,reach
HadagA,darasa,mS,happen
tazAmto,darasa,HadagA,happen
gudA,darasa,bAlafa,reach
gudAtu,darasa,HaSkarkAri,happen
gudA,darasa,waradA,reach
gudA,darasa,HadvEntis,reach
masA,darasa,maTlaqlaq,happen
gudAtu,darasa,waradA,happen
gudA,darasa,HasradtawAl,reach
gudA,darasa,sawu,reach
gudA,darasa,sawu,reach
HadagA,darasa,HqEla,happen
gudA,darasa,HasradtawAl,reach
waqt,darasa,bknatnA,happen
HadagA,darasa,HasAfro,happen
gudA,darasa,galTawAl,reach
wdma,darasa,zonu,happen
hab,darasa,fta,happen
gudA,darasa,mahonu,reach
bitakalu,darasa,kAla,happen
maqArabiyA,darasa,HadagA,happen
gudA,darasa,taSkarkAri,reach
gudA,darasa,wagano,reach
gudA,darasa,mahonu,reach
botA,darasa,masanTaq,happen
masanaTATaq,darasa,mangad,happen
stayA,darasa,whA,happen
gudA,darasa,mahonu,reach
mAhbar,darasa,gudA,happen
gudA,darasa,gabarE,reach
qabalE,darasa,gorf,happen
bEto,darasa,gudA,happen
dngATE,darasa,HasAdAgiwocA,happen
HadagA,darasa,stAstAmma,happen
mugar,darasa,Snfa,happen
HadagA,darasa,sfrA,happen
bkna,darasa,Taqsa,happen
turisto,darasa,HadagA,happen
sEt,darasa,gf,happen
gudA,darasa,TqAtu,reach
ganzabnA,darasa,gudA,happen
lwwT,darasa,gudA,happen
banE,darasa,Halwadadku,happen
HawAqina,darasa,mAnnatA,happen
qTAtu,darasa,HaltaTarATara,happen
zEgo,darasa,gudA,happen
HamarAr,darasa,gudA,happen
gudA,darasa,DDgA,reach
gudA,darasa,hbratasab,reach
gudA,darasa,zar,reach
gudA,darasa,Sbr,reach
CAnA,darasa,mAla,happen
gadamA,darasa,zagnANnA,happen
muAcocu,darasa,qATalo,happen
HawroPA,darasa,wT,happen
tagaNa,darasa,bonb,happen
.hywatnA,darasa,HakAl,happen
TornA,darasa,TaqlAlA,happen
TfA,darasa,TaqlAlA,happen
HErtrA,darasa,SnfatnA,happen
HadagA,darasa,watAdarocA,happen
lD,darasa,TEnA,happen
tolo,darasa,zar,reach
HaCr,darasa,mrtAmAnA,happen
faTno,darasa,sabl,reach
faTno,darasa,sabl,reach
zaTanA,darasa,waCi,happen
tolo,darasa,bAla,reach
tolo,darasa,bAla,reach
maSaTu,darasa,matAyatunnA,happen
faTno,darasa,bAla,reach
faTno,darasa,bAla,reach
quTr,darasa,blawAl,happen
HaCr,darasa,bAla,happen
daraDA,darasa,nawu,happen
tolo,darasa,bAla,reach
zryA,darasa,yAlawu,happen
zarta,darasa,zryA,happen
HqETf,darasa,yAlawu,happen
HanbaTA,darasa,mASlA,happen
HadagA,darasa,zArE,happen
faTno,darasa,yAlawu,reach
kEnyA,darasa,watAdarAwi,happen
faTno,darasa,bAla,reach
HsAm,darasa,kilo,happen
HqEhlo,darasa,wAgA,happen
sAmnt,darasa,blawAl,happen
Camro,darasa,galTawAl,happen
hEktAr,darasa,qolonA,happen
katamA,darasa,bulE,happen
`Ama,darasa,`Ama,happen
mAdras,darasa,tanAgrawAl,happen
tolo,darasa,yAlawu,reach
taquAqumo,darasa,zryA,happen
HaCr,darasa,fta,reach
zarta,darasa,zryA,happen
HagbAbu,darasa,Tru,happen
Hadaru,darasa,bAladrSA,happen
HarsoHadaru,darasa,lmAtu,happen
mr,darasa,sabu,happen
HaCr,darasa,HatkltnA,happen
Hagalglo,darasa,masAriyA,happen
Hadaru,darasa,yAdargu,happen
Hagalglo,darasa,HqEnqsqAsE,happen
zryA,darasa,HawTto,happen
HaCr,darasa,gabayA,happen
HqEdga,darasa,lidarsu,happen
HqEdmE,darasa,.hxa,happen
tmhar,darasa,sEto,happen
waqt,darasa,tamAri,happen
Trat,darasa,tamAri,reach
quTr,darasa,tEkniknA,happen
quTr,darasa,sEt,happen
quTr,darasa,HastAwqawAl,happen
quTr,darasa,mamTAtu,happen
masarAtnA,darasa,Hagalglo,happen
mato,darasa,mahonu,reach
mato,darasa,hbratasabu,happen
bzA,darasa,mahonu,reach
botA,darasa,rAsE,happen
marsA,darasa,nfAs,happen
molcE,darasa,darso,happen
wyy,darasa,ntrk,happen
wsAnE,darasa,tacAla,happen
polAnd,darasa,rado,happen
DmnAstik,darasa,Hawo,happen
xagA,darasa,gTmu,happen
faTno,darasa,yAlu,reach
yAzku,darasa,sarA,happen
dabrazay,darasa,Hayar,happen
maCaraSA,darasa,tAyto,happen
CAf,darasa,tabAla,happen
smmna,darasa,qonDo,happen
HqEhs,darasa,ylawAl,happen
`Ala,darasa,HanxAr,happen
mato,darasa,whA,happen
HqEmn,darasa,HqEskA,happen
matAgad,darasa,hunEtA,happen
yat,darasa,tadagAgAmi,happen
dmdAmE,darasa,nagaru,happen
maTaryAna,darasa,nawnA,happen
wAwaTa,darasa,ksra,happen
gadamA,darasa,yTaqumAlu,happen
smmna,darasa,HityoPyA,happen
daraDA,darasa,waTAtu,happen
HsfrA,darasa,qanu,happen
dabdAbE,darasa,samtAchuNAl,happen
guAda,darasa,dabdAbE,happen
lanE,darasa,kopi,happen
zamanuA,darasa,hAyAsiyA,happen
taTlo,darasa,qrCA,happen
samAyA,darasa,hab,happen
mawalaDA,darasa,mTu,happen
CmAri,darasa,samAnA,happen
liTanAqaq,darasa,Hadis,happen
warE,darasa,gabA,happen
mato,darasa,galxawAl,happen
tarA,darasa,yAla,happen
fxAmE,darasa,maCaraSA,happen
mrCA,darasa,Hsosta,happen
mAsfAfA,darasa,HqEqd,happen
mrCA,darasa,Hsosta,happen
