Lcontext2,Lcontext1,target word,Rcontext1,Rcontext2,class
sarA,cgro,darasa,mahonu,galxa,happen
znAb,sAbiyA,darasa,dngata,gorf,happen
takl,gudA,darasa,tabAy,makalAkal,happen
.hnxA,gudA,darasa,smnt,rEwocnA,reach
maSafa,gudA,darasa,HakAbAbi,mAsamArA,reach
maglaT,gudA,darasa,wagano,malso,reach
sawnA,HqEnssA,darasa,gudA,mAzanu,happen
Hagaritu,kllo,darasa,tamasAsAy,gudAto,happen
tagalbTo,Hadagaa,darasa,bulE,horA,happen
galaxu,HadagA,darasa,tArgA,quTru,happen
HakAl,gudA,darasa,sawu,dadar,reach
mangA,sabl,darasa,gudA,makalAkal,happen
HadagA,gudA,darasa,gabarE,HqEhl,reach
HadagA,gudA,darasa,sawu,TEnA,reach
Harbto,Hadaro,darasa,gudA,Hasmalkto,happen
hagarA,HakAbAbi,darasa,gorf,HadagA,reach
gorf,gudA,darasa,wagano,marDA,reach
HqEraNo,HadagA,darasa,znAb,maTalal,happen
sAbiyA,gudA,darasa,tamAri,wlu,reach
Hagaritu,kflo,darasa,gorf,HadagA,happen
HakAl,gudA,darasa,mahonu,waradA,reach
maqusal,HadagA,darasa,mahonu,x.hfa,happen
galTawAl,kllu,darasa,makinA,HadagA,happen
gorf,bl,darasa,mangad,Tagno,happen
sawu,gudAtu,darasa,ngAtu,sa`A,happen
bAlafa,kra,darasa,gorf,HadagA,happen
sawu,gudAtu,darasa,ngAtu,sa`A,happen
HadagA,gudA,darasa,wagano,marDA,reach
miyAskatla,maTlaqlaq,darasa,gudA,maqanas,happen
HqEnssAtnA,nbra,darasa,gudA,mAwaq,happen
HqEnssAtnA,nbra,darasa,gudA,mAwaq,happen
magbAtu,darasawu,darasa,sawu,sawu,happen
makinA,HadagAwu,darasa,lElitu,zaTa,happen
kll,stiyA,darasa,makinA,HadagA,reach
galalaxu,gudA,darasa,HasAfro,katamA,happen
gabayA,HadArA,darasa,qATalo,suqocu,happen
Sumu,HqEndAstAwaqu,darasa,darasa,HadagA,happen
znAb,gudA,darasa,gorf,maqalbaSA,reach
makino,magACatA,darasa,HasaqAqi,HadagA,happen
galxawAl,HadagA,darasa,HqEhl,Cno,happen
HasradtawAl,HadagA,darasa,gudA,darasabAcawnA,happen
godE,gudAtu,darasa,HakAbAbi,lAka,happen
godE,gudAtu,darasa,HakAbAbi,lAka,happen
mulA,gudA,darasa,.hEktAr,lT,reach
mulA,gudA,darasa,wagano,mAquAquAmiyA,reach
qabalE,HadagA,darasa,mS,sostu,happen
bEto,tazAmto,darasa,HadagA,Harso,happen
tagaCto,gudA,darasa,bAlafa,mAksaNo,reach
.hawl,gudAtu,darasa,HaSkarkAri,quTTr,happen
mulA,gudA,darasa,waradA,qabalE,reach
qalAl,gudA,darasa,HadvEntis,tawasda,reach
HaqTACA,masA,darasa,maTlaqlaq,tafanAqalu,happen
lm,gudAtu,darasa,waradA,nawAri,happen
qalAl,gudA,darasa,HasradtawAl,HadagA,reach
HadagA,gudA,darasa,sawu,hospitAl,reach
qalAl,gudA,darasa,sawu,maDamariyA,reach
mahonunnA,HadagA,darasa,HqEla,TawA,happen
qalAl,gudA,darasa,HasradtawAl,HadagA,reach
masabsab,waqt,darasa,bknatnA,TrA,happen
makinA,HadagA,darasa,HasAfro,guAz,happen
Hayna,gudA,darasa,galTawAl,HadagA,reach
tafaTro,wdma,darasa,zonu,gbrnAnA,happen
zonu,hab,darasa,fta,wdma,happen
HqEnsasA,gudA,darasa,mahonu,`AlamAhugalxawAl,reach
cgNo,bitakalu,darasa,kAla,wdma,happen
lEli,maqArabiyA,darasa,HadagA,sAbiyA,happen
HakAl,gudA,darasa,taSkarkAri,HadagA,reach
gorf,gudA,darasa,wagano,marDA,reach
sAbiyA,gudA,darasa,mahonu,HaSkarkAriwocnA,reach
kra,botA,darasa,masanTaq,mEtr,happen
mangad,masanaTATaq,darasa,mangad,TganA,happen
HastAwaqa,stayA,darasa,whA,mulA,happen
HakAl,gudA,darasa,mahonu,mAstAwaqiyA,reach
gabarE,mAhbar,darasa,gudA,yKa,happen
marmro,gudA,darasa,gabarE,HqErdAtA,reach
Hamst,qabalE,darasa,gorf,Tq,happen
manoriyA,bEto,darasa,gudA,mAsqara,happen
hAzannA,dngATE,darasa,HasAdAgiwocA,kfl,happen
HqEgru,HadagA,darasa,stAstAmma,fqr,happen
CawAtA,mugar,darasa,Snfa,takatlo,happen
hEDE,HadagA,darasa,sfrA,HaycEHala,happen
ganzab,bkna,darasa,Taqsa,tadaraga,happen
gub,turisto,darasa,HadagA,HErtrA,happen
Handi,sEt,darasa,gf,saw,happen
maTfAtunnA,gudA,darasa,TqAtu,Sfto,reach
tAga,ganzabnA,darasa,gudA,HqEndtAwaTA,happen
takus,lwwT,darasa,gudA,maTa,happen
bAl,banE,darasa,Halwadadku,HalAlkuA,happen
lDnatA,HawAqina,darasa,mAnnatA,nagar,happen
maqamaTu,qTAtu,darasa,HaltaTarATara,HadarA,happen
salAmAwi,zEgo,darasa,gudA,Halamanoru,happen
HalSabAb,HamarAr,darasa,gudA,HaSabArinatnnA,happen
HadagA,gudA,darasa,DDgA,tamA,reach
budnu,gudA,darasa,hbratasab,kflo,reach
tanasA,gudA,darasa,zar,fasA,reach
zEgo,gudA,darasa,Sbr,ybAlAl,reach
`Ayna,CAnA,darasa,mAla,dfnu,happen
sa`A,gadamA,darasa,zagnANnA,qAlA,happen
qaTfuAl,muAcocu,darasa,qATalo,nadawAl,happen
mHsrAq,HawroPA,darasa,wT,fars,happen
mAdrag,tagaNa,darasa,bonb,TqA,happen
wd,.hywatnA,darasa,HakAl,gudlatnA,happen
wagan,TornA,darasa,TaqlAlA,Hagar,happen
nbra,TfA,darasa,TaqlAlA,kiHsArA,happen
maglax,HErtrA,darasa,SnfatnA,watAdarAwi,happen
tamatto,HadagA,darasa,watAdarocA,taruAruTa,happen
wand,lD,darasa,TEnA,cgr,happen
mAsA,tolo,darasa,zar,maSafa,reach
tamokro,HaCr,darasa,mrtAmAnA,tabAy,happen
Hayna,faTno,darasa,sabl,zryA,reach
Hayna,faTno,darasa,sabl,zryA,reach
mAHqEklu,zaTanA,darasa,waCi,gazto,happen
tagalbTo,tolo,darasa,bAla,sabl,reach
sabl,tolo,darasa,bAla,SmbrA,reach
bag,maSaTu,darasa,matAyatunnA,yAwaTA,happen
tArso,faTno,darasa,bAla,sabl,reach
makonnu,faTno,darasa,bAla,Hazr`,reach
sawu,quTr,darasa,blawAl,yhunnA,happen
gabarE,HaCr,darasa,bAla,kuntAl,happen
mAycAl,daraDA,darasa,nawu,sgA,happen
sabl,tolo,darasa,bAla,sabl,reach
galaTu,zryA,darasa,yAlawu,drqnA,happen
.hEktAr,zarta,darasa,zryA,buqAyA,happen
sost,HqETf,darasa,yAlawu,mr,happen
CAkA,HanbaTA,darasa,mASlA,gudA,happen
galaxu,HadagA,darasa,zArE,TawA,happen
HarsoHadarocu,faTno,darasa,yAlawu,sabl,reach
HityoPyAnA,kEnyA,darasa,watAdarAwi,smmna,happen
guAyAnA,faTno,darasa,bAla,sabl,reach
bAlafa,HsAm,darasa,kilo,rbarE,happen
rbarEnA,HqEhlo,darasa,wAgA,CmAri,happen
wAgA,sAmnt,darasa,blawAl,suf,happen
`Al,Camro,darasa,galTawAl,HqEhlnA,happen
qabalE,hEktAr,darasa,qolonA,TT,happen
makinAwu,katamA,darasa,bulE,horA,happen
waladu,`Ama,darasa,`Ama,HarogE,happen
kuntAl,mAdras,darasa,tanAgrawAl,Hakuri,happen
Camro,tolo,darasa,yAlawu,HatkaltnA,reach
StA,taquAqumo,darasa,zryA,znAb,happen
yunivarsiti,HaCr,darasa,fta,mr,reach
.hEktAr,zarta,darasa,zryA,buqAyA,happen
Hadaru,HagbAbu,darasa,Tru,hunEtA,happen
Harso,Hadaru,darasa,bAladrSA,HakAlA,happen
zar,HarsoHadaru,darasa,lmAtu,sfAfAnA,happen
zryA,mr,darasa,sabu,waradA,happen
galTa,HaCr,darasa,HatkltnA,frAfrE,happen
bAyl,Hagalglo,darasa,masAriyA,takalA,happen
Harso,Hadaru,darasa,yAdargu,Trat,happen
slk,Hagalglo,darasa,HqEnqsqAsE,maDamaru,happen
bunA,zryA,darasa,HawTto,mAsarACatunnA,happen
maquAquA,HaCr,darasa,gabayA,tafalAgi,happen
darasawu,HqEdga,darasa,lidarsu,cAlu,happen
walADo,HqEdmE,darasa,.hxa,wadatmhr,happen
HqEdmEHa,tmhar,darasa,sEto,sEt,happen
Hahunu,waqt,darasa,tamAri,quTr,happen
takAhEda,Trat,darasa,tamAri,quTr,reach
tamAri,quTr,darasa,tEkniknA,muyA,happen
tamAri,quTr,darasa,sEt,tamAri,happen
tamAri,quTr,darasa,HastAwqawAl,kllu,happen
tamAri,quTr,darasa,mamTAtu,galTawAl,happen
bEto,masarAtnA,darasa,Hagalglo,saTu,happen
SfAn,mato,darasa,mahonu,zonu,reach
mato,mato,darasa,hbratasabu,tmhrt,happen
mA`kalAtu,bzA,darasa,mahonu,makalAkalnA,reach
sxf,botA,darasa,rAsE,yAyawu,happen
qaTal,marsA,darasa,nfAs,warad,happen
HafE,molcE,darasa,darso,yhE,happen
HasCarA,wyy,darasa,ntrk,smmna,happen
maCaraSA,wsAnE,darasa,tacAla,dmx,happen
Damara,polAnd,darasa,rado,sAmnt,happen
Ha`mro,DmnAstik,darasa,Hawo,wadADE,happen
lorE,xagA,darasa,gTmu,mAynagA,happen
HamlAk,faTno,darasa,yAlu,miTafA,reach
hnxA,yAzku,darasa,sarA,bAhrnA,happen
tasAfro,dabrazay,darasa,Hayar,hAyl,happen
qoyu,maCaraSA,darasa,tAyto,mil,happen
waTo,CAf,darasa,tabAla,mimaTu,happen
wadADocE,smmna,darasa,qonDo,fil,happen
tagosaquAquluAl,HqEhs,darasa,ylawAl,nguHsu,happen
TaqAqsawAl,`Ala,darasa,HanxAr,HityoPyA,happen
mato,mato,darasa,whA,SfAn,happen
zgD,HqEmn,darasa,HqEskA,HawrA,happen
bAlamakatalu,matAgad,darasa,hunEtA,lAla,happen
HadrASA,yat,darasa,tadagAgAmi,HafrikA,happen
HaytA,dmdAmE,darasa,nagaru,sAyA,happen
hbra,maTaryAna,darasa,nawnA,nguHsa,happen
maraDA,wAwaTa,darasa,ksra,taTayAqi,happen
br,gadamA,darasa,yTaqumAlu,hono,happen
luftAnzA,smmna,darasa,HityoPyA,Hayar,happen
mnga,daraDA,darasa,waTAtu,twald,happen
tAlamalA,HsfrA,darasa,qanu,zaTa,happen
fqr,dabdAbE,darasa,samtAchuNAl,Habo,happen
HqEngdi,guAda,darasa,dabdAbE,tagazA,happen
darsuAl,lanE,darasa,kopi,byE,happen
twanA,zamanuA,darasa,hAyAsiyA,maglaxA,happen
HqETA,taTlo,darasa,qrCA,HsgA,happen
samAya,samAyA,darasa,hab,nATaTa,happen
xns,mawalaDA,darasa,mTu,maTA,happen
damawaz,CmAri,darasa,samAnA,Hakorafa,happen
`Ama,liTanAqaq,darasa,Hadis,.hnxA,happen
farA,warE,darasa,gabA,hulE,happen
war,mato,darasa,galxawAl,nacnA,happen
taqalAqalku,tarA,darasa,yAla,malHak,happen
bAgbo,fxAmE,darasa,maCaraSA,sa`A,happen
zur,mrCA,darasa,Hsosta,marAC,happen
tal`ko,mAsfAfA,darasa,HqEqd,TnqAqE,happen
zur,mrCA,darasa,Hsosta,marAC,happen
