Lcontext3,Lcontext2,Lcontext1,target word,Rcontext1,Rcontext2,Rcontext3,class
saw,sarA,cgro,darasa,mahonu,galxa,bAlafa,happen
kra,znAb,sAbiyA,darasa,dngata,gorf,HadagA,happen
TT,takl,gudA,darasa,tabAy,makalAkal,yAsclu,happen
bEt,.hnxA,gudA,darasa,smnt,rEwocnA,fyalo,reach
waCi,maSafa,gudA,darasa,HakAbAbi,mAsamArA,mazagADatu,reach
HagArna,maglaT,gudA,darasa,wagano,malso,mAquAquA,reach
HsAbiyA,sawnA,HqEnssA,darasa,gudA,mAzanu,HastAwquAl,happen
sil,Hagaritu,kllo,darasa,tamasAsAy,gudAto,Tabaq,happen
taSkarkAri,tagalbTo,Hadagaa,darasa,bulE,horA,tanasto,happen
Hagalglo,galaxu,HadagA,darasa,tArgA,quTru,kod,happen
HadagA,HakAl,gudA,darasa,sawu,dadar,hospitAl,reach
TanAqaq,mangA,sabl,darasa,gudA,makalAkal,miradAnA,happen
gorf,HadagA,gudA,darasa,gabarE,HqEhl,zaytnA,reach
nAdA,HadagA,gudA,darasa,sawu,TEnA,TAbiyA,reach
fil,Harbto,Hadaro,darasa,gudA,Hasmalkto,yAgaNa,happen
HastAwqawAl,hagarA,HakAbAbi,darasa,gorf,HadagA,tagodu,reach
katamA,gorf,gudA,darasa,wagano,marDA,HqEskA,reach
yAlA,HqEraNo,HadagA,darasa,znAb,maTalal,quATNu,happen
gorf,sAbiyA,gudA,darasa,tamAri,wlu,tmhrt,reach
HabAlA,Hagaritu,kflo,darasa,gorf,HadagA,bEt,happen
motnA,HakAl,gudA,darasa,mahonu,waradA,mAstAwqiyA,reach
HakAlu,maqusal,HadagA,darasa,mahonu,x.hfa,bEtu,happen
miwad,galTawAl,kllu,darasa,makinA,HadagA,Hamatu,happen
HqEndAstAwaqu,gorf,bl,darasa,mangad,Tagno,Hagalglotu,happen
sost,sawu,gudAtu,darasa,ngAtu,sa`A,Dbu,happen
katamA,bAlafa,kra,darasa,gorf,HadagA,nbratA,happen
sost,sawu,gudAtu,darasa,ngAtu,sa`A,Dbu,happen
guarf,HadagA,gudA,darasa,wagano,marDA,wl,reach
mulA,miyAskatla,maTlaqlaq,darasa,gudA,maqanas,kll,happen
mazagAtA,HqEnssAtnA,nbra,darasa,gudA,mAwaq,tacAla,happen
mazagAtA,HqEnssAtnA,nbra,darasa,gudA,mAwaq,tacAla,happen
wusT,magbAtu,darasawu,darasa,sawu,sawu,gudA,happen
Cna,makinA,HadagAwu,darasa,lElitu,zaTa,sa`A,happen
tamasAsAy,kll,stiyA,darasa,makinA,HadagA,sawu,reach
Hagalglo,galalaxu,gudA,darasa,HasAfro,katamA,lArE,happen
tEwodros,gabayA,HadArA,darasa,qATalo,suqocu,namulu,happen
mktl,Sumu,HqEndAstAwaqu,darasa,darasa,HadagA,bEtocnnA,happen
Tla,znAb,gudA,darasa,gorf,maqalbaSA,boyo,reach
Cna,makino,magACatA,darasa,HasaqAqi,HadagA,sawu,happen
Hagalglo,galxawAl,HadagA,darasa,HqEhl,Cno,maguAz,happen
bAlamuyA,HasradtawAl,HadagA,darasa,gudA,darasabAcawnA,hzbu,happen
galaTu,godE,gudAtu,darasa,HakAbAbi,lAka,qolo,happen
galaTu,godE,gudAtu,darasa,HakAbAbi,lAka,qolo,happen
wanz,mulA,gudA,darasa,.hEktAr,lT,HqErSA,reach
wanzu,mulA,gudA,darasa,wagano,mAquAquAmiyA,mangstAwinA,reach
tabAla,qabalE,HadagA,darasa,mS,sostu,lDo,happen
manoriyA,bEto,tazAmto,darasa,HadagA,Harso,Hadaro,happen
makinA,tagaCto,gudA,darasa,bAlafa,mAksaNo,mS,reach
tanAgrawAl,.hawl,gudAtu,darasa,HaSkarkAri,quTTr,sr,happen
wanz,mulA,gudA,darasa,waradA,qabalE,nawAri,reach
bAdnA,qalAl,gudA,darasa,HadvEntis,tawasda,hkmnA,reach
molto,HaqTACA,masA,darasa,maTlaqlaq,tafanAqalu,bEtasabocA,happen
qada,lm,gudAtu,darasa,waradA,nawAri,yAlA,happen
bAdnA,qalAl,gudA,darasa,HasradtawAl,HadagA,tagodu,reach
qabalE,HadagA,gudA,darasa,sawu,hospitAl,taNta,reach
hAlAfi,qalAl,gudA,darasa,sawu,maDamariyA,hkmnA,reach
sas,mahonunnA,HadagA,darasa,HqEla,TawA,HasAfro,happen
bAdnA,qalAl,gudA,darasa,HasradtawAl,HadagA,tagodu,reach
mr,masabsab,waqt,darasa,bknatnA,TrA,maguAdal,happen
kruzar,makinA,HadagA,darasa,HasAfro,guAz,HakAbAbi,happen
sawu,Hayna,gudA,darasa,galTawAl,HadagA,hyawatA,reach
.hEktAr,tafaTro,wdma,darasa,zonu,gbrnAnA,gaTar,happen
hbratasabu,zonu,hab,darasa,fta,wdma,sAbiyA,happen
bEt,HqEnsasA,gudA,darasa,mahonu,`AlamAhugalxawAl,hbratasabu,reach
zAf,cgNo,bitakalu,darasa,kAla,wdma,HanxAr,happen
HqEkula,lEli,maqArabiyA,darasa,HadagA,sAbiyA,tanasA,happen
qalAl,HakAl,gudA,darasa,taSkarkAri,HadagA,darasu,reach
HsarAtaNo,gorf,gudA,darasa,wagano,marDA,damawazA,reach
masanaTaq,sAbiyA,gudA,darasa,mahonu,HaSkarkAriwocnA,mangadu,reach
bAlafa,kra,botA,darasa,masanTaq,mEtr,lAyna,happen
bAla,mangad,masanaTATaq,darasa,mangad,TganA,kAlAgaNa,happen
biro,HastAwaqa,stayA,darasa,whA,mulA,takababu,happen
motnA,HakAl,gudA,darasa,mahonu,mAstAwaqiyA,x.hfa,reach
qabalE,gabarE,mAhbar,darasa,gudA,yKa,wanz,happen
migabA,marmro,gudA,darasa,gabarE,HqErdAtA,mAsgaNa,reach
waradA,Hamst,qabalE,darasa,gorf,Tq,gabarE,happen
HqEnsasAtnA,manoriyA,bEto,darasa,gudA,mAsqara,kAhEda,happen
wandmAmAcocu,hAzannA,dngATE,darasa,HasAdAgiwocA,kfl,tamAri,happen
sarA,HqEgru,HadagA,darasa,stAstAmma,fqr,wadaqalA,happen
lig,CawAtA,mugar,darasa,Snfa,takatlo,dagAfi,happen
HakAbAbi,hEDE,HadagA,darasa,sfrA,HaycEHala,HandAnd,happen
`Ayna,ganzab,bkna,darasa,Taqsa,tadaraga,mATArA,happen
kll,gub,turisto,darasa,HadagA,HErtrA,dagafu,happen
mtnor,Handi,sEt,darasa,gf,saw,lifaxma,happen
hywat,maTfAtunnA,gudA,darasa,TqAtu,Sfto,tafaxama,reach
HsartA,tAga,ganzabnA,darasa,gudA,HqEndtAwaTA,mtgadadA,happen
tadaraga,takus,lwwT,darasa,gudA,maTa,mAwaq,happen
mAwqa,bAl,banE,darasa,Halwadadku,HalAlkuA,masalA,happen
yAwaqA,lDnatA,HawAqina,darasa,mAnnatA,nagar,tarasAstuAl,happen
dabquA,maqamaTu,qTAtu,darasa,HaltaTarATara,HadarA,lDE,happen
mafrasA,salAmAwi,zEgo,darasa,gudA,Halamanoru,maraDA,happen
TqA,HalSabAb,HamarAr,darasa,gudA,HaSabArinatnnA,HakrArina,happen
gorf,HadagA,gudA,darasa,DDgA,tamA,zArE,reach
lHukA,budnu,gudA,darasa,hbratasab,kflo,yAnagAgara,reach
mknyAto,tanasA,gudA,darasa,zar,fasA,tkkla,reach
salAmAwi,zEgo,gudA,darasa,Sbr,ybAlAl,fanDi,reach
nawAri,`Ayna,CAnA,darasa,mAla,dfnu,mAstabAbal,happen
rafAdu,sa`A,gadamA,darasa,zagnANnA,qAlA,ligalax,happen
.hywa,qaTfuAl,muAcocu,darasa,qATalo,nadawAl,wAl,happen
HakAbAbi,mHsrAq,HawroPA,darasa,wT,fars,madaragu,happen
ganzabsTotA,mAdrag,tagaNa,darasa,bonb,TqA,fASistunnA,happen
DagnA,wd,.hywatnA,darasa,HakAl,gudlatnA,nbra,happen
yAlaqa,wagan,TornA,darasa,TaqlAlA,Hagar,hAb,happen
magudalnA,nbra,TfA,darasa,TaqlAlA,kiHsArA,mAsabnA,happen
.hzb,maglax,HErtrA,darasa,SnfatnA,watAdarAwi,`lqi,happen
fanD,tamatto,HadagA,darasa,watAdarocA,taruAruTa,HalaqA,happen
tawaladawa,wand,lD,darasa,TEnA,cgr,lDu,happen
mAwdamunnA,mAsA,tolo,darasa,zar,maSafa,Trat,reach
HqErSA,tamokro,HaCr,darasa,mrtAmAnA,tabAy,qalAlu,happen
SnbrAnA,Hayna,faTno,darasa,sabl,zryA,qolo,reach
SnbrAnA,Hayna,faTno,darasa,sabl,zryA,qolo,reach
Hadarocu,mAHqEklu,zaTanA,darasa,waCi,gazto,saTA,happen
hEktAr,tagalbTo,tolo,darasa,bAla,sabl,matakA,reach
wadamabA,sabl,tolo,darasa,bAla,SmbrA,masAsAlu,reach
ySaT,bag,maSaTu,darasa,matAyatunnA,yAwaTA,sangA,happen
marE,tArso,faTno,darasa,bAla,sabl,maSafanu,reach
gnNuna,makonnu,faTno,darasa,bAla,Hazr`,matakA,reach
HakAbAbi,sawu,quTr,darasa,blawAl,yhunnA,zonu,happen
migaNu,gabarE,HaCr,darasa,bAla,kuntAl,SmbrAnA,happen
mAswagad,mAycAl,daraDA,darasa,nawu,sgA,mAsAdaru,happen
TafA,sabl,tolo,darasa,bAla,sabl,matakA,reach
ngAtu,galaTu,zryA,darasa,yAlawu,drqnA,StA,happen
HastayAya,.hEktAr,zarta,darasa,zryA,buqAyA,qada,happen
zriyA,sost,HqETf,darasa,yAlawu,mr,maTa,happen
takasata,CAkA,HanbaTA,darasa,mASlA,gudA,darasa,happen
Hagalglo,galaxu,HadagA,darasa,zArE,TawA,sa`A,happen
mahonu,HarsoHadarocu,faTno,darasa,yAlawu,sabl,Hayna,reach
HamErikA,HityoPyAnA,kEnyA,darasa,watAdarAwi,smmna,maHsara,happen
SmbrA,guAyAnA,faTno,darasa,bAla,sabl,zar,reach
galaxu,bAlafa,HsAm,darasa,kilo,rbarE,Hahunu,happen
sabl,rbarEnA,HqEhlo,darasa,wAgA,CmAri,matAyatu,happen
nug,wAgA,sAmnt,darasa,blawAl,suf,goma,happen
malawaCA,`Al,Camro,darasa,galTawAl,HqEhlnA,TrATrE,happen
HadagAwu,qabalE,hEktAr,darasa,qolonA,TT,mr,happen
dars,makinAwu,katamA,darasa,bulE,horA,tanasto,happen
war,waladu,`Ama,darasa,`Ama,HarogE,tabAla,happen
Hocoloni,kuntAl,mAdras,darasa,tanAgrawAl,Hakuri,Hatar,happen
lmA,Camro,tolo,darasa,yAlawu,HatkaltnA,frAfrE,reach
drqnA,StA,taquAqumo,darasa,zryA,znAb,HaTar,happen
`AlamAyA,yunivarsiti,HaCr,darasa,fta,mr,HsaTu,reach
HastayAya,.hEktAr,zarta,darasa,zryA,buqAyA,qada,happen
Harso,Hadaru,HagbAbu,darasa,Tru,hunEtA,mimacA,happen
zryA,Harso,Hadaru,darasa,bAladrSA,HakAlA,yAdargu,happen
mrT,zar,HarsoHadaru,darasa,lmAtu,sfAfAnA,zar,happen
TaqumawAl,zryA,mr,darasa,sabu,waradA,mrT,happen
muluqa,galTa,HaCr,darasa,HatkltnA,frAfrE,zar,happen
nawAri,bAyl,Hagalglo,darasa,masAriyA,takalA,mAkanAwa,happen
tEknoloDi,Harso,Hadaru,darasa,yAdargu,Trat,hAgaritu,happen
gamad,slk,Hagalglo,darasa,HqEnqsqAsE,maDamaru,HastAwaqa,happen
saTu,bunA,zryA,darasa,HawTto,mAsarACatunnA,bAlafa,happen
StA,maquAquA,HaCr,darasa,gabayA,tafalAgi,mahonu,happen
zArE,darasawu,HqEdga,darasa,lidarsu,cAlu,gbrnA,happen
masarat,walADo,HqEdmE,darasa,.hxa,wadatmhr,bEt,happen
zon,HqEdmEHa,tmhar,darasa,sEto,sEt,tamAri,happen
quTr,Hahunu,waqt,darasa,tamAri,quTr,mahonu,happen
takatAtAy,takAhEda,Trat,darasa,tamAri,quTr,liho,reach
masanAdo,tamAri,quTr,darasa,tEkniknA,muyA,tamAri,happen
daraDA,tamAri,quTr,darasa,sEt,tamAri,quTr,happen
sEt,tamAri,quTr,darasa,HastAwqawAl,kllu,taquAquAmu,happen
waqt,tamAri,quTr,darasa,mamTAtu,galTawAl,yunivarsti,happen
tmhar,bEto,masarAtnA,darasa,Hagalglo,saTu,mAdaragu,happen
tmhrt,SfAn,mato,darasa,mahonu,zonu,tmhrt,reach
SfAn,mato,mato,darasa,hbratasabu,tmhrt,proDaktocu,happen
mrmarA,mA`kalAtu,bzA,darasa,mahonu,makalAkalnA,maqoTATar,reach
mAstAwaSA,sxf,botA,darasa,rAsE,yAyawu,qda,happen
mangad,qaTal,marsA,darasa,nfAs,warad,marsA,happen
HasnabbE,HafE,molcE,darasa,darso,yhE,byE,happen
HqEl,HasCarA,wyy,darasa,ntrk,smmna,tadarasa,happen
tacagara,maCaraSA,wsAnE,darasa,tacAla,dmx,blCA,happen
maho,Damara,polAnd,darasa,rado,sAmnt,yAhl,happen
hasabu,Ha`mro,DmnAstik,darasa,Hawo,wadADE,mastaguAgual,happen
bAlaqnE,lorE,xagA,darasa,gTmu,mAynagA,hl,happen
dAnHEl,HamlAk,faTno,darasa,yAlu,miTafA,bla,reach
musnA,hnxA,yAzku,darasa,sarA,bAhrnA,trAnzi,happen
Hawtobs,tasAfro,dabrazay,darasa,Hayar,hAyl,gbi,happen
Hasgabta,qoyu,maCaraSA,darasa,tAyto,mil,din,happen
Trat,waTo,CAf,darasa,tabAla,mimaTu,gamad,happen
qrb,wadADocE,smmna,darasa,qonDo,fil,mahonu,happen
yAgaNawAl,tagosaquAquluAl,HqEhs,darasa,ylawAl,nguHsu,lDu,happen
msAlEna,TaqAqsawAl,`Ala,darasa,HanxAr,HityoPyA,gaZi,happen
yAdargAl,mato,mato,darasa,whA,SfAn,HsrA,happen
Holimpik,zgD,HqEmn,darasa,HqEskA,HawrA,HityoPyA,happen
.hggA,bAlamakatalu,matAgad,darasa,hunEtA,lAla,daraDA,happen
kuAs,HadrASA,yat,darasa,tadagAgAmi,HafrikA,wAnCA,happen
manaxr,HaytA,dmdAmE,darasa,nagaru,sAyA,mknyAtAwi,happen
HafrikA,hbra,maTaryAna,darasa,nawnA,nguHsa,nagaHstu,happen
yAkanAwna,maraDA,wAwaTa,darasa,ksra,taTayAqi,Hamst,happen
rAnd,br,gadamA,darasa,yTaqumAlu,hono,kfyA,happen
HityoPyAnA,luftAnzA,smmna,darasa,HityoPyA,Hayar,mangad,happen
zArE,mnga,daraDA,darasa,waTAtu,twald,tglu,happen
HaTanAqA,tAlamalA,HsfrA,darasa,qanu,zaTa,sa`A,happen
Hayna,fqr,dabdAbE,darasa,samtAchuNAl,Habo,snasrHa,happen
yAw,HqEngdi,guAda,darasa,dabdAbE,tagazA,mahonu,happen
saw,darsuAl,lanE,darasa,kopi,byE,malaskula,happen
maCaraSA,twanA,zamanuA,darasa,hAyAsiyA,maglaxA,Taqasa,happen
qrb,HqETA,taTlo,darasa,qrCA,HsgA,trinA,happen
qaTalu,samAya,samAyA,darasa,hab,nATaTa,Hagar,happen
maTA,xns,mawalaDA,darasa,mTu,maTA,fTna,happen
mAybAl,damawaz,CmAri,darasa,samAnA,Hakorafa,damawaz,happen
tabluAl,`Ama,liTanAqaq,darasa,Hadis,.hnxA,tamocnA,happen
stAzor,farA,warE,darasa,gabA,hulE,tanasA,happen
Tr,war,mato,darasa,galxawAl,nacnA,maqanas,happen
salfa,taqalAqalku,tarA,darasa,yAla,malHak,miyATagb,happen
HqErgT,bAgbo,fxAmE,darasa,maCaraSA,sa`A,nagaro,happen
tawadAdaru,zur,mrCA,darasa,Hsosta,marAC,dmx,happen
lnla,tal`ko,mAsfAfA,darasa,HqEqd,TnqAqE,mnmalakata,happen
tawadAdaru,zur,mrCA,darasa,Hsosta,marAC,dmx,happen
