Lcontext4,Lcontext3,Lcontext2,Lcontext1,target word,Rcontext1,Rcontext2,Rcontext3,Rcontext4,class
danu,saw,sarA,cgro,darasa,mahonu,galxa,bAlafa,Hama,happen
miTla,kra,znAb,sAbiyA,darasa,dngata,gorf,HadagA,bEtasabocunnA,happen
HastAwaqa,TT,takl,gudA,darasa,tabAy,makalAkal,yAsclu,kEmikAlo,happen
tmhrt,bEt,.hnxA,gudA,darasa,smnt,rEwocnA,fyalo,gorf,reach
muyAtaNo,waCi,maSafa,gudA,darasa,HakAbAbi,mAsamArA,mazagADatu,mAhbaru,reach
.hzb,HagArna,maglaT,gudA,darasa,wagano,malso,mAquAquA,midaraga,reach
mulA,HsAbiyA,sawnA,HqEnssA,darasa,gudA,mAzanu,HastAwquAl,kllAwi,happen
qada,sil,Hagaritu,kllo,darasa,tamasAsAy,gudAto,Tabaq,dgAf,happen
HqEndAstAwaqu,taSkarkAri,tagalbTo,Hadagaa,darasa,bulE,horA,tanasto,katamA,happen
zEnA,Hagalglo,galaxu,HadagA,darasa,tArgA,quTru,kod,nadAD,happen
blawAl,HadagA,HakAl,gudA,darasa,sawu,dadar,hospitAl,.hkmnA,reach
gnbAtA,TanAqaq,mangA,sabl,darasa,gudA,makalAkal,miradAnA,qada,happen
qabalE,gorf,HadagA,gudA,darasa,gabarE,HqEhl,zaytnA,bAsA,reach
marE,nAdA,HadagA,gudA,darasa,sawu,TEnA,TAbiyA,.hkmnA,reach
HadarocnA,fil,Harbto,Hadaro,darasa,gudA,Hasmalkto,yAgaNa,maraDA,happen
miyAdarg,HastAwqawAl,hagarA,HakAbAbi,darasa,gorf,HadagA,tagodu,wagano,reach
blawAl,katamA,gorf,gudA,darasa,wagano,marDA,HqEskA,naTb,reach
`dmE,yAlA,HqEraNo,HadagA,darasa,znAb,maTalal,quATNu,Hsr,happen
katamA,gorf,sAbiyA,gudA,darasa,tamAri,wlu,tmhrt,masAriyA,reach
kbab,HabAlA,Hagaritu,kflo,darasa,gorf,HadagA,bEt,nbratA,happen
.hxAnA,motnA,HakAl,gudA,darasa,mahonu,waradA,mAstAwqiyA,x.hfa,reach
mATAtunnA,HakAlu,maqusal,HadagA,darasa,mahonu,x.hfa,bEtu,prEsnA,happen
nbra,miwad,galTawAl,kllu,darasa,makinA,HadagA,Hamatu,naTb,happen
Hagalglo,HqEndAstAwaqu,gorf,bl,darasa,mangad,Tagno,Hagalglotu,mAsqaTal,happen
honu,sost,sawu,gudAtu,darasa,ngAtu,sa`A,Dbu,safarA,happen
drEda,katamA,bAlafa,kra,darasa,gorf,HadagA,nbratA,glasab,happen
honu,sost,sawu,gudAtu,darasa,ngAtu,sa`A,Dbu,safarA,happen
HakAbAbi,guarf,HadagA,gudA,darasa,wagano,marDA,wl,mAwATA,reach
wanz,mulA,miyAskatla,maTlaqlaq,darasa,gudA,maqanas,kll,HadagA,happen
mangado,mazagAtA,HqEnssAtnA,nbra,darasa,gudA,mAwaq,tacAla,tamAnA,happen
mangado,mazagAtA,HqEnssAtnA,nbra,darasa,gudA,mAwaq,tacAla,tamAnA,happen
gadal,wusT,magbAtu,darasawu,darasa,sawu,sawu,gudA,madrasu,happen
HaHa,Cna,makinA,HadagAwu,darasa,lElitu,zaTa,sa`A,mHsrAq,happen
HasradtawAl,tamasAsAy,kll,stiyA,darasa,makinA,HadagA,sawu,sawu,reach
zEnA,Hagalglo,galalaxu,gudA,darasa,HasAfro,katamA,lArE,yguAz,happen
takul,tEwodros,gabayA,HadArA,darasa,qATalo,suqocu,namulu,nbratA,happen
HadrguAl,mktl,Sumu,HqEndAstAwaqu,darasa,darasa,HadagA,bEtocnnA,gmtu,happen
HawdmuAl,Tla,znAb,gudA,darasa,gorf,maqalbaSA,boyo,srA,reach
maguAz,Cna,makino,magACatA,darasa,HasaqAqi,HadagA,sawu,wadiyAwanu,happen
zEnA,Hagalglo,galxawAl,HadagA,darasa,HqEhl,Cno,maguAz,turbo,happen
magACatu,bAlamuyA,HasradtawAl,HadagA,darasa,gudA,darasabAcawnA,hzbu,rbrb,happen
Hagalglo,galaTu,godE,gudAtu,darasa,HakAbAbi,lAka,qolo,mASlA,happen
Hagalglo,galaTu,godE,gudAtu,darasa,HakAbAbi,lAka,qolo,mASlA,happen
zar,wanz,mulA,gudA,darasa,.hEktAr,lT,HqErSA,marE,reach
galTawAl,wanzu,mulA,gudA,darasa,wagano,mAquAquAmiyA,mangstAwinA,mangstAwi,reach
galaxu,tabAla,qabalE,HadagA,darasa,mS,sostu,lDo,bEt,happen
HqEsA,manoriyA,bEto,tazAmto,darasa,HadagA,Harso,Hadaro,yAlamaTalayA,happen
Cna,makinA,tagaCto,gudA,darasa,bAlafa,mAksaNo,mS,tamA,reach
taqarxo,tanAgrawAl,.hawl,gudAtu,darasa,HaSkarkAri,quTTr,sr,wAla,happen
kll,wanz,mulA,gudA,darasa,waradA,qabalE,nawAri,fEdarAl,reach
HastAwqawAl,bAdnA,qalAl,gudA,darasa,HadvEntis,tawasda,hkmnA,HqErdAtA,reach
wanz,molto,HaqTACA,masA,darasa,maTlaqlaq,tafanAqalu,bEtasabocA,maTalayA,happen
mAhbaru,qada,lm,gudAtu,darasa,waradA,nawAri,yAlA,bEt,happen
tasAfAri,bAdnA,qalAl,gudA,darasa,HasradtawAl,HadagA,tagodu,mHsrAq,reach
tabAla,qabalE,HadagA,gudA,darasa,sawu,hospitAl,taNta,matAka,reach
galaxu,hAlAfi,qalAl,gudA,darasa,sawu,maDamariyA,hkmnA,HqErdAtA,reach
TfA,sas,mahonunnA,HadagA,darasa,HqEla,TawA,HasAfro,guAz,happen
tasAfAri,bAdnA,qalAl,gudA,darasa,HasradtawAl,HadagA,tagodu,mHsrAq,reach
sablo,mr,masabsab,waqt,darasa,bknatnA,TrA,maguAdal,mAsqara,happen
lAnd,kruzar,makinA,HadagA,darasa,HasAfro,guAz,HakAbAbi,HqEgr,happen
wsTu,sawu,Hayna,gudA,darasa,galTawAl,HadagA,hyawatA,yAlafa,reach
`Amatu,.hEktAr,tafaTro,wdma,darasa,zonu,gbrnAnA,gaTar,lmA,happen
galaxu,hbratasabu,zonu,hab,darasa,fta,wdma,sAbiyA,`Amatu,happen
sawnA,bEt,HqEnsasA,gudA,darasa,mahonu,`AlamAhugalxawAl,hbratasabu,HakAbAbi,reach
miliyo,zAf,cgNo,bitakalu,darasa,kAla,wdma,HanxAr,Hanasta,happen
motuAl,HqEkula,lEli,maqArabiyA,darasa,HadagA,sAbiyA,tanasA,HqEsA,happen
sawu,qalAl,HakAl,gudA,darasa,taSkarkAri,HadagA,darasu,mansHE,reach
mangHs,HsarAtaNo,gorf,gudA,darasa,wagano,marDA,damawazA,Hamst,reach
marE,masanaTaq,sAbiyA,gudA,darasa,mahonu,HaSkarkAriwocnA,mangadu,taTaqAmi,reach
HakAbAbi,bAlafa,kra,botA,darasa,masanTaq,mEtr,lAyna,Tlqa,happen
TEnA,bAla,mangad,masanaTATaq,darasa,mangad,TganA,kAlAgaNa,Hagalglo,happen
zgDuna,biro,HastAwaqa,stayA,darasa,whA,mulA,takababu,mAwTA,happen
HabAlA,motnA,HakAl,gudA,darasa,mahonu,mAstAwaqiyA,x.hfa,bEtnA,reach
Hilo,qabalE,gabarE,mAhbar,darasa,gudA,yKa,wanz,doro,happen
maTa,migabA,marmro,gudA,darasa,gabarE,HqErdAtA,mAsgaNa,cAl,reach
Tq,waradA,Hamst,qabalE,darasa,gorf,Tq,gabarE,nbra,happen
bEt,HqEnsasAtnA,manoriyA,bEto,darasa,gudA,mAsqara,kAhEda,gorf,happen
Hadagu,wandmAmAcocu,hAzannA,dngATE,darasa,HasAdAgiwocA,kfl,tamAri,sAlu,happen
hono,sarA,HqEgru,HadagA,darasa,stAstAmma,fqr,wadaqalA,sEt,happen
budnu,lig,CawAtA,mugar,darasa,Snfa,takatlo,dagAfi,taqAwmo,happen
tarAro,HakAbAbi,hEDE,HadagA,darasa,sfrA,HaycEHala,HandAnd,fnCo,happen
mAhbaru,`Ayna,ganzab,bkna,darasa,Taqsa,tadaraga,mATArA,hida,happen
HafAr,kll,gub,turisto,darasa,HadagA,HErtrA,dagafu,haylo,happen
kAmp,mtnor,Handi,sEt,darasa,gf,saw,lifaxma,mAycl,happen
sawu,hywat,maTfAtunnA,gudA,darasa,TqAtu,Sfto,tafaxama,tabluAl,reach
noro,HsartA,tAga,ganzabnA,darasa,gudA,HqEndtAwaTA,mtgadadA,HadAdis,happen
Hadaru,tadaraga,takus,lwwT,darasa,gudA,maTa,mAwaq,bAycAl,happen
HqEskazArE,mAwqa,bAl,banE,darasa,Halwadadku,HalAlkuA,masalA,HafqAri,happen
HqEhtu,yAwaqA,lDnatA,HawAqina,darasa,mAnnatA,nagar,tarasAstuAl,tarArquAl,happen
guyA,dabquA,maqamaTu,qTAtu,darasa,HaltaTarATara,HadarA,lDE,HadarA,happen
bEto,mafrasA,salAmAwi,zEgo,darasa,gudA,Halamanoru,maraDA,mnCo,happen
Hayar,TqA,HalSabAb,HamarAr,darasa,gudA,HaSabArinatnnA,HakrArina,mawAgA,happen
budn,gorf,HadagA,gudA,darasa,DDgA,tamA,zArE,gobaNa,reach
HadrgawlAcawAl,lHukA,budnu,gudA,darasa,hbratasab,kflo,yAnagAgara,kllu,reach
masmar,mknyAto,tanasA,gudA,darasa,zar,fasA,tkkla,fTnatnA,reach
drgitu,salAmAwi,zEgo,gudA,darasa,Sbr,ybAlAl,fanDi,Tor,reach
HakAbAbi,nawAri,`Ayna,CAnA,darasa,mAla,dfnu,mAstabAbal,bAlafa,happen
rahA,rafAdu,sa`A,gadamA,darasa,zagnANnA,qAlA,ligalax,mAycla,happen
tasAfAri,.hywa,qaTfuAl,muAcocu,darasa,qATalo,nadawAl,wAl,`AbAy,happen
`A,HakAbAbi,mHsrAq,HawroPA,darasa,wT,fars,madaragu,galxawAl,happen
dho,ganzabsTotA,mAdrag,tagaNa,darasa,bonb,TqA,fASistunnA,Cfrocu,happen
HityoPyAwi,DagnA,wd,.hywatnA,darasa,HakAl,gudlatnA,nbra,TfA,happen
TornatocnA,yAlaqa,wagan,TornA,darasa,TaqlAlA,Hagar,hAb,TfAtnA,happen
HakAl,magudalnA,nbra,TfA,darasa,TaqlAlA,kiHsArA,mAsabnA,magama,happen
HityoPyA,.hzb,maglax,HErtrA,darasa,SnfatnA,watAdarAwi,`lqi,wAnA,happen
makinA,fanD,tamatto,HadagA,darasa,watAdarocA,taruAruTa,HalaqA,wadaqu,happen
HqEnku,tawaladawa,wand,lD,darasa,TEnA,cgr,lDu,litalAlaf,happen
sabl,mAwdamunnA,mAsA,tolo,darasa,zar,maSafa,Trat,tadaraga,reach
gl,HqErSA,tamokro,HaCr,darasa,mrtAmAnA,tabAy,qalAlu,mAyTaqA,happen
HqEnada,SnbrAnA,Hayna,faTno,darasa,sabl,zryA,qolo,zryA,reach
HqEnada,SnbrAnA,Hayna,faTno,darasa,sabl,zryA,qolo,zryA,reach
Harso,Hadarocu,mAHqEklu,zaTanA,darasa,waCi,gazto,saTA,goc,happen
mAsA,hEktAr,tagalbTo,tolo,darasa,bAla,sabl,matakA,zar,reach
Hadarocu,wadamabA,sabl,tolo,darasa,bAla,SmbrA,masAsAlu,HqEhl,reach
tanAgrawAl,ySaT,bag,maSaTu,darasa,matAyatunnA,yAwaTA,sangA,maSaTu,happen
hEktAr,marE,tArso,faTno,darasa,bAla,sabl,maSafanu,HasradtawAl,reach
.hzb,gnNuna,makonnu,faTno,darasa,bAla,Hazr`,matakA,makafAfal,reach
HqEskA,HakAbAbi,sawu,quTr,darasa,blawAl,yhunnA,zonu,gorogutu,happen
waradA,migaNu,gabarE,HaCr,darasa,bAla,kuntAl,SmbrAnA,qolo,happen
hayl,mAswagad,mAycAl,daraDA,darasa,nawu,sgA,mAsAdaru,HastAwqawAl,happen
bAlamuyA,TafA,sabl,tolo,darasa,bAla,sabl,matakA,cAl,reach
salomo,ngAtu,galaTu,zryA,darasa,yAlawu,drqnA,StA,taquAqumo,happen
saTu,HastayAya,.hEktAr,zarta,darasa,zryA,buqAyA,qada,sil,happen
sndE,zriyA,sost,HqETf,darasa,yAlawu,mr,maTa,masTa,happen
marE,takasata,CAkA,HanbaTA,darasa,mASlA,gudA,darasa,hunEtA,happen
zEnA,Hagalglo,galaxu,HadagA,darasa,zArE,TawA,sa`A,takul,happen
HamalktawAl,mahonu,HarsoHadarocu,faTno,darasa,yAlawu,sabl,Hayna,mazrA,reach
zagaba,HamErikA,HityoPyAnA,kEnyA,darasa,watAdarAwi,smmna,maHsara,qAHidA,happen
kuntAl,SmbrA,guAyAnA,faTno,darasa,bAla,sabl,zar,zaru,reach
Hagalglo,galaxu,bAlafa,HsAm,darasa,kilo,rbarE,Hahunu,waqt,happen
mgb,sabl,rbarEnA,HqEhlo,darasa,wAgA,CmAri,matAyatu,nagAdEwocnA,happen
kuntAlu,nug,wAgA,sAmnt,darasa,blawAl,suf,goma,zar,happen
zaman,malawaCA,`Al,Camro,darasa,galTawAl,HqEhlnA,TrATrE,sAmnt,happen
galTawAl,HadagAwu,qabalE,hEktAr,darasa,qolonA,TT,mr,maTfAtu,happen
Hadaga,dars,makinAwu,katamA,darasa,bulE,horA,tanasto,Hamst,happen
sAmntA,war,waladu,`Ama,darasa,`Ama,HarogE,tabAla,`AmatA,happen
kuntAl,Hocoloni,kuntAl,mAdras,darasa,tanAgrawAl,Hakuri,Hatar,qada,happen
sabl,lmA,Camro,tolo,darasa,yAlawu,HatkaltnA,frAfrE,mAlmA,reach
zryA,drqnA,StA,taquAqumo,darasa,zryA,znAb,HaTar,honunA,happen
sndEnA,`AlamAyA,yunivarsiti,HaCr,darasa,fta,mr,HsaTu,sabl,reach
saTu,HastayAya,.hEktAr,zarta,darasa,zryA,buqAyA,qada,sil,happen
zryA,Harso,Hadaru,HagbAbu,darasa,Tru,hunEtA,mimacA,galTawAl,happen
waTu,zryA,Harso,Hadaru,darasa,bAladrSA,HakAlA,yAdargu,Trat,happen
Hatar,mrT,zar,HarsoHadaru,darasa,lmAtu,sfAfAnA,zar,HqETra,happen
HastabAbAri,TaqumawAl,zryA,mr,darasa,sabu,waradA,mrT,zar,happen
mikafAfal,muluqa,galTa,HaCr,darasa,HatkltnA,frAfrE,zar,mAlmA,happen
yAhl,nawAri,bAyl,Hagalglo,darasa,masAriyA,takalA,mAkanAwa,srA,happen
gbrnA,tEknoloDi,Harso,Hadaru,darasa,yAdargu,Trat,hAgaritu,mgb,happen
qabalE,gamad,slk,Hagalglo,darasa,HqEnqsqAsE,maDamaru,HastAwaqa,xhfa,happen
mr,saTu,bunA,zryA,darasa,HawTto,mAsarACatunnA,bAlafa,Hama,happen
talay,StA,maquAquA,HaCr,darasa,gabayA,tafalAgi,mahonu,taSAla,happen
hagaro,zArE,darasawu,HqEdga,darasa,lidarsu,cAlu,gbrnA,zarf,happen
HqEqd,masarat,walADo,HqEdmE,darasa,.hxa,wadatmhr,bEt,lku,happen
kll,zon,HqEdmEHa,tmhar,darasa,sEto,sEt,tamAri,quTr,happen
bEto,quTr,Hahunu,waqt,darasa,tamAri,quTr,mahonu,HastAwqawAl,happen
bihonu,takatAtAy,takAhEda,Trat,darasa,tamAri,quTr,liho,macAlu,reach
yAhl,masanAdo,tamAri,quTr,darasa,tEkniknA,muyA,tamAri,quTr,happen
kllu,daraDA,tamAri,quTr,darasa,sEt,tamAri,quTr,madrasu,happen
Hamalkta,sEt,tamAri,quTr,darasa,HastAwqawAl,kllu,taquAquAmu,HamArAC,happen
Hahunu,waqt,tamAri,quTr,darasa,mamTAtu,galTawAl,yunivarsti,zandro,happen
daraDA,tmhar,bEto,masarAtnA,darasa,Hagalglo,saTu,mAdaragu,tagalTuAl,happen
daraDA,tmhrt,SfAn,mato,darasa,mahonu,zonu,tmhrt,x.hfa,reach
tmhrt,SfAn,mato,mato,darasa,hbratasabu,tmhrt,proDaktocu,gnbAtA,happen
maramaru,mrmarA,mA`kalAtu,bzA,darasa,mahonu,makalAkalnA,maqoTATar,srA,reach
guzo,mAstAwaSA,sxf,botA,darasa,rAsE,yAyawu,qda,takatal,happen
HamArar,mangad,qaTal,marsA,darasa,nfAs,warad,marsA,gEt,happen
t`y,HasnabbE,HafE,molcE,darasa,darso,yhE,byE,manAgarE,happen
takarAkar,HqEl,HasCarA,wyy,darasa,ntrk,smmna,tadarasa,fil,happen
TAmu,tacagara,maCaraSA,wsAnE,darasa,tacAla,dmx,blCA,clotu,happen
HasgarAmi,maho,Damara,polAnd,darasa,rado,sAmnt,yAhl,lEt,happen
sAward,hasabu,Ha`mro,DmnAstik,darasa,Hawo,wadADE,mastaguAgual,taTayAqi,happen
HasfruAl,bAlaqnE,lorE,xagA,darasa,gTmu,mAynagA,hl,sAl,happen
`dA,dAnHEl,HamlAk,faTno,darasa,yAlu,miTafA,bla,HqEndAwaDka,reach
xara,musnA,hnxA,yAzku,darasa,sarA,bAhrnA,trAnzi,hnxA,happen
quTr,Hawtobs,tasAfro,dabrazay,darasa,Hayar,hAyl,gbi,sdars,happen
dabdAbE,Hasgabta,qoyu,maCaraSA,darasa,tAyto,mil,din,tamarA,happen
midarag,Trat,waTo,CAf,darasa,tabAla,mimaTu,gamad,mangadaNo,happen
banE,qrb,wadADocE,smmna,darasa,qonDo,fil,mahonu,lnAmasagnA,happen
maDamariyA,yAgaNawAl,tagosaquAquluAl,HqEhs,darasa,ylawAl,nguHsu,lDu,HabAtE,happen
mamaryA,msAlEna,TaqAqsawAl,`Ala,darasa,HanxAr,HityoPyA,gaZi,pArti,happen
HqEndnhEd,yAdargAl,mato,mato,darasa,whA,SfAn,HsrA,kAlAkalnbatnA,happen
zandro,Holimpik,zgD,HqEmn,darasa,HqEskA,HawrA,HityoPyA,Holimpik,happen
kAf,.hggA,bAlamakatalu,matAgad,darasa,hunEtA,lAla,daraDA,HadrsotAl,happen
HqEgr,kuAs,HadrASA,yat,darasa,tadagAgAmi,HafrikA,wAnCA,fxAmE,happen
TAbiyA,manaxr,HaytA,dmdAmE,darasa,nagaru,sAyA,mknyAtAwi,hono,happen
noro,HafrikA,hbra,maTaryAna,darasa,nawnA,nguHsa,nagaHstu,wlatA,happen
slk,yAkanAwna,maraDA,wAwaTa,darasa,ksra,taTayAqi,Hamst,brnA,happen
sa`A,rAnd,br,gadamA,darasa,yTaqumAlu,hono,kfyA,yAltadarADu,happen
mAdrag,HityoPyAnA,luftAnzA,smmna,darasa,HityoPyA,Hayar,mangad,hzb,happen
flo,zArE,mnga,daraDA,darasa,waTAtu,twald,tglu,HaTanAkro,happen
guzo,HaTanAqA,tAlamalA,HsfrA,darasa,qanu,zaTa,sa`A,takul,happen
fxu,Hayna,fqr,dabdAbE,darasa,samtAchuNAl,Habo,snasrHa,ynurA,happen
kaNA,yAw,HqEngdi,guAda,darasa,dabdAbE,tagazA,mahonu,yhE,happen
HadrgE,saw,darsuAl,lanE,darasa,kopi,byE,malaskula,ziyAs,happen
robarts,maCaraSA,twanA,zamanuA,darasa,hAyAsiyA,maglaxA,Taqasa,forbs,happen
zaman,qrb,HqETA,taTlo,darasa,qrCA,HsgA,trinA,zanbil,happen
dmx,qaTalu,samAya,samAyA,darasa,hab,nATaTa,Hagar,hoNE,happen
Hadaragu,maTA,xns,mawalaDA,darasa,mTu,maTA,fTna,dars,happen
gbA,mAybAl,damawaz,CmAri,darasa,samAnA,Hakorafa,damawaz,liCamar,happen
ymaraqAl,tabluAl,`Ama,liTanAqaq,darasa,Hadis,.hnxA,tamocnA,gaTar,happen
fituA,stAzor,farA,warE,darasa,gabA,hulE,tanasA,HarHqEs,happen
maTto,Tr,war,mato,darasa,galxawAl,nacnA,maqanas,TyAqE,happen
Halku,salfa,taqalAqalku,tarA,darasa,yAla,malHak,miyATagb,fagagtA,happen
zagabA,HqErgT,bAgbo,fxAmE,darasa,maCaraSA,sa`A,nagaro,bAgbo,happen
mrCA,tawadAdaru,zur,mrCA,darasa,Hsosta,marAC,dmx,mAgNatA,happen
HqErgT,lnla,tal`ko,mAsfAfA,darasa,HqEqd,TnqAqE,mnmalakata,tagbArAwi,happen
mrCA,tawadAdaru,zur,mrCA,darasa,Hsosta,marAC,dmx,mAgNatA,happen
