Lcontext6,Lcontex5,Lcontext4,Lcontext3,Lcontext2,Lcontext1,target word,Rcontext1,Rcontext2,Rcontext3,Rcontext4,Rcontext5,Rcontext6,class
bAlamuyA,kulA,danu,saw,sarA,cgro,darasa,mahonu,galxa,bAlafa,Hama,hEktAr,maCafCafAnnA,happen
HakAbAbi,.hzb,miTla,kra,znAb,sAbiyA,darasa,dngata,gorf,HadagA,bEtasabocunnA,HqEnsasAtu,maTabaq,happen
nAwana,mahonu,HastAwaqa,TT,takl,gudA,darasa,tabAy,makalAkal,yAsclu,kEmikAlo,mrmr,malayatA,happen
maDamariyA,daraDA,tmhrt,bEt,.hnxA,gudA,darasa,smnt,rEwocnA,fyalo,gorf,mawasadA,hAlAfi,reach
HadrgawAl,TEnA,muyAtaNo,waCi,maSafa,gudA,darasa,HakAbAbi,mAsamArA,mazagADatu,mAhbaru,HastAwquAl,kll,reach
kll,mangHstnA,.hzb,HagArna,maglaT,gudA,darasa,wagano,malso,mAquAquA,midaraga,rbrb,b.hErAwi,reach
mangHstu,wanzu,mulA,HsAbiyA,sawnA,HqEnssA,darasa,gudA,mAzanu,HastAwquAl,kllAwi,mangstnA,.hzb,happen
kllAwi,mangHs,qada,sil,Hagaritu,kllo,darasa,tamasAsAy,gudAto,Tabaq,dgAf,mAdragu,yAstAwaqa,happen
zEnA,Hagalglo,HqEndAstAwaqu,taSkarkAri,tagalbTo,Hadagaa,darasa,bulE,horA,tanasto,katamA,madras,Hamst,happen
zArE,HatyoPyA,zEnA,Hagalglo,galaxu,HadagA,darasa,tArgA,quTru,kod,nadAD,mAmalAlaSA,botE,happen
HqElAyA,mawdaqu,blawAl,HadagA,HakAl,gudA,darasa,sawu,dadar,hospitAl,.hkmnA,HqErdAtA,tadaragalA,reach
tanAgrawAl,TAbiyA,gnbAtA,TanAqaq,mangA,sabl,darasa,gudA,makalAkal,miradAnA,qada,gorabE,Hagar,happen
gobA,waradA,qabalE,gorf,HadagA,gudA,darasa,gabarE,HqEhl,zaytnA,bAsA,makafAfalA,waradA,reach
znAb,bAskatala,marE,nAdA,HadagA,gudA,darasa,sawu,TEnA,TAbiyA,.hkmnA,HqErdAtA,tadaragalA,reach
minoru,Harbto,HadarocnA,fil,Harbto,Hadaro,darasa,gudA,Hasmalkto,yAgaNa,maraDA,qrbu,yfA,happen
qrbu,yfA,miyAdarg,HastAwqawAl,hagarA,HakAbAbi,darasa,gorf,HadagA,tagodu,wagano,marDA,sarAtaNocnA,reach
liqaTl,ygabAl,blawAl,katamA,gorf,gudA,darasa,wagano,marDA,HqEskA,naTb,miliyo,brnA,reach
galaxu,`Ama,`dmE,yAlA,HqEraNo,HadagA,darasa,znAb,maTalal,quATNu,Hsr,waqt,quATNu,happen
yAlhona,drD,katamA,gorf,sAbiyA,gudA,darasa,tamAri,wlu,tmhrt,masAriyA,`rdAtA,masTatu,reach
xara,HEds,kbab,HabAlA,Hagaritu,kflo,darasa,gorf,HadagA,bEt,nbratA,tafanAqalu,wagano,happen
zon,waradA,.hxAnA,motnA,HakAl,gudA,darasa,mahonu,waradA,mAstAwqiyA,x.hfa,bEt,galaxa,reach
`Amatu,`Aynu,mATAtunnA,HakAlu,maqusal,HadagA,darasa,mahonu,x.hfa,bEtu,prEsnA,HinformE,tawakAy,happen
mimotunA,miliyo,nbra,miwad,galTawAl,kllu,darasa,makinA,HadagA,Hamatu,naTb,mato,mamTAtu,happen
HityoPyA,zEnA,Hagalglo,HqEndAstAwaqu,gorf,bl,darasa,mangad,Tagno,Hagalglotu,mAsqaTal,kllu,gaTar,happen
bEtasab,HabAl,honu,sost,sawu,gudAtu,darasa,ngAtu,sa`A,Dbu,safarA,TAbiyA,miga,happen
ykafAfalAl,HityoPyA,drEda,katamA,bAlafa,kra,darasa,gorf,HadagA,nbratA,glasab,lT,kAsA,happen
bEtasab,HabAl,honu,sost,sawu,gudAtu,darasa,ngAtu,sa`A,Dbu,safarA,TAbiyA,miga,happen
glasabo,qrbu,HakAbAbi,guarf,HadagA,gudA,darasa,wagano,marDA,wl,mAwATA,bAnk,gabi,reach
masno,HqErSA,wanz,mulA,miyAskatla,maTlaqlaq,darasa,gudA,maqanas,kll,HadagA,makalAkalnA,zgDuna,happen
wha,maTlaqlaquAnA,mangado,mazagAtA,HqEnssAtnA,nbra,darasa,gudA,mAwaq,tacAla,tamAnA,HakAbAbi,mS,happen
wha,maTlaqlaquAnA,mangado,mazagAtA,HqEnssAtnA,nbra,darasa,gudA,mAwaq,tacAla,tamAnA,HakAbAbi,mS,happen
makinA,tagalbTo,gadal,wusT,magbAtu,darasawu,darasa,sawu,sawu,gudA,madrasu,zonu,polis,happen
quTru,kod,HaHa,Cna,makinA,HadagAwu,darasa,lElitu,zaTa,sa`A,mHsrAq,zon,waradA,happen
tadaragalA,migaNu,HasradtawAl,tamasAsAy,kll,stiyA,darasa,makinA,HadagA,sawu,sawu,HakAl,gudA,reach
zArE,HityoPyA,zEnA,Hagalglo,galalaxu,gudA,darasa,HasAfro,katamA,lArE,yguAz,nabarawnA,salEdA,happen
lElitu,sdst,takul,tEwodros,gabayA,HadArA,darasa,qATalo,suqocu,namulu,nbratA,Tq,HadrguAl,happen
nbratA,Tq,HadrguAl,mktl,Sumu,HqEndAstAwaqu,darasa,darasa,HadagA,bEtocnnA,gmtu,yAltAwaqa,nbra,happen
yAltAwaqa,nbra,HawdmuAl,Tla,znAb,gudA,darasa,gorf,maqalbaSA,boyo,srA,mAkAhEd,zgD,reach
sfrA,fTna,maguAz,Cna,makino,magACatA,darasa,HasaqAqi,HadagA,sawu,wadiyAwanu,mamotAcawnnA,hospitAl,happen
bEta,HityoPyA,zEnA,Hagalglo,galxawAl,HadagA,darasa,HqEhl,Cno,maguAz,turbo,makinA,mAmrA,happen
Cna,makinA,magACatu,bAlamuyA,HasradtawAl,HadagA,darasa,gudA,darasabAcawnA,hzbu,rbrb,Cna,makinA,happen
HityoPyA,zEnA,Hagalglo,galaTu,godE,gudAtu,darasa,HakAbAbi,lAka,qolo,mASlA,saliTnA,boloqE,happen
HityoPyA,zEnA,Hagalglo,galaTu,godE,gudAtu,darasa,HakAbAbi,lAka,qolo,mASlA,saliTnA,boloqE,happen
yAsarACa,mrT,zar,wanz,mulA,gudA,darasa,.hEktAr,lT,HqErSA,marE,malso,mAlmA,reach
mAlmA,miyAscl,galTawAl,wanzu,mulA,gudA,darasa,wagano,mAquAquAmiyA,mangstAwinA,mangstAwi,yAlhonu,drDtocnA,reach
zEnA,Hagalglo,galaxu,tabAla,qabalE,HadagA,darasa,mS,sostu,lDo,bEt,zagtAbA,bunA,happen
mAqATal,sut,HqEsA,manoriyA,bEto,tazAmto,darasa,HadagA,Harso,Hadaro,yAlamaTalayA,maqratA,waradA,happen
tArikAwi,.hawl,Cna,makinA,tagaCto,gudA,darasa,bAlafa,mAksaNo,mS,tamA,ma.hAl,qomo,reach
.hawl,msl,taqarxo,tanAgrawAl,.hawl,gudAtu,darasa,HaSkarkAri,quTTr,sr,wAla,hAlA,wAs,happen
galxa,wAl,kll,wanz,mulA,gudA,darasa,waradA,qabalE,nawAri,fEdarAl,HadagA,makalAkalnA,reach
sAydarsbA,matrafA,HastAwqawAl,bAdnA,qalAl,gudA,darasa,HadvEntis,tawasda,hkmnA,HqErdAtA,tadaragalA,mahonu,reach
mabzA,sAbiyA,wanz,molto,HaqTACA,masA,darasa,maTlaqlaq,tafanAqalu,bEtasabocA,maTalayA,TAbiyA,ygaNAlu,happen
mizarA,galTa,mAhbaru,qada,lm,gudAtu,darasa,waradA,nawAri,yAlA,bEt,qusAqus,mAkafAfalu,happen
Camro,honu,tasAfAri,bAdnA,qalAl,gudA,darasa,HasradtawAl,HadagA,tagodu,mHsrAq,hospitAl,talka,reach
darasa,qanu,tabAla,qabalE,HadagA,gudA,darasa,sawu,hospitAl,taNta,matAka,honu,galaxu,reach
matAka,honu,galaxu,hAlAfi,qalAl,gudA,darasa,sawu,maDamariyA,hkmnA,HqErdAtA,tadargualA,wadayabEtA,reach
HaSkarkAri,tadagAgAmi,TfA,sas,mahonunnA,HadagA,darasa,HqEla,TawA,HasAfro,guAz,tamA,trAfik,happen
Camro,honu,tasAfAri,bAdnA,qalAl,gudA,darasa,HasradtawAl,HadagA,tagodu,mHsrAq,hospitAl,talka,reach
TrA,TrEnA,sablo,mr,masabsab,waqt,darasa,bknatnA,TrA,maguAdal,mAsqara,Harso,Hadaru,happen
tArgA,quTr,lAnd,kruzar,makinA,HadagA,darasa,HasAfro,guAz,HakAbAbi,HqEgr,maguAz,sost,happen
SafEru,CaNro,wsTu,sawu,Hayna,gudA,darasa,galTawAl,HadagA,hyawatA,yAlafa,sawu,HaskarE,reach
Hanasta,mahonu,`Amatu,.hEktAr,tafaTro,wdma,darasa,zonu,gbrnAnA,gaTar,lmA,mamriyA,HastAwaqa,happen
zEnA,Hagalglo,galaxu,hbratasabu,zonu,hab,darasa,fta,wdma,sAbiyA,`Amatu,znAb,mAylayA,happen
zalqa,mag,sawnA,bEt,HqEnsasA,gudA,darasa,mahonu,`AlamAhugalxawAl,hbratasabu,HakAbAbi,migaNa,hab,reach
`Amatu,Hamst,miliyo,zAf,cgNo,bitakalu,darasa,kAla,wdma,HanxAr,Hanasta,blawAl,zonu,happen
SofEru,wadiyAwanu,motuAl,HqEkula,lEli,maqArabiyA,darasa,HadagA,sAbiyA,tanasA,HqEsA,mATfA,mokaru,happen
magalbaTu,sosa,sawu,qalAl,HakAl,gudA,darasa,taSkarkAri,HadagA,darasu,mansHE,maTArA,miga,reach
kAbinE,HabAlAtnA,mangHs,HsarAtaNo,gorf,gudA,darasa,wagano,marDA,damawazA,Hamst,mato,mato,reach
HasfAl,mangad,marE,masanaTaq,sAbiyA,gudA,darasa,mahonu,HaSkarkAriwocnA,mangadu,taTaqAmi,Hamalakatu,HaSkarkAriwocunA,reach
talay,tabAla,HakAbAbi,bAlafa,kra,botA,darasa,masanTaq,mEtr,lAyna,Tlqa,yAlawu,gudguAd,happen
saCi,galxawAl,TEnA,bAla,mangad,masanaTATaq,darasa,mangad,TganA,kAlAgaNa,Hagalglo,liho,yclAl,happen
HadagA,makalAkalnA,zgDuna,biro,HastAwaqa,stayA,darasa,whA,mulA,takababu,mAwTA,yAgalagl,DalbA,happen
qaTaqTu,bEtasab,HabAlA,motnA,HakAl,gudA,darasa,mahonu,mAstAwaqiyA,x.hfa,bEtnA,polis,galaTa,reach
wanz,molto,Hilo,qabalE,gabarE,mAhbar,darasa,gudA,yKa,wanz,doro,gocnA,fyalo,happen
maglaCA,HadagA,maTa,migabA,marmro,gudA,darasa,gabarE,HqErdAtA,mAsgaNa,cAl,waradA,mgb,reach
sabl,Haynato,Tq,waradA,Hamst,qabalE,darasa,gorf,Tq,gabarE,nbra,sabl,HasradatawAl,happen
wanz,nawAri,bEt,HqEnsasAtnA,manoriyA,bEto,darasa,gudA,mAsqara,kAhEda,gorf,makalAkal,gdb,happen
fqr,komakomu,Hadagu,wandmAmAcocu,hAzannA,dngATE,darasa,HasAdAgiwocA,kfl,tamAri,sAlu,mot,talayu,happen
Torna,gAzETa,hono,sarA,HqEgru,HadagA,darasa,stAstAmma,fqr,wadaqalA,sEt,HaTtuAl,mATA,happen
HasalTA,wbatu,budnu,lig,CawAtA,mugar,darasa,Snfa,takatlo,dagAfi,taqAwmo,tayAyAza,malqaq,happen
tkkl,samE,tarAro,HakAbAbi,hEDE,HadagA,darasa,sfrA,HaycEHala,HandAnd,fnCo,HagNcE,tamalSAla,happen
bidarag,makSafu,mAhbaru,`Ayna,ganzab,bkna,darasa,Taqsa,tadaraga,mATArA,hida,qdmiyA,likafal,happen
galaxAla,warA,HafAr,kll,gub,turisto,darasa,HadagA,HErtrA,dagafu,haylo,taTayAqi,yAla,happen
miga,tafanAqAyo,kAmp,mtnor,Handi,sEt,darasa,gf,saw,lifaxma,mAycl,HaramanEyAwi,stl,happen
tafaxama,TqA,sawu,hywat,maTfAtunnA,gudA,darasa,TqAtu,Sfto,tafaxama,tabluAl,TqAtu,faxama,reach
sAydars,qarto,noro,HsartA,tAga,ganzabnA,darasa,gudA,HqEndtAwaTA,mtgadadA,HadAdis,waCi,Camro,happen
nagAdE,tAkosu,Hadaru,tadaraga,takus,lwwT,darasa,gudA,maTa,mAwaq,bAycAl,hxA,maqusalu,happen
sho,HalAsAz,HqEskazArE,mAwqa,bAl,banE,darasa,Halwadadku,HalAlkuA,masalA,HafqAri,darasa,maDamariyA,happen
zoro,HalAwaqa,HqEhtu,yAwaqA,lDnatA,HawAqina,darasa,mAnnatA,nagar,tarasAstuAl,tarArquAl,talayAytuAl,dro,happen
HqEhtu,sAyAgAlT,guyA,dabquA,maqamaTu,qTAtu,darasa,HaltaTarATara,HadarA,lDE,HadarA,Hala,HamAnuHEl,happen
HakAbAbi,sost,bEto,mafrasA,salAmAwi,zEgo,darasa,gudA,Halamanoru,maraDA,mnCo,mAmalkatA,ministEru,happen
galxuAl,HamErikA,Hayar,TqA,HalSabAb,HamarAr,darasa,gudA,HaSabArinatnnA,HakrArina,mawAgA,midaraga,tgl,happen
marA,lHukA,budn,gorf,HadagA,gudA,darasa,DDgA,tamA,zArE,gobaNa,Hadisu,gasa,reach
bAlaslTanA,HaqabAbal,HadrgawlAcawAl,lHukA,budnu,gudA,darasa,hbratasab,kflo,yAnagAgara,kllu,HadagA,makalAkalnA,reach
lAyfaTarulA,yclAl,masmar,mknyAto,tanasA,gudA,darasa,zar,fasA,tkkla,fTnatnA,maTa,wadasEtuA,reach
SbrtaNo,bnl,drgitu,salAmAwi,zEgo,gudA,darasa,Sbr,ybAlAl,fanDi,Tor,maHsAriyAnA,masAsalu,reach
skuAr,proDak,HakAbAbi,nawAri,`Ayna,CAnA,darasa,mAla,dfnu,mAstabAbal,bAlafa,qarbu,mAsraDA,happen
yAsdanagaTa,`AbAy,rahA,rafAdu,sa`A,gadamA,darasa,zagnANnA,qAlA,ligalax,mAycla,makinA,HadagA,happen
magalbaTu,HarbA,tasAfAri,.hywa,qaTfuAl,muAcocu,darasa,qATalo,nadawAl,wAl,`AbAy,dldy,HakAbAbi,happen
tgrAy,taquAqumo,`A,HakAbAbi,mHsrAq,HawroPA,darasa,wT,fars,madaragu,galxawAl,nagaru,`A,happen
bEta,mangHs,dho,ganzabsTotA,mAdrag,tagaNa,darasa,bonb,TqA,fASistunnA,Cfrocu,fta,qusla,happen
Hagar,wadAd,HityoPyAwi,DagnA,wd,.hywatnA,darasa,HakAl,gudlatnA,nbra,TfA,tAlAq,saqoqAnA,happen
tadaragu,HayAlE,TornatocnA,yAlaqa,wagan,TornA,darasa,TaqlAlA,Hagar,hAb,TfAtnA,ksra,`la,happen
.hywa,HqElqi,HakAl,magudalnA,nbra,TfA,darasa,TaqlAlA,kiHsArA,mAsabnA,magama,zaga,tztA,happen
.hywa,tArik,HityoPyA,.hzb,maglax,HErtrA,darasa,SnfatnA,watAdarAwi,`lqi,wAnA,taTayAqi,dargmangHs,happen
HsarA,gAz,makinA,fanD,tamatto,HadagA,darasa,watAdarocA,taruAruTa,HalaqA,wadaqu,Hansta,HabuArA,happen
mAswalad,bicl,HqEnku,tawaladawa,wand,lD,darasa,TEnA,cgr,lDu,litalAlaf,yclAl,hormo,happen
hEktAr,mAsA,sabl,mAwdamunnA,mAsA,tolo,darasa,zar,maSafa,Trat,tadaraga,mahonu,waradA,reach
Hadaro,mAsAnA,gl,HqErSA,tamokro,HaCr,darasa,mrtAmAnA,tabAy,qalAlu,mAyTaqA,mahonu,taragAgaTa,happen
tagalbTo,taSafana,HqEnada,SnbrAnA,Hayna,faTno,darasa,sabl,zryA,qolo,zryA,bAlafu,xhfa,reach
tagalbTo,taSafana,HqEnada,SnbrAnA,Hayna,faTno,darasa,sabl,zryA,qolo,zryA,bAlafu,sost,reach
yAgaNu,HascluAl,Harso,Hadarocu,mAHqEklu,zaTanA,darasa,waCi,gazto,saTA,goc,bAgaNu,HqEndAstAwaqa,happen
HastAwquAl,Tq,mAsA,hEktAr,tagalbTo,tolo,darasa,bAla,sabl,matakA,zar,mazrA,srA,reach
tadargoluAcawAl,Harso,Hadarocu,wadamabA,sabl,tolo,darasa,bAla,SmbrA,masAsAlu,HqEhl,zar,Safnu,reach
wAgA,matAyatu,tanAgrawAl,ySaT,bag,maSaTu,darasa,matAyatunnA,yAwaTA,sangA,maSaTu,matAyatu,HasradtawAl,happen
takanAwana,Trat,hEktAr,marE,tArso,faTno,darasa,bAla,sabl,maSafanu,HasradtawAl,?,?,reach
mahonu,Taqomu,.hzb,gnNuna,makonnu,faTno,darasa,bAla,Hazr`,matakA,makafAfal,gaNa,zar,reach
maTlaqlaq,sAbiyA,HqEskA,HakAbAbi,sawu,quTr,darasa,blawAl,yhunnA,zonu,gorogutu,qarsAnA,waradA,happen
gorogutu,qarsAnA,waradA,migaNu,gabarE,HaCr,darasa,bAla,kuntAl,SmbrAnA,qolo,Hazr`,makafAfalA,happen
mahonu,saw,hayl,mAswagad,mAycAl,daraDA,darasa,nawu,sgA,mAsAdaru,HastAwqawAl,xhfa,bEtu,happen
mAdrgu,galaxu,bAlamuyA,TafA,sabl,tolo,darasa,bAla,sabl,matakA,cAl,SmbrA,zar,reach
srA,HaskiyADu,salomo,ngAtu,galaTu,zryA,darasa,yAlawu,drqnA,StA,taquAqumo,zryA,znAb,happen
burqA,galcu,saTu,HastayAya,.hEktAr,zarta,darasa,zryA,buqAyA,qada,sil,mrmr,taquAmA,happen
zarocu,nabAr,sndE,zriyA,sost,HqETf,darasa,yAlawu,mr,maTa,masTa,miclu,hAlAfi,happen
mibalT,HqErSA,marE,takasata,CAkA,HanbaTA,darasa,mASlA,gudA,darasa,hunEtA,bAlamuyA,budn,happen
mahadi,HityoPyA,zEnA,Hagalglo,galaxu,HadagA,darasa,zArE,TawA,sa`A,takul,HasAfro,yguAz,happen
budn,maragAgaTu,HamalktawAl,mahonu,HarsoHadarocu,faTno,darasa,yAlawu,sabl,Hayna,mazrA,clu,kuntAl,reach
zEnA,Taqso,zagaba,HamErikA,HityoPyAnA,kEnyA,darasa,watAdarAwi,smmna,maHsara,qAHidA,HaSabAri,marab,happen
gabarE,tasaTA,kuntAl,SmbrA,guAyAnA,faTno,darasa,bAla,sabl,zar,zaru,naTb,miliya,reach
HityoPyA,zEnA,Hagalglo,galaxu,bAlafa,HsAm,darasa,kilo,rbarE,Hahunu,waqt,zq,bluAl,happen
wAla,gabayA,mgb,sabl,rbarEnA,HqEhlo,darasa,wAgA,CmAri,matAyatu,nagAdEwocnA,SamAco,Hamalakatu,happen
bAlafa,sAmnt,kuntAlu,nug,wAgA,sAmnt,darasa,blawAl,suf,goma,zar,kuntAl,maSaTu,happen
zq,sil,zaman,malawaCA,`Al,Camro,darasa,galTawAl,HqEhlnA,TrATrE,sAmnt,wadi,`Ayna,happen
tanagAgara,mahonu,galTawAl,HadagAwu,qabalE,hEktAr,darasa,qolonA,TT,mr,maTfAtu,qand,btocnA,happen
taSkarkAri,tagalabaTa,Hadaga,dars,makinAwu,katamA,darasa,bulE,horA,tanasto,Hamst,kilo,mEtr,happen
qanA,sAmnt,sAmntA,war,waladu,`Ama,darasa,`Ama,HarogE,tabAla,`AmatA,takA,zaman,happen
mr,dAgusA,kuntAl,Hocoloni,kuntAl,mAdras,darasa,tanAgrawAl,Hakuri,Hatar,qada,sil,hEktAr,happen
proDakto,takanAwnA,sabl,lmA,Camro,tolo,darasa,yAlawu,HatkaltnA,frAfrE,mAlmA,taTaqAmi,honu,reach
ngAtu,galaTu,zryA,drqnA,StA,taquAqumo,darasa,zryA,znAb,HaTar,honunA,qolAmA,HakAbAbi,happen
mASlA,boloqE,sndEnA,`AlamAyA,yunivarsiti,HaCr,darasa,fta,mr,HsaTu,sabl,zryA,mAbAzA,reach
burqA,galcu,saTu,HastayAya,.hEktAr,zarta,darasa,zryA,buqAyA,qada,sil,mrmr,taquAmA,happen
taCAwata,qolo,zryA,Harso,Hadaru,HagbAbu,darasa,Tru,hunEtA,mimacA,galTawAl,Harsi,nagalE,happen
mrmr,taquAmA,waTu,zryA,Harso,Hadaru,darasa,bAladrSA,HakAlA,yAdargu,Trat,taTanAkro,maqaTal,happen
drD,Hakuri,Hatar,mrT,zar,HarsoHadaru,darasa,lmAtu,sfAfAnA,zar,HqETra,qAlal,daraga,happen
taragAgaTa,mahonA,HastabAbAri,TaqumawAl,zryA,mr,darasa,sabu,waradA,mrT,zar,miyAsfalgA,gabarE,happen
miyAsfalgA,gabarE,mikafAfal,muluqa,galTa,HaCr,darasa,HatkltnA,frAfrE,zar,mAlmA,mAsarACa,Trat,happen
HakAbAbi,gaNu,yAhl,nawAri,bAyl,Hagalglo,darasa,masAriyA,takalA,mAkanAwa,srA,HaskiyADu,kll,happen
mrT,zryAwocnA,gbrnA,tEknoloDi,Harso,Hadaru,darasa,yAdargu,Trat,hAgaritu,mgb,wAstnA,HaCr,happen
slk,gaTar,qabalE,gamad,slk,Hagalglo,darasa,HqEnqsqAsE,maDamaru,HastAwaqa,xhfa,bEtu,HsrA,happen
taquAquma,fta,mr,saTu,bunA,zryA,darasa,HawTto,mAsarACatunnA,bAlafa,Hama,yAwaTA,dAmo,happen
tanAgrawAl,zryA,talay,StA,maquAquA,HaCr,darasa,gabayA,tafalAgi,mahonu,taSAla,gabi,miyAsgaNulA,happen
galaxu,xagu,hagaro,zArE,darasawu,HqEdga,darasa,lidarsu,cAlu,gbrnA,zarf,tkura,masTatA,happen
mAdAras,tayAza,HqEqd,masarat,walADo,HqEdmE,darasa,.hxa,wadatmhr,bEt,lku,TayqawAl,wandocnA,happen
HasganzabwAl,.hzbo,kll,zon,HqEdmEHa,tmhar,darasa,sEto,sEt,tamAri,quTr,Hahunu,waqt,happen
daraDA,tmhrt,bEto,quTr,Hahunu,waqt,darasa,tamAri,quTr,mahonu,HastAwqawAl,kllu,tmhrt,happen
tmhrt,bEto,bihonu,takatAtAy,takAhEda,Trat,darasa,tamAri,quTr,liho,macAlu,galTawAl,yAhl,reach
macAlu,galTawAl,yAhl,masanAdo,tamAri,quTr,darasa,tEkniknA,muyA,tamAri,quTr,mAdagu,HabAdulA,happen
bAlafa,`Ama,kllu,daraDA,tamAri,quTr,darasa,sEt,tamAri,quTr,madrasu,galTawAl,daraDA,happen
quTr,mablaTu,Hamalkta,sEt,tamAri,quTr,darasa,HastAwqawAl,kllu,taquAquAmu,HamArAC,masaratAwi,tmhar,happen
tanAgaru,profEsaru,Hahunu,waqt,tamAri,quTr,darasa,mamTAtu,galTawAl,yunivarsti,zandro,qabalA,tamAri,happen
qolAmA,waradA,daraDA,tmhar,bEto,masarAtnA,darasa,Hagalglo,saTu,mAdaragu,tagalTuAl,bAlafa,Hama,happen
takAhEda,HqEnqsqAsE,daraDA,tmhrt,SfAn,mato,darasa,mahonu,zonu,tmhrt,x.hfa,bEt,galaTa,reach
halAfi,zonu,tmhrt,SfAn,mato,mato,darasa,hbratasabu,tmhrt,proDaktocu,gnbAtA,naTb,miliyo,happen
mAdagu,sawu,maramaru,mrmarA,mA`kalAtu,bzA,darasa,mahonu,makalAkalnA,maqoTATar,srA,mAgazu,tanAgrawAl,reach
bla,TayqawNAl,guzo,mAstAwaSA,sxf,botA,darasa,rAsE,yAyawu,qda,takatal,taka,tArik,happen
mArfadA,HalunA,HamArar,mangad,qaTal,marsA,darasa,nfAs,warad,marsA,gEt,lut,HandAndo,happen
darSE,mArAki,t`y,HasnabbE,HafE,molcE,darasa,darso,yhE,byE,manAgarE,dfra,shta,happen
mAsAlaf,HqEndAlab,takarAkar,HqEl,HasCarA,wyy,darasa,ntrk,smmna,tadarasa,fil,yan,mAsAlaf,happen
lb,wsAnE,TAmu,tacagara,maCaraSA,wsAnE,darasa,tacAla,dmx,blCA,clotu,yn,smmna,happen
magAlab,guzowu,HasgarAmi,maho,Damara,polAnd,darasa,rado,sAmnt,yAhl,lEt,qan,ward,happen
micl,sAwaTAnA,sAward,hasabu,Ha`mro,DmnAstik,darasa,Hawo,wadADE,mastaguAgual,taTayAqi,HagNcEla,wadADEnnA,happen
fEs,buku,HasfruAl,bAlaqnE,lorE,xagA,darasa,gTmu,mAynagA,hl,sAl,mAyd,baStA,happen
Tabaqka,qAl,`dA,dAnHEl,HamlAk,faTno,darasa,yAlu,miTafA,bla,HqEndAwaDka,fqr,Hazima,reach
qulqul,yAyAtAl,xara,musnA,hnxA,yAzku,darasa,sarA,bAhrnA,trAnzi,hnxA,lAhu,salaqatku,happen
Taqomu,masarat,quTr,Hawtobs,tasAfro,dabrazay,darasa,Hayar,hAyl,gbi,sdars,TbaqA,sawu,happen
mahEd,malqaqiyA,dabdAbE,Hasgabta,qoyu,maCaraSA,darasa,tAyto,mil,din,tamarA,dabdAbE,Hayar,happen
mawTAtnA,mawrad,midarag,Trat,waTo,CAf,darasa,tabAla,mimaTu,gamad,mangadaNo,manAd,kAh,happen
tasaNa,fil,banE,qrb,wadADocE,smmna,darasa,qonDo,fil,mahonu,lnAmasagnA,gd,ylanAl,happen
waTto,ymaTAl,maDamariyA,yAgaNawAl,tagosaquAquluAl,HqEhs,darasa,ylawAl,nguHsu,lDu,HabAtE,saTaKa,ganzab,happen
HakarAy,takarAy,mamaryA,msAlEna,TaqAqsawAl,`Ala,darasa,HanxAr,HityoPyA,gaZi,pArti,tax`no,naxA,happen
qoma,yAla,HqEndnhEd,yAdargAl,mato,mato,darasa,whA,SfAn,HsrA,kAlAkalnbatnA,sdst,warA,happen
qan,qara,zandro,Holimpik,zgD,HqEmn,darasa,HqEskA,HawrA,HityoPyA,Holimpik,komitE,takatAtAy,happen
fEdErESnu,fifAnA,kAf,.hggA,bAlamakatalu,matAgad,darasa,hunEtA,lAla,daraDA,HadrsotAl,saw,zarAwnyACdAlnA,happen
TansASuA,HityoPyA,HqEgr,kuAs,HadrASA,yat,darasa,tadagAgAmi,HafrikA,wAnCA,fxAmE,CawAtA,maru,happen
rAdiyo,tElEviZ,TAbiyA,manaxr,HaytA,dmdAmE,darasa,nagaru,sAyA,mknyAtAwi,hono,manAgar,lmAd,happen
HaHad,hl,noro,HafrikA,hbra,maTaryAna,darasa,nawnA,nguHsa,nagaHstu,wlatA,.hawl,mAqo,happen
tangalAtA,HsrA,slk,yAkanAwna,maraDA,wAwaTa,darasa,ksra,taTayAqi,Hamst,brnA,br,kArdo,happen
maTa,zArE,sa`A,rAnd,br,gadamA,darasa,yTaqumAlu,hono,kfyA,yAltadarADu,dabub,HafrikA,happen
HqEgalglo,HqElatu,mAdrag,HityoPyAnA,luftAnzA,smmna,darasa,HityoPyA,Hayar,mangad,hzb,gnNuna,hAlAfi,happen
HaT,maswA`tna,flo,zArE,mnga,daraDA,darasa,waTAtu,twald,tglu,HaTanAkro,maqaTal,HqEndAla,happen
SunnA,HadkAmi,guzo,HaTanAqA,tAlamalA,HsfrA,darasa,qanu,zaTa,sa`A,takul,rahAbnA,whA,happen
Handi,guAda,fxu,Hayna,fqr,dabdAbE,darasa,samtAchuNAl,Habo,snasrHa,ynurA,hulatA,lDo,happen
samA,smu,kaNA,yAw,HqEngdi,guAda,darasa,dabdAbE,tagazA,mahonu,yhE,tArikA,maDamariyA,happen
dabdAbE,wasadkunA,HadrgE,saw,darsuAl,lanE,darasa,kopi,byE,malaskula,ziyAs,Hatlu,ziyAmA,happen
yTaqumAlu,DuliyA,robarts,maCaraSA,twanA,zamanuA,darasa,hAyAsiyA,maglaxA,Taqasa,forbs,maxhE,tawAnAytuA,happen
HsgA,ykafAfalu,zaman,qrb,HqETA,taTlo,darasa,qrCA,HsgA,trinA,zanbil,HaSakmo,bEtu,happen
golA,bAla,dmx,qaTalu,samAya,samAyA,darasa,hab,nATaTa,Hagar,hoNE,HqEDE,mx,happen
Hsosta,Trat,Hadaragu,maTA,xns,mawalaDA,darasa,mTu,maTA,fTna,dars,taTarA,HambulAnsu,happen
mdra,HastamAri,gbA,mAybAl,damawaz,CmAri,darasa,samAnA,Hakorafa,damawaz,liCamar,mabAlu,samto,happen
gnbo,war,ymaraqAl,tabluAl,`Ama,liTanAqaq,darasa,Hadis,.hnxA,tamocnA,gaTar,nora,.hzb,happen
gon,taqamTAla,fituA,stAzor,farA,warE,darasa,gabA,hulE,tanasA,HarHqEs,mAmalT,zadE,happen
nratu,qanasa,maTto,Tr,war,mato,darasa,galxawAl,nacnA,maqanas,TyAqE,HqEnAnsA,mato,happen
mAya,Halab,Halku,salfa,taqalAqalku,tarA,darasa,yAla,malHak,miyATagb,fagagtA,gAbaza,ngd,happen
hunEtA,tamalakata,zagabA,HqErgT,bAgbo,fxAmE,darasa,maCaraSA,sa`A,nagaro,bAgbo,DarbA,masTatA,happen
`Am,prEzidantA,mrCA,tawadAdaru,zur,mrCA,darasa,Hsosta,marAC,dmx,mAgNatA,naga,`la,happen
Hasqadma,nagar,HqErgT,lnla,tal`ko,mAsfAfA,darasa,HqEqd,TnqAqE,mnmalakata,tagbArAwi,yhonAl,tabAla,happen
`Am,prEzidantA,mrCA,tawadAdaru,zur,mrCA,darasa,Hsosta,marAC,dmx,mAgNatA,naga,`la,happen
