Lcontext7,Lcontext6,Lcontex5,Lcontext4,Lcontext3,Lcontext2,Lcontext1,target word,Rcontext1,Rcontext2,Rcontext3,Rcontext4,Rcontext5,Rcontext6,Rcontext7,class
lmA,bAlamuyA,kulA,danu,saw,sarA,cgro,darasa,mahonu,galxa,bAlafa,Hama,hEktAr,maCafCafAnnA,qATalo,happen
tanAgrawAl,HakAbAbi,.hzb,miTla,kra,znAb,sAbiyA,darasa,dngata,gorf,HadagA,bEtasabocunnA,HqEnsasAtu,maTabaq,tagabi,happen
tagbArA,nAwana,mahonu,HastAwaqa,TT,takl,gudA,darasa,tabAy,makalAkal,yAsclu,kEmikAlo,mrmr,malayatA,galxuAl,happen
HasradtawAl,maDamariyA,daraDA,tmhrt,bEt,.hnxA,gudA,darasa,smnt,rEwocnA,fyalo,gorf,mawasadA,hAlAfi,tanAgrawAl,reach
gabi,HadrgawAl,TEnA,muyAtaNo,waCi,maSafa,gudA,darasa,HakAbAbi,mAsamArA,mazagADatu,mAhbaru,HastAwquAl,kll,samE,reach
maglaxnA,kll,mangHstnA,.hzb,HagArna,maglaT,gudA,darasa,wagano,malso,mAquAquA,midaraga,rbrb,b.hErAwi,kllAwi,reach
kllAwi,mangHstu,wanzu,mulA,HsAbiyA,sawnA,HqEnssA,darasa,gudA,mAzanu,HastAwquAl,kllAwi,mangstnA,.hzb,tagoDi,happen
HamalkatuAl,kllAwi,mangHs,qada,sil,Hagaritu,kllo,darasa,tamasAsAy,gudAto,Tabaq,dgAf,mAdragu,yAstAwaqa,maglaCA,happen
HityoPyA,zEnA,Hagalglo,HqEndAstAwaqu,taSkarkAri,tagalbTo,Hadagaa,darasa,bulE,horA,tanasto,katamA,madras,Hamst,kilo,happen
HinspEktar,zArE,HatyoPyA,zEnA,Hagalglo,galaxu,HadagA,darasa,tArgA,quTru,kod,nadAD,mAmalAlaSA,botE,makinA,happen
dnga,HqElAyA,mawdaqu,blawAl,HadagA,HakAl,gudA,darasa,sawu,dadar,hospitAl,.hkmnA,HqErdAtA,tadaragalA,mahonu,reach
mahonu,tanAgrawAl,TAbiyA,gnbAtA,TanAqaq,mangA,sabl,darasa,gudA,makalAkal,miradAnA,qada,gorabE,Hagar,manasA,happen
zon,gobA,waradA,qabalE,gorf,HadagA,gudA,darasa,gabarE,HqEhl,zaytnA,bAsA,makafAfalA,waradA,HqErdAtA,reach
TAla,znAb,bAskatala,marE,nAdA,HadagA,gudA,darasa,sawu,TEnA,TAbiyA,.hkmnA,HqErdAtA,tadaragalA,mahonu,reach
qabalE,minoru,Harbto,HadarocnA,fil,Harbto,Hadaro,darasa,gudA,Hasmalkto,yAgaNa,maraDA,qrbu,yfA,miyAdarg,happen
maraDA,qrbu,yfA,miyAdarg,HastAwqawAl,hagarA,HakAbAbi,darasa,gorf,HadagA,tagodu,wagano,marDA,sarAtaNocnA,.hbratasab,reach
taTanAkro,liqaTl,ygabAl,blawAl,katamA,gorf,gudA,darasa,wagano,marDA,HqEskA,naTb,miliyo,brnA,qusAqus,reach
Hagalglo,galaxu,`Ama,`dmE,yAlA,HqEraNo,HadagA,darasa,znAb,maTalal,quATNu,Hsr,waqt,quATNu,tafanqlo,happen
mangstAwi,yAlhona,drD,katamA,gorf,sAbiyA,gudA,darasa,tamAri,wlu,tmhrt,masAriyA,`rdAtA,masTatu,gizEyAwi,reach
`drocnA,xara,HEds,kbab,HabAlA,Hagaritu,kflo,darasa,gorf,HadagA,bEt,nbratA,tafanAqalu,wagano,marDA,happen
samE,zon,waradA,.hxAnA,motnA,HakAl,gudA,darasa,mahonu,waradA,mAstAwqiyA,x.hfa,bEt,galaxa,wadqo,reach
zaTa,`Amatu,`Aynu,mATAtunnA,HakAlu,maqusal,HadagA,darasa,mahonu,x.hfa,bEtu,prEsnA,HinformE,tawakAy,zArE,happen
sawu,mimotunA,miliyo,nbra,miwad,galTawAl,kllu,darasa,makinA,HadagA,Hamatu,naTb,mato,mamTAtu,HasradtawAl,happen
hAlAfi,HityoPyA,zEnA,Hagalglo,HqEndAstAwaqu,gorf,bl,darasa,mangad,Tagno,Hagalglotu,mAsqaTal,kllu,gaTar,mangado,happen
TAbayA,bEtasab,HabAl,honu,sost,sawu,gudAtu,darasa,ngAtu,sa`A,Dbu,safarA,TAbiyA,miga,manoriyA,happen
qrbu,ykafAfalAl,HityoPyA,drEda,katamA,bAlafa,kra,darasa,gorf,HadagA,nbratA,glasab,lT,kAsA,kfyA,happen
TAbayA,bEtasab,HabAl,honu,sost,sawu,gudAtu,darasa,ngAtu,sa`A,Dbu,safarA,TAbiyA,miga,manoriyA,happen
HqEdrocnA,glasabo,qrbu,HakAbAbi,guarf,HadagA,gudA,darasa,wagano,marDA,wl,mAwATA,bAnk,gabi,Hadaragu,reach
yAkAhidu,masno,HqErSA,wanz,mulA,miyAskatla,maTlaqlaq,darasa,gudA,maqanas,kll,HadagA,makalAkalnA,zgDuna,biro,happen
tamA,wha,maTlaqlaquAnA,mangado,mazagAtA,HqEnssAtnA,nbra,darasa,gudA,mAwaq,tacAla,tamAnA,HakAbAbi,mS,yAlamAquAraT,happen
tamA,wha,maTlaqlaquAnA,mangado,mazagAtA,HqEnssAtnA,nbra,darasa,gudA,mAwaq,tacAla,tamAnA,HakAbAbi,mS,yAlamAquAraT,happen
Cna,makinA,tagalbTo,gadal,wusT,magbAtu,darasawu,darasa,sawu,sawu,gudA,madrasu,zonu,polis,mamriyA,happen
tArgA,quTru,kod,HaHa,Cna,makinA,HadagAwu,darasa,lElitu,zaTa,sa`A,mHsrAq,zon,waradA,tabAla,happen
hkmnA,tadaragalA,migaNu,HasradtawAl,tamasAsAy,kll,stiyA,darasa,makinA,HadagA,sawu,sawu,HakAl,gudA,madrasu,reach
HinspEktar,zArE,HityoPyA,zEnA,Hagalglo,galalaxu,gudA,darasa,HasAfro,katamA,lArE,yguAz,nabarawnA,salEdA,quTru,happen
hunEtA,lElitu,sdst,takul,tEwodros,gabayA,HadArA,darasa,qATalo,suqocu,namulu,nbratA,Tq,HadrguAl,mktl,happen
namulu,nbratA,Tq,HadrguAl,mktl,Sumu,HqEndAstAwaqu,darasa,darasa,HadagA,bEtocnnA,gmtu,yAltAwaqa,nbra,HawdmuAl,happen
gmtu,yAltAwaqa,nbra,HawdmuAl,Tla,znAb,gudA,darasa,gorf,maqalbaSA,boyo,srA,mAkAhEd,zgD,tadaraga,reach
miTarA,sfrA,fTna,maguAz,Cna,makino,magACatA,darasa,HasaqAqi,HadagA,sawu,wadiyAwanu,mamotAcawnnA,hospitAl,mawasad,happen
bAlamuyA,bEta,HityoPyA,zEnA,Hagalglo,galxawAl,HadagA,darasa,HqEhl,Cno,maguAz,turbo,makinA,mAmrA,Cna,happen
mAmrA,Cna,makinA,magACatu,bAlamuyA,HasradtawAl,HadagA,darasa,gudA,darasabAcawnA,hzbu,rbrb,Cna,makinA,tagotta,happen
doktar,HityoPyA,zEnA,Hagalglo,galaTu,godE,gudAtu,darasa,HakAbAbi,lAka,qolo,mASlA,saliTnA,boloqE,mrT,happen
doktar,HityoPyA,zEnA,Hagalglo,galaTu,godE,gudAtu,darasa,HakAbAbi,lAka,qolo,mASlA,saliTnA,boloqE,mrT,happen
biro,yAsarACa,mrT,zar,wanz,mulA,gudA,darasa,.hEktAr,lT,HqErSA,marE,malso,mAlmA,miyAscl,reach
malso,mAlmA,miyAscl,galTawAl,wanzu,mulA,gudA,darasa,wagano,mAquAquAmiyA,mangstAwinA,mangstAwi,yAlhonu,drDtocnA,.hbratasab,reach
HityoPyA,zEnA,Hagalglo,galaxu,tabAla,qabalE,HadagA,darasa,mS,sostu,lDo,bEt,zagtAbA,bunA,maTaTA,happen
bEtu,mAqATal,sut,HqEsA,manoriyA,bEto,tazAmto,darasa,HadagA,Harso,Hadaro,yAlamaTalayA,maqratA,waradA,polis,happen
yKE,tArikAwi,.hawl,Cna,makinA,tagaCto,gudA,darasa,bAlafa,mAksaNo,mS,tamA,ma.hAl,qomo,nabarawnA,reach
.hawl,.hawl,msl,taqarxo,tanAgrawAl,.hawl,gudAtu,darasa,HaSkarkAri,quTTr,sr,wAla,hAlA,wAs,malaqaqu,happen
HaskiyADu,galxa,wAl,kll,wanz,mulA,gudA,darasa,waradA,qabalE,nawAri,fEdarAl,HadagA,makalAkalnA,zgDuna,reach
gudA,sAydarsbA,matrafA,HastAwqawAl,bAdnA,qalAl,gudA,darasa,HadvEntis,tawasda,hkmnA,HqErdAtA,tadaragalA,mahonu,Cna,reach
znAb,mabzA,sAbiyA,wanz,molto,HaqTACA,masA,darasa,maTlaqlaq,tafanAqalu,bEtasabocA,maTalayA,TAbiyA,ygaNAlu,hAlAfi,happen
marE,mizarA,galTa,mAhbaru,qada,lm,gudAtu,darasa,waradA,nawAri,yAlA,bEt,qusAqus,mAkafAfalu,tanAgrawAl,happen
SofEru,Camro,honu,tasAfAri,bAdnA,qalAl,gudA,darasa,HasradtawAl,HadagA,tagodu,mHsrAq,hospitAl,talka,hkmnA,reach
HadagA,darasa,qanu,tabAla,qabalE,HadagA,gudA,darasa,sawu,hospitAl,taNta,matAka,honu,galaxu,hAlAfi,reach
taNta,matAka,honu,galaxu,hAlAfi,qalAl,gudA,darasa,sawu,maDamariyA,hkmnA,HqErdAtA,tadargualA,wadayabEtA,mamalasA,reach
makinA,HaSkarkAri,tadagAgAmi,TfA,sas,mahonunnA,HadagA,darasa,HqEla,TawA,HasAfro,guAz,tamA,trAfik,polisa,happen
SofEru,Camro,honu,tasAfAri,bAdnA,qalAl,gudA,darasa,HasradtawAl,HadagA,tagodu,mHsrAq,hospitAl,talka,hkmnA,reach
talay,TrA,TrEnA,sablo,mr,masabsab,waqt,darasa,bknatnA,TrA,maguAdal,mAsqara,Harso,Hadaru,dhra,happen
kod,tArgA,quTr,lAnd,kruzar,makinA,HadagA,darasa,HasAfro,guAz,HakAbAbi,HqEgr,maguAz,sost,sEto,happen
yAgATma,SafEru,CaNro,wsTu,sawu,Hayna,gudA,darasa,galTawAl,HadagA,hyawatA,yAlafa,sawu,HaskarE,hospitAl,reach
gnzAbE,Hanasta,mahonu,`Amatu,.hEktAr,tafaTro,wdma,darasa,zonu,gbrnAnA,gaTar,lmA,mamriyA,HastAwaqa,mamriyA,happen
HityoPyA,zEnA,Hagalglo,galaxu,hbratasabu,zonu,hab,darasa,fta,wdma,sAbiyA,`Amatu,znAb,mAylayA,HakabAbi,happen
mandaro,zalqa,mag,sawnA,bEt,HqEnsasA,gudA,darasa,mahonu,`AlamAhugalxawAl,hbratasabu,HakAbAbi,migaNa,hab,wdma,reach
hbratasabu,`Amatu,Hamst,miliyo,zAf,cgNo,bitakalu,darasa,kAla,wdma,HanxAr,Hanasta,blawAl,zonu,hab,happen
HqEsA,SofEru,wadiyAwanu,motuAl,HqEkula,lEli,maqArabiyA,darasa,HadagA,sAbiyA,tanasA,HqEsA,mATfA,mokaru,malablab,happen
taSkarkAri,magalbaTu,sosa,sawu,qalAl,HakAl,gudA,darasa,taSkarkAri,HadagA,darasu,mansHE,maTArA,miga,radA,reach
waradA,kAbinE,HabAlAtnA,mangHs,HsarAtaNo,gorf,gudA,darasa,wagano,marDA,damawazA,Hamst,mato,mato,HqErdAtA,reach
tasarA,HasfAl,mangad,marE,masanaTaq,sAbiyA,gudA,darasa,mahonu,HaSkarkAriwocnA,mangadu,taTaqAmi,Hamalakatu,HaSkarkAriwocunA,tagalgAyocu,reach
mangadu,talay,tabAla,HakAbAbi,bAlafa,kra,botA,darasa,masanTaq,mEtr,lAyna,Tlqa,yAlawu,gudguAd,mafTaru,happen
HastayAya,saCi,galxawAl,TEnA,bAla,mangad,masanaTATaq,darasa,mangad,TganA,kAlAgaNa,Hagalglo,liho,yclAl,sgA,happen
kllu,HadagA,makalAkalnA,zgDuna,biro,HastAwaqa,stayA,darasa,whA,mulA,takababu,mAwTA,yAgalagl,DalbA,sfrA,happen
bomb,qaTaqTu,bEtasab,HabAlA,motnA,HakAl,gudA,darasa,mahonu,mAstAwaqiyA,x.hfa,bEtnA,polis,galaTa,waradA,reach
tabAla,wanz,molto,Hilo,qabalE,gabarE,mAhbar,darasa,gudA,yKa,wanz,doro,gocnA,fyalo,mawsadu,happen
halAfi,maglaCA,HadagA,maTa,migabA,marmro,gudA,darasa,gabarE,HqErdAtA,mAsgaNa,cAl,waradA,mgb,wAstnAnA,reach
gabsnA,sabl,Haynato,Tq,waradA,Hamst,qabalE,darasa,gorf,Tq,gabarE,nbra,sabl,HasradatawAl,gorfu,happen
yK,wanz,nawAri,bEt,HqEnsasAtnA,manoriyA,bEto,darasa,gudA,mAsqara,kAhEda,gorf,makalAkal,gdb,HsrA,happen
HqEnkbkAbEnA,fqr,komakomu,Hadagu,wandmAmAcocu,hAzannA,dngATE,darasa,HasAdAgiwocA,kfl,tamAri,sAlu,mot,talayu,waqt,happen
waTA,Torna,gAzETa,hono,sarA,HqEgru,HadagA,darasa,stAstAmma,fqr,wadaqalA,sEt,HaTtuAl,mATA,waTAto,happen
bunA,HasalTA,wbatu,budnu,lig,CawAtA,mugar,darasa,Snfa,takatlo,dagAfi,taqAwmo,tayAyAza,malqaq,wasno,happen
samcAla,tkkl,samE,tarAro,HakAbAbi,hEDE,HadagA,darasa,sfrA,HaycEHala,HandAnd,fnCo,HagNcE,tamalSAla,sbrbAri,happen
mukarA,bidarag,makSafu,mAhbaru,`Ayna,ganzab,bkna,darasa,Taqsa,tadaraga,mATArA,hida,qdmiyA,likafal,br,happen
wasA,galaxAla,warA,HafAr,kll,gub,turisto,darasa,HadagA,HErtrA,dagafu,haylo,taTayAqi,yAla,HityoPyA,happen
katamA,miga,tafanAqAyo,kAmp,mtnor,Handi,sEt,darasa,gf,saw,lifaxma,mAycl,HaramanEyAwi,stl,galxAwAla,happen
mangadaNo,tafaxama,TqA,sawu,hywat,maTfAtunnA,gudA,darasa,TqAtu,Sfto,tafaxama,tabluAl,TqAtu,faxama,HakAl,reach
gudA,sAydars,qarto,noro,HsartA,tAga,ganzabnA,darasa,gudA,HqEndtAwaTA,mtgadadA,HadAdis,waCi,Camro,HaTaqAlAy,happen
kontrobAnd,nagAdE,tAkosu,Hadaru,tadaraga,takus,lwwT,darasa,gudA,maTa,mAwaq,bAycAl,hxA,maqusalu,kllu,happen
Cnqa,sho,HalAsAz,HqEskazArE,mAwqa,bAl,banE,darasa,Halwadadku,HalAlkuA,masalA,HafqAri,darasa,maDamariyA,fqr,happen
harmani,zoro,HalAwaqa,HqEhtu,yAwaqA,lDnatA,HawAqina,darasa,mAnnatA,nagar,tarasAstuAl,tarArquAl,talayAytuAl,dro,habtAmna,happen
Had.hari,HqEhtu,sAyAgAlT,guyA,dabquA,maqamaTu,qTAtu,darasa,HaltaTarATara,HadarA,lDE,HadarA,Hala,HamAnuHEl,hospitAlu,happen
rafAdu,HakAbAbi,sost,bEto,mafrasA,salAmAwi,zEgo,darasa,gudA,Halamanoru,maraDA,mnCo,mAmalkatA,ministEru,galxuAl,happen
ministEru,galxuAl,HamErikA,Hayar,TqA,HalSabAb,HamarAr,darasa,gudA,HaSabArinatnnA,HakrArina,mawAgA,midaraga,tgl,dl,happen
ministr,marA,lHukA,budn,gorf,HadagA,gudA,darasa,DDgA,tamA,zArE,gobaNa,Hadisu,gasa,marA,reach
hasannA,bAlaslTanA,HaqabAbal,HadrgawlAcawAl,lHukA,budnu,gudA,darasa,hbratasab,kflo,yAnagAgara,kllu,HadagA,makalAkalnA,zgDuna,reach
tubo,lAyfaTarulA,yclAl,masmar,mknyAto,tanasA,gudA,darasa,zar,fasA,tkkla,fTnatnA,maTa,wadasEtuA,bl,reach
HqEsrAHElo,SbrtaNo,bnl,drgitu,salAmAwi,zEgo,gudA,darasa,Sbr,ybAlAl,fanDi,Tor,maHsAriyAnA,masAsalu,maHsAriyA,reach
tNA,skuAr,proDak,HakAbAbi,nawAri,`Ayna,CAnA,darasa,mAla,dfnu,mAstabAbal,bAlafa,qarbu,mAsraDA,lmA,happen
tafaTarawnA,yAsdanagaTa,`AbAy,rahA,rafAdu,sa`A,gadamA,darasa,zagnANnA,qAlA,ligalax,mAycla,makinA,HadagA,Hadis,happen
Tlqa,magalbaTu,HarbA,tasAfAri,.hywa,qaTfuAl,muAcocu,darasa,qATalo,nadawAl,wAl,`AbAy,dldy,HakAbAbi,hbratasabunA,happen
lig,tgrAy,taquAqumo,`A,HakAbAbi,mHsrAq,HawroPA,darasa,wT,fars,madaragu,galxawAl,nagaru,`A,mAlEli,happen
l`ul,bEta,mangHs,dho,ganzabsTotA,mAdrag,tagaNa,darasa,bonb,TqA,fASistunnA,Cfrocu,fta,qusla,dAragA,happen
yAlaqa,Hagar,wadAd,HityoPyAwi,DagnA,wd,.hywatnA,darasa,HakAl,gudlatnA,nbra,TfA,tAlAq,saqoqAnA,.haza,happen
HsarAwituA,tadaragu,HayAlE,TornatocnA,yAlaqa,wagan,TornA,darasa,TaqlAlA,Hagar,hAb,TfAtnA,ksra,`la,`la,happen
Tornato,.hywa,HqElqi,HakAl,magudalnA,nbra,TfA,darasa,TaqlAlA,kiHsArA,mAsabnA,magama,zaga,tztA,hono,happen
HasaqAqi,.hywa,tArik,HityoPyA,.hzb,maglax,HErtrA,darasa,SnfatnA,watAdarAwi,`lqi,wAnA,taTayAqi,dargmangHs,fta,happen
rusyA,HsarA,gAz,makinA,fanD,tamatto,HadagA,darasa,watAdarocA,taruAruTa,HalaqA,wadaqu,Hansta,HabuArA,HarAgfa,happen
lD,mAswalad,bicl,HqEnku,tawaladawa,wand,lD,darasa,TEnA,cgr,lDu,litalAlaf,yclAl,hormo,mazA,happen
znAb,hEktAr,mAsA,sabl,mAwdamunnA,mAsA,tolo,darasa,zar,maSafa,Trat,tadaraga,mahonu,waradA,gbrnAnA,reach
Harso,Hadaro,mAsAnA,gl,HqErSA,tamokro,HaCr,darasa,mrtAmAnA,tabAy,qalAlu,mAyTaqA,mahonu,taragAgaTa,HasradtawAl,happen
buqAyA,tagalbTo,taSafana,HqEnada,SnbrAnA,Hayna,faTno,darasa,sabl,zryA,qolo,zryA,bAlafu,xhfa,bEt,reach
buqAyA,tagalbTo,taSafana,HqEnada,SnbrAnA,Hayna,faTno,darasa,sabl,zryA,qolo,zryA,bAlafu,sost,`AmatA,reach
gabi,yAgaNu,HascluAl,Harso,Hadarocu,mAHqEklu,zaTanA,darasa,waCi,gazto,saTA,goc,bAgaNu,HqEndAstAwaqa,tEknoloDi,happen
mahonA,HastAwquAl,Tq,mAsA,hEktAr,tagalbTo,tolo,darasa,bAla,sabl,matakA,zar,mazrA,srA,maDamaru,reach
dgAf,tadargoluAcawAl,Harso,Hadarocu,wadamabA,sabl,tolo,darasa,bAla,SmbrA,masAsAlu,HqEhl,zar,Safnu,Trat,reach
doro,wAgA,matAyatu,tanAgrawAl,ySaT,bag,maSaTu,darasa,matAyatunnA,yAwaTA,sangA,maSaTu,matAyatu,HasradtawAl,msrAq,happen
HqEskaHa,takanAwana,Trat,hEktAr,marE,tArso,faTno,darasa,bAla,sabl,maSafanu,HasradtawAl,?,?,?,reach
sabl,mahonu,Taqomu,.hzb,gnNuna,makonnu,faTno,darasa,bAla,Hazr`,matakA,makafAfal,gaNa,zar,kuntAl,reach
wha,maTlaqlaq,sAbiyA,HqEskA,HakAbAbi,sawu,quTr,darasa,blawAl,yhunnA,zonu,gorogutu,qarsAnA,waradA,migaNu,happen
zonu,gorogutu,qarsAnA,waradA,migaNu,gabarE,HaCr,darasa,bAla,kuntAl,SmbrAnA,qolo,Hazr`,makafAfalA,tanAgaru,happen
tasfAfA,mahonu,saw,hayl,mAswagad,mAycAl,daraDA,darasa,nawu,sgA,mAsAdaru,HastAwqawAl,xhfa,bEtu,bAlamuyA,happen
Tq,mAdrgu,galaxu,bAlamuyA,TafA,sabl,tolo,darasa,bAla,sabl,matakA,cAl,SmbrA,zar,mAqrab,reach
gub,srA,HaskiyADu,salomo,ngAtu,galaTu,zryA,darasa,yAlawu,drqnA,StA,taquAqumo,zryA,znAb,HaTar,happen
Hadar,burqA,galcu,saTu,HastayAya,.hEktAr,zarta,darasa,zryA,buqAyA,qada,sil,mrmr,taquAmA,wasda,happen
mrT,zarocu,nabAr,sndE,zriyA,sost,HqETf,darasa,yAlawu,mr,maTa,masTa,miclu,hAlAfi,galxa,happen
.hEktAr,mibalT,HqErSA,marE,takasata,CAkA,HanbaTA,darasa,mASlA,gudA,darasa,hunEtA,bAlamuyA,budn,sfrA,happen
hAlAfi,mahadi,HityoPyA,zEnA,Hagalglo,galaxu,HadagA,darasa,zArE,TawA,sa`A,takul,HasAfro,yguAz,salEdA,happen
HaTNi,budn,maragAgaTu,HamalktawAl,mahonu,HarsoHadarocu,faTno,darasa,yAlawu,sabl,Hayna,mazrA,clu,kuntAl,zar,reach
HagaNa,zEnA,Taqso,zagaba,HamErikA,HityoPyAnA,kEnyA,darasa,watAdarAwi,smmna,maHsara,qAHidA,HaSabAri,marab,mabaTATas,happen
HqEndAstAwaqu,gabarE,tasaTA,kuntAl,SmbrA,guAyAnA,faTno,darasa,bAla,sabl,zar,zaru,naTb,miliya,gazA,reach
zArE,HityoPyA,zEnA,Hagalglo,galaxu,bAlafa,HsAm,darasa,kilo,rbarE,Hahunu,waqt,zq,bluAl,HandAnd,happen
sAmnt,wAla,gabayA,mgb,sabl,rbarEnA,HqEhlo,darasa,wAgA,CmAri,matAyatu,nagAdEwocnA,SamAco,Hamalakatu,tamA,happen
gabayA,bAlafa,sAmnt,kuntAlu,nug,wAgA,sAmnt,darasa,blawAl,suf,goma,zar,kuntAl,maSaTu,kAlafa,happen
ruz,zq,sil,zaman,malawaCA,`Al,Camro,darasa,galTawAl,HqEhlnA,TrATrE,sAmnt,wadi,`Ayna,CmAri,happen
bAlaslTA,tanagAgara,mahonu,galTawAl,HadagAwu,qabalE,hEktAr,darasa,qolonA,TT,mr,maTfAtu,qand,btocnA,quTrAcawu,happen
HqEndAstAwaqu,taSkarkAri,tagalabaTa,Hadaga,dars,makinAwu,katamA,darasa,bulE,horA,tanasto,Hamst,kilo,mEtr,qara,happen
qan,qanA,sAmnt,sAmntA,war,waladu,`Ama,darasa,`Ama,HarogE,tabAla,`AmatA,takA,zaman,korcA,happen
yga,mr,dAgusA,kuntAl,Hocoloni,kuntAl,mAdras,darasa,tanAgrawAl,Hakuri,Hatar,qada,sil,hEktAr,smnt,happen
zamanAwi,proDakto,takanAwnA,sabl,lmA,Camro,tolo,darasa,yAlawu,HatkaltnA,frAfrE,mAlmA,taTaqAmi,honu,mamTAtA,reach
salomo,ngAtu,galaTu,zryA,drqnA,StA,taquAqumo,darasa,zryA,znAb,HaTar,honunA,qolAmA,HakAbAbi,Hayar,happen
qolo,mASlA,boloqE,sndEnA,`AlamAyA,yunivarsiti,HaCr,darasa,fta,mr,HsaTu,sabl,zryA,mAbAzA,mahonu,reach
Hadar,burqA,galcu,saTu,HastayAya,.hEktAr,zarta,darasa,zryA,buqAyA,qada,sil,mrmr,taquAmA,wasda,happen
minA,taCAwata,qolo,zryA,Harso,Hadaru,HagbAbu,darasa,Tru,hunEtA,mimacA,galTawAl,Harsi,nagalE,waradA,happen
xut,mrmr,taquAmA,waTu,zryA,Harso,Hadaru,darasa,bAladrSA,HakAlA,yAdargu,Trat,taTanAkro,maqaTal,talay,happen
yAlhona,drD,Hakuri,Hatar,mrT,zar,HarsoHadaru,darasa,lmAtu,sfAfAnA,zar,HqETra,qAlal,daraga,Trat,happen
mrtAnatA,taragAgaTa,mahonA,HastabAbAri,TaqumawAl,zryA,mr,darasa,sabu,waradA,mrT,zar,miyAsfalgA,gabarE,mikafAfal,happen
zar,miyAsfalgA,gabarE,mikafAfal,muluqa,galTa,HaCr,darasa,HatkltnA,frAfrE,zar,mAlmA,mAsarACa,Trat,tadaraga,happen
habur,HakAbAbi,gaNu,yAhl,nawAri,bAyl,Hagalglo,darasa,masAriyA,takalA,mAkanAwa,srA,HaskiyADu,kll,bAlafa,happen
taqanADta,mrT,zryAwocnA,gbrnA,tEknoloDi,Harso,Hadaru,darasa,yAdargu,Trat,hAgaritu,mgb,wAstnA,HaCr,gzE,happen
mobAyl,slk,gaTar,qabalE,gamad,slk,Hagalglo,darasa,HqEnqsqAsE,maDamaru,HastAwaqa,xhfa,bEtu,HsrA,HaskiyAD,happen
baStA,taquAquma,fta,mr,saTu,bunA,zryA,darasa,HawTto,mAsarACatunnA,bAlafa,Hama,yAwaTA,dAmo,HakAbAbi,happen
micl,tanAgrawAl,zryA,talay,StA,maquAquA,HaCr,darasa,gabayA,tafalAgi,mahonu,taSAla,gabi,miyAsgaNulA,Harso,happen
TanAqaq,galaxu,xagu,hagaro,zArE,darasawu,HqEdga,darasa,lidarsu,cAlu,gbrnA,zarf,tkura,masTatA,salTANo,happen
.hxAnA,mAdAras,tayAza,HqEqd,masarat,walADo,HqEdmE,darasa,.hxa,wadatmhr,bEt,lku,TayqawAl,wandocnA,sEt,happen
nabil,HasganzabwAl,.hzbo,kll,zon,HqEdmEHa,tmhar,darasa,sEto,sEt,tamAri,quTr,Hahunu,waqt,mato,happen
yAhl,daraDA,tmhrt,bEto,quTr,Hahunu,waqt,darasa,tamAri,quTr,mahonu,HastAwqawAl,kllu,tmhrt,SfAn,happen
daraDA,tmhrt,bEto,bihonu,takatAtAy,takAhEda,Trat,darasa,tamAri,quTr,liho,macAlu,galTawAl,yAhl,masanAdo,reach
liho,macAlu,galTawAl,yAhl,masanAdo,tamAri,quTr,darasa,tEkniknA,muyA,tamAri,quTr,mAdagu,HabAdulA,riportA,happen
HastAwqawAl,bAlafa,`Ama,kllu,daraDA,tamAri,quTr,darasa,sEt,tamAri,quTr,madrasu,galTawAl,daraDA,tamAri,happen
tamAri,quTr,mablaTu,Hamalkta,sEt,tamAri,quTr,darasa,HastAwqawAl,kllu,taquAquAmu,HamArAC,masaratAwi,tmhar,masCA,happen
mazagADatu,tanAgaru,profEsaru,Hahunu,waqt,tamAri,quTr,darasa,mamTAtu,galTawAl,yunivarsti,zandro,qabalA,tamAri,maDamariyAnA,happen
zonu,qolAmA,waradA,daraDA,tmhar,bEto,masarAtnA,darasa,Hagalglo,saTu,mAdaragu,tagalTuAl,bAlafa,Hama,mato,happen
mAdAras,takAhEda,HqEnqsqAsE,daraDA,tmhrt,SfAn,mato,darasa,mahonu,zonu,tmhrt,x.hfa,bEt,galaTa,x.hfa,reach
tanAgaru,halAfi,zonu,tmhrt,SfAn,mato,mato,darasa,hbratasabu,tmhrt,proDaktocu,gnbAtA,naTb,miliyo,gul,happen
flAgo,mAdagu,sawu,maramaru,mrmarA,mA`kalAtu,bzA,darasa,mahonu,makalAkalnA,maqoTATar,srA,mAgazu,tanAgrawAl,kllu,reach
bEta,bla,TayqawNAl,guzo,mAstAwaSA,sxf,botA,darasa,rAsE,yAyawu,qda,takatal,taka,tArik,tAnaxa,happen
yAlu,mArfadA,HalunA,HamArar,mangad,qaTal,marsA,darasa,nfAs,warad,marsA,gEt,lut,HandAndo,waldiyA,happen
guandar,darSE,mArAki,t`y,HasnabbE,HafE,molcE,darasa,darso,yhE,byE,manAgarE,dfra,shta,kilo,happen
yat,mAsAlaf,HqEndAlab,takarAkar,HqEl,HasCarA,wyy,darasa,ntrk,smmna,tadarasa,fil,yan,mAsAlaf,fil,happen
maqoyatu,lb,wsAnE,TAmu,tacagara,maCaraSA,wsAnE,darasa,tacAla,dmx,blCA,clotu,yn,smmna,tadarasa,happen
Hassarta,magAlab,guzowu,HasgarAmi,maho,Damara,polAnd,darasa,rado,sAmnt,yAhl,lEt,qan,ward,sanbtuAl,happen
liho,micl,sAwaTAnA,sAward,hasabu,Ha`mro,DmnAstik,darasa,Hawo,wadADE,mastaguAgual,taTayAqi,HagNcEla,wadADEnnA,fqra,happen
gT,fEs,buku,HasfruAl,bAlaqnE,lorE,xagA,darasa,gTmu,mAynagA,hl,sAl,mAyd,baStA,sAk,happen
qAl,Tabaqka,qAl,`dA,dAnHEl,HamlAk,faTno,darasa,yAlu,miTafA,bla,HqEndAwaDka,fqr,Hazima,tagbAr,reach
hnxA,qulqul,yAyAtAl,xara,musnA,hnxA,yAzku,darasa,sarA,bAhrnA,trAnzi,hnxA,lAhu,salaqatku,lAt,happen
sawu,Taqomu,masarat,quTr,Hawtobs,tasAfro,dabrazay,darasa,Hayar,hAyl,gbi,sdars,TbaqA,sawu,falag,happen
yunivarsiti,mahEd,malqaqiyA,dabdAbE,Hasgabta,qoyu,maCaraSA,darasa,tAyto,mil,din,tamarA,dabdAbE,Hayar,qara,happen
yAstanAgdAl,mawTAtnA,mawrad,midarag,Trat,waTo,CAf,darasa,tabAla,mimaTu,gamad,mangadaNo,manAd,kAh,gaTamA,happen
bAlatAksi,tasaNa,fil,banE,qrb,wadADocE,smmna,darasa,qonDo,fil,mahonu,lnAmasagnA,gd,ylanAl,tabalASa,happen
mangHstu,waTto,ymaTAl,maDamariyA,yAgaNawAl,tagosaquAquluAl,HqEhs,darasa,ylawAl,nguHsu,lDu,HabAtE,saTaKa,ganzab,taznAnA,happen
bEto,HakarAy,takarAy,mamaryA,msAlEna,TaqAqsawAl,`Ala,darasa,HanxAr,HityoPyA,gaZi,pArti,tax`no,naxA,.hga,happen
maqo,qoma,yAla,HqEndnhEd,yAdargAl,mato,mato,darasa,whA,SfAn,HsrA,kAlAkalnbatnA,sdst,warA,bntAgasa,happen
war,qan,qara,zandro,Holimpik,zgD,HqEmn,darasa,HqEskA,HawrA,HityoPyA,Holimpik,komitE,takatAtAy,tnf,happen
wzgb,fEdErESnu,fifAnA,kAf,.hggA,bAlamakatalu,matAgad,darasa,hunEtA,lAla,daraDA,HadrsotAl,saw,zarAwnyACdAlnA,dANocA,happen
kAf,TansASuA,HityoPyA,HqEgr,kuAs,HadrASA,yat,darasa,tadagAgAmi,HafrikA,wAnCA,fxAmE,CawAtA,maru,HityoPyAwi,happen
gAzETo,rAdiyo,tElEviZ,TAbiyA,manaxr,HaytA,dmdAmE,darasa,nagaru,sAyA,mknyAtAwi,hono,manAgar,lmAd,yAlA,happen
tafarama,HaHad,hl,noro,HafrikA,hbra,maTaryAna,darasa,nawnA,nguHsa,nagaHstu,wlatA,.hawl,mAqo,lAlamazakar,happen
mtAradA,tangalAtA,HsrA,slk,yAkanAwna,maraDA,wAwaTa,darasa,ksra,taTayAqi,Hamst,brnA,br,kArdo,mAHsarACatA,happen
damawaz,maTa,zArE,sa`A,rAnd,br,gadamA,darasa,yTaqumAlu,hono,kfyA,yAltadarADu,dabub,HafrikA,skuAr,happen
rarA,HqEgalglo,HqElatu,mAdrag,HityoPyAnA,luftAnzA,smmna,darasa,HityoPyA,Hayar,mangad,hzb,gnNuna,hAlAfi,lHul,happen
dam,HaT,maswA`tna,flo,zArE,mnga,daraDA,darasa,waTAtu,twald,tglu,HaTanAkro,maqaTal,HqEndAla,kllo,happen
raf,SunnA,HadkAmi,guzo,HaTanAqA,tAlamalA,HsfrA,darasa,qanu,zaTa,sa`A,takul,rahAbnA,whA,Tmu,happen
mahAl,Handi,guAda,fxu,Hayna,fqr,dabdAbE,darasa,samtAchuNAl,Habo,snasrHa,ynurA,hulatA,lDo,Hayna,happen
HqEndAlu,samA,smu,kaNA,yAw,HqEngdi,guAda,darasa,dabdAbE,tagazA,mahonu,yhE,tArikA,maDamariyA,maCaraSA,happen
rAsE,dabdAbE,wasadkunA,HadrgE,saw,darsuAl,lanE,darasa,kopi,byE,malaskula,ziyAs,Hatlu,ziyAmA,malsu,happen
maraDA,yTaqumAlu,DuliyA,robarts,maCaraSA,twanA,zamanuA,darasa,hAyAsiyA,maglaxA,Taqasa,forbs,maxhE,tawAnAytuA,bAlafu,happen
qrCA,HsgA,ykafAfalu,zaman,qrb,HqETA,taTlo,darasa,qrCA,HsgA,trinA,zanbil,HaSakmo,bEtu,dars,happen
DamarunA,golA,bAla,dmx,qaTalu,samAya,samAyA,darasa,hab,nATaTa,Hagar,hoNE,HqEDE,mx,szaragA,happen
tamasAsAy,Hsosta,Trat,Hadaragu,maTA,xns,mawalaDA,darasa,mTu,maTA,fTna,dars,taTarA,HambulAnsu,dmxu,happen
tadasata,mdra,HastamAri,gbA,mAybAl,damawaz,CmAri,darasa,samAnA,Hakorafa,damawaz,liCamar,mabAlu,samto,HqEnDarA,happen
.hnxA,gnbo,war,ymaraqAl,tabluAl,`Ama,liTanAqaq,darasa,Hadis,.hnxA,tamocnA,gaTar,nora,.hzb,tbbr,happen
HanduA,gon,taqamTAla,fituA,stAzor,farA,warE,darasa,gabA,hulE,tanasA,HarHqEs,mAmalT,zadE,maTaqa,happen
wAgA,nratu,qanasa,maTto,Tr,war,mato,darasa,galxawAl,nacnA,maqanas,TyAqE,HqEnAnsA,mato,mAla,happen
yhEnnmA,mAya,Halab,Halku,salfa,taqalAqalku,tarA,darasa,yAla,malHak,miyATagb,fagagtA,gAbaza,ngd,yAwATA,happen
waqtAwi,hunEtA,tamalakata,zagabA,HqErgT,bAgbo,fxAmE,darasa,maCaraSA,sa`A,nagaro,bAgbo,DarbA,masTatA,warA,happen
HslTAnA,`Am,prEzidantA,mrCA,tawadAdaru,zur,mrCA,darasa,Hsosta,marAC,dmx,mAgNatA,naga,`la,midaraga,happen
sAnmalaka,Hasqadma,nagar,HqErgT,lnla,tal`ko,mAsfAfA,darasa,HqEqd,TnqAqE,mnmalakata,tagbArAwi,yhonAl,tabAla,`qd,happen
HslTAnA,`Am,prEzidantA,mrCA,tawadAdaru,zur,mrCA,darasa,Hsosta,marAC,dmx,mAgNatA,naga,`la,midaraga,happen
