Lcontext9,Lcontext8,Lcontext7,Lcontext6,Lcontex5,Lcontext4,Lcontext3,Lcontext2,Lcontext1,target word,Rcontext1,Rcontext2,Rcontext3,Rcontext4,Rcontext5,Rcontext6,Rcontext7,Rcontext8,Rcontext9,class
.hab,TbaqAnA,lmA,bAlamuyA,kulA,danu,saw,sarA,cgro,darasa,mahonu,galxa,bAlafa,Hama,hEktAr,maCafCafAnnA,qATalo,darasa,mahonu,happen
srHqE,mafaxamu,tanAgrawAl,HakAbAbi,.hzb,miTla,kra,znAb,sAbiyA,darasa,dngata,gorf,HadagA,bEtasabocunnA,HqEnsasAtu,maTabaq,tagabi,TnqAqE,mAdrag,happen
`Aynato,mrmr,tagbArA,nAwana,mahonu,HastAwaqa,TT,takl,gudA,darasa,tabAy,makalAkal,yAsclu,kEmikAlo,mrmr,malayatA,galxuAl,mA`kalu,matamA,happen
taklo,mahonAcawu,HasradtawAl,maDamariyA,daraDA,tmhrt,bEt,.hnxA,gudA,darasa,smnt,rEwocnA,fyalo,gorf,mawasadA,hAlAfi,tanAgrawAl,HadagA,tagodu,reach
HawATta,bAnk,gabi,HadrgawAl,TEnA,muyAtaNo,waCi,maSafa,gudA,darasa,HakAbAbi,mAsamArA,mazagADatu,mAhbaru,HastAwquAl,kll,samE,zon,ngdnA,reach
Tlq,haza,maglaxnA,kll,mangHstnA,.hzb,HagArna,maglaT,gudA,darasa,wagano,malso,mAquAquA,midaraga,rbrb,b.hErAwi,kllAwi,mangHstnA,.hzb,reach
Hagalglo,galaTa,kllAwi,mangHstu,wanzu,mulA,HsAbiyA,sawnA,HqEnssA,darasa,gudA,mAzanu,HastAwquAl,kllAwi,mangstnA,.hzb,tagoDi,zalaqEtA,quAquAmu,happen
miqomu,maglaxA,HamalkatuAl,kllAwi,mangHs,qada,sil,Hagaritu,kllo,darasa,tamasAsAy,gudAto,Tabaq,dgAf,mAdragu,yAstAwaqa,maglaCA,tagoDi,zalaqEtA,happen
HinpEktar,zArE,HityoPyA,zEnA,Hagalglo,HqEndAstAwaqu,taSkarkAri,tagalbTo,Hadagaa,darasa,bulE,horA,tanasto,katamA,madras,Hamst,kilo,mEtr,qara,happen
hAlAfi,mktl,HinspEktar,zArE,HatyoPyA,zEnA,Hagalglo,galaxu,HadagA,darasa,tArgA,quTru,kod,nadAD,mAmalAlaSA,botE,makinA,natasAbi,qabalE,happen
nadAD,qadu,dnga,HqElAyA,mawdaqu,blawAl,HadagA,HakAl,gudA,darasa,sawu,dadar,hospitAl,.hkmnA,HqErdAtA,tadaragalA,mahonu,hAlAfi,galxa,reach
mansaHE,mATArA,mahonu,tanAgrawAl,TAbiyA,gnbAtA,TanAqaq,mangA,sabl,darasa,gudA,makalAkal,miradAnA,qada,gorabE,Hagar,manasA,yAdarsa,fta,happen
galxuAl,bAlE,zon,gobA,waradA,qabalE,gorf,HadagA,gudA,darasa,gabarE,HqEhl,zaytnA,bAsA,makafAfalA,waradA,HqErdAtA,HastabAbAri,komitE,reach
sost,sa`A,TAla,znAb,bAskatala,marE,nAdA,HadagA,gudA,darasa,sawu,TEnA,TAbiyA,.hkmnA,HqErdAtA,tadaragalA,mahonu,HastAwqawAl,qabalE,reach
migaNu,gaTar,qabalE,minoru,Harbto,HadarocnA,fil,Harbto,Hadaro,darasa,gudA,Hasmalkto,yAgaNa,maraDA,qrbu,yfA,miyAdarg,HastAwqawAl,hagarA,happen
Hasmalkto,yAgaNa,maraDA,qrbu,yfA,miyAdarg,HastAwqawAl,hagarA,HakAbAbi,darasa,gorf,HadagA,tagodu,wagano,marDA,sarAtaNocnA,.hbratasab,kflo,war,reach
taDamara,Trat,taTanAkro,liqaTl,ygabAl,blawAl,katamA,gorf,gudA,darasa,wagano,marDA,HqEskA,naTb,miliyo,brnA,qusAqus,HqErdAtA,magaNatu,reach
HityoPyA,zEnA,Hagalglo,galaxu,`Ama,`dmE,yAlA,HqEraNo,HadagA,darasa,znAb,maTalal,quATNu,Hsr,waqt,quATNu,tafanqlo,manAdu,?,happen
HityoPyA,tabAla,mangstAwi,yAlhona,drD,katamA,gorf,sAbiyA,gudA,darasa,tamAri,wlu,tmhrt,masAriyA,`rdAtA,masTatu,gizEyAwi,HastadAdaru,kAwnslu,reach
gaNu,nawAri,`drocnA,xara,HEds,kbab,HabAlA,Hagaritu,kflo,darasa,gorf,HadagA,bEt,nbratA,tafanAqalu,wagano,marDA,wl,`rdAtA,happen
`Ama,kll,samE,zon,waradA,.hxAnA,motnA,HakAl,gudA,darasa,mahonu,waradA,mAstAwqiyA,x.hfa,bEt,galaxa,wadqo,yAgaNu,bomb,reach
wadiyAwnu,mot,zaTa,`Amatu,`Aynu,mATAtunnA,HakAlu,maqusal,HadagA,darasa,mahonu,x.hfa,bEtu,prEsnA,HinformE,tawakAy,zArE,HityoPyA,zEnA,happen
makinA,HadagA,sawu,mimotunA,miliyo,nbra,miwad,galTawAl,kllu,darasa,makinA,HadagA,Hamatu,naTb,mato,mamTAtu,HasradtawAl,talay,Hasr,happen
HinformE,dEsk,hAlAfi,HityoPyA,zEnA,Hagalglo,HqEndAstAwaqu,gorf,bl,darasa,mangad,Tagno,Hagalglotu,mAsqaTal,kllu,gaTar,mangado,bAlaslTA,TganA,happen
walE,safarA,TAbayA,bEtasab,HabAl,honu,sost,sawu,gudAtu,darasa,ngAtu,sa`A,Dbu,safarA,TAbiyA,miga,manoriyA,bEt,dnga,happen
gZi,tafaxama,qrbu,ykafAfalAl,HityoPyA,drEda,katamA,bAlafa,kra,darasa,gorf,HadagA,nbratA,glasab,lT,kAsA,kfyA,faxama,waradA,happen
walE,safarA,TAbayA,bEtasab,HabAl,honu,sost,sawu,gudAtu,darasa,ngAtu,sa`A,Dbu,safarA,TAbiyA,miga,manoriyA,bEt,dnga,happen
gaNu,maradADA,HqEdrocnA,glasabo,qrbu,HakAbAbi,guarf,HadagA,gudA,darasa,wagano,marDA,wl,mAwATA,bAnk,gabi,Hadaragu,wanz,HaqTACA,reach
Harbto,Hadaro,yAkAhidu,masno,HqErSA,wanz,mulA,miyAskatla,maTlaqlaq,darasa,gudA,maqanas,kll,HadagA,makalAkalnA,zgDuna,biro,qdmiyA,mAsTanqaqiyA,happen
Hagalglo,galaxu,tamA,wha,maTlaqlaquAnA,mangado,mazagAtA,HqEnssAtnA,nbra,darasa,gudA,mAwaq,tacAla,tamAnA,HakAbAbi,mS,yAlamAquAraT,sa`A,TAla,happen
Hagalglo,galaxu,tamA,wha,maTlaqlaquAnA,mangado,mazagAtA,HqEnssAtnA,nbra,darasa,gudA,mAwaq,tacAla,tamAnA,HakAbAbi,mS,yAlamAquAraT,sa`A,TAla,happen
HasAfro,yguAz,Cna,makinA,tagalbTo,gadal,wusT,magbAtu,darasawu,darasa,sawu,sawu,gudA,madrasu,zonu,polis,mamriyA,HastAwaqa,mamriyA,happen
Hagalgalo,galaxu,tArgA,quTru,kod,HaHa,Cna,makinA,HadagAwu,darasa,lElitu,zaTa,sa`A,mHsrAq,zon,waradA,tabAla,sfrA,bAltAwaqa,happen
fAnA,hospitAl,hkmnA,tadaragalA,migaNu,HasradtawAl,tamasAsAy,kll,stiyA,darasa,makinA,HadagA,sawu,sawu,HakAl,gudA,madrasu,kllu,polis,reach
kfl,hAlAfi,HinspEktar,zArE,HityoPyA,zEnA,Hagalglo,galalaxu,gudA,darasa,HasAfro,katamA,lArE,yguAz,nabarawnA,salEdA,quTru,kod,mistibuSi,happen
mansHE,bAltAwaqa,hunEtA,lElitu,sdst,takul,tEwodros,gabayA,HadArA,darasa,qATalo,suqocu,namulu,nbratA,Tq,HadrguAl,mktl,Sumu,HqEndAstAwaqu,happen
qATalo,suqocu,namulu,nbratA,Tq,HadrguAl,mktl,Sumu,HqEndAstAwaqu,darasa,darasa,HadagA,bEtocnnA,gmtu,yAltAwaqa,nbra,HawdmuAl,Tla,znAb,happen
HadagA,bEtocnnA,gmtu,yAltAwaqa,nbra,HawdmuAl,Tla,znAb,gudA,darasa,gorf,maqalbaSA,boyo,srA,mAkAhEd,zgD,tadaraga,mahonu,HamalktawAl,reach
HayAlfA,tablo,miTarA,sfrA,fTna,maguAz,Cna,makino,magACatA,darasa,HasaqAqi,HadagA,sawu,wadiyAwanu,mamotAcawnnA,hospitAl,mawasad,HqEndAla,hywatu,happen
hzb,gnNuna,bAlamuyA,bEta,HityoPyA,zEnA,Hagalglo,galxawAl,HadagA,darasa,HqEhl,Cno,maguAz,turbo,makinA,mAmrA,Cna,makinA,magACatu,happen
turbo,makinA,mAmrA,Cna,makinA,magACatu,bAlamuyA,HasradtawAl,HadagA,darasa,gudA,darasabAcawnA,hzbu,rbrb,Cna,makinA,tagotta,waTu,sawu,happen
mktl,halAfi,doktar,HityoPyA,zEnA,Hagalglo,galaTu,godE,gudAtu,darasa,HakAbAbi,lAka,qolo,mASlA,saliTnA,boloqE,mrT,zar,biro,happen
mktl,halAfi,doktar,HityoPyA,zEnA,Hagalglo,galaTu,godE,gudAtu,darasa,HakAbAbi,lAka,qolo,mASlA,saliTnA,boloqE,mrT,zar,biro,happen
mrT,zar,biro,yAsarACa,mrT,zar,wanz,mulA,gudA,darasa,.hEktAr,lT,HqErSA,marE,malso,mAlmA,miyAscl,galTawAl,wanzu,reach
HqErSA,marE,malso,mAlmA,miyAscl,galTawAl,wanzu,mulA,gudA,darasa,wagano,mAquAquAmiyA,mangstAwinA,mangstAwi,yAlhonu,drDtocnA,.hbratasab,kflo,HqErdAtA,reach
radA,HinispEktar,HityoPyA,zEnA,Hagalglo,galaxu,tabAla,qabalE,HadagA,darasa,mS,sostu,lDo,bEt,zagtAbA,bunA,maTaTA,gorabE,hEda,happen
lDA,mabasACa,bEtu,mAqATal,sut,HqEsA,manoriyA,bEto,tazAmto,darasa,HadagA,Harso,Hadaro,yAlamaTalayA,maqratA,waradA,polis,HamalktuAl,tanasA,happen
taqarxo,tatakala,yKE,tArikAwi,.hawl,Cna,makinA,tagaCto,gudA,darasa,bAlafa,mAksaNo,mS,tamA,ma.hAl,qomo,nabarawnA,mEtr,HqErzma,reach
mEtr,HqErzma,.hawl,.hawl,msl,taqarxo,tanAgrawAl,.hawl,gudAtu,darasa,HaSkarkAri,quTTr,sr,wAla,hAlA,wAs,malaqaqu,srA,HaskiyADu,happen
malaqaqu,srA,HaskiyADu,galxa,wAl,kll,wanz,mulA,gudA,darasa,waradA,qabalE,nawAri,fEdarAl,HadagA,makalAkalnA,zgDuna,HEDEnsi,dgAf,reach
radAtu,Hayna,gudA,sAydarsbA,matrafA,HastAwqawAl,bAdnA,qalAl,gudA,darasa,HadvEntis,tawasda,hkmnA,HqErdAtA,tadaragalA,mahonu,Cna,HasAfro,maguAz,reach
qabalE,kramtu,znAb,mabzA,sAbiyA,wanz,molto,HaqTACA,masA,darasa,maTlaqlaq,tafanAqalu,bEtasabocA,maTalayA,TAbiyA,ygaNAlu,hAlAfi,galaxA,makinA,happen
hEktAr,mibalT,marE,mizarA,galTa,mAhbaru,qada,lm,gudAtu,darasa,waradA,nawAri,yAlA,bEt,qusAqus,mAkafAfalu,tanAgrawAl,waradA,sdst,happen
wadiyAwnu,yAlf,SofEru,Camro,honu,tasAfAri,bAdnA,qalAl,gudA,darasa,HasradtawAl,HadagA,tagodu,mHsrAq,hospitAl,talka,hkmnA,tadaragalA,mahonu,reach
galaxu,makinA,HadagA,darasa,qanu,tabAla,qabalE,HadagA,gudA,darasa,sawu,hospitAl,taNta,matAka,honu,galaxu,hAlAfi,qalAl,gudA,reach
sawu,hospitAl,taNta,matAka,honu,galaxu,hAlAfi,qalAl,gudA,darasa,sawu,maDamariyA,hkmnA,HqErdAtA,tadargualA,wadayabEtA,mamalasA,HasatAwqawAl,HadagA,reach
HadagA,yAdarasa,makinA,HaSkarkAri,tadagAgAmi,TfA,sas,mahonunnA,HadagA,darasa,HqEla,TawA,HasAfro,guAz,tamA,trAfik,polisa,tayzo,ks,happen
wadiyAwnu,yAlf,SofEru,Camro,honu,tasAfAri,bAdnA,qalAl,gudA,darasa,HasradtawAl,HadagA,tagodu,mHsrAq,hospitAl,talka,hkmnA,tadaragalA,mahonu,reach
mahonu,galxawAl,talay,TrA,TrEnA,sablo,mr,masabsab,waqt,darasa,bknatnA,TrA,maguAdal,mAsqara,Harso,Hadaru,dhra,mr,tEknoloDi,happen
Hagalglo,galaTu,kod,tArgA,quTr,lAnd,kruzar,makinA,HadagA,darasa,HasAfro,guAz,HakAbAbi,HqEgr,maguAz,sost,sEto,taSkarkAri,magaCatA,happen
HadagA,magalbaT,yAgATma,SafEru,CaNro,wsTu,sawu,Hayna,gudA,darasa,galTawAl,HadagA,hyawatA,yAlafa,sawu,HaskarE,hospitAl,malAku,HastAwqawAl,reach
TbaqAnA,HqEnkbkAbE,gnzAbE,Hanasta,mahonu,`Amatu,.hEktAr,tafaTro,wdma,darasa,zonu,gbrnAnA,gaTar,lmA,mamriyA,HastAwaqa,mamriyA,dannA,dur,happen
`AlamAya,`Alamu,HityoPyA,zEnA,Hagalglo,galaxu,hbratasabu,zonu,hab,darasa,fta,wdma,sAbiyA,`Amatu,znAb,mAylayA,HakabAbi,`Ama,yAgaNu,happen
mamTAtu,HanAbsto,mandaro,zalqa,mag,sawnA,bEt,HqEnsasA,gudA,darasa,mahonu,`AlamAhugalxawAl,hbratasabu,HakAbAbi,migaNa,hab,wdma,yAdarsa,TAwlA,reach
bAlhonu,drDtocnA,hbratasabu,`Amatu,Hamst,miliyo,zAf,cgNo,bitakalu,darasa,kAla,wdma,HanxAr,Hanasta,blawAl,zonu,hab,wdma,makalAkal,happen
galabaT,tanasA,HqEsA,SofEru,wadiyAwanu,motuAl,HqEkula,lEli,maqArabiyA,darasa,HadagA,sAbiyA,tanasA,HqEsA,mATfA,mokaru,malablab,gudA,darsobA,happen
drD,galbAC,taSkarkAri,magalbaTu,sosa,sawu,qalAl,HakAl,gudA,darasa,taSkarkAri,HadagA,darasu,mansHE,maTArA,miga,radA,HinspEktar,galxawAl,reach
zon,samE,waradA,kAbinE,HabAlAtnA,mangHs,HsarAtaNo,gorf,gudA,darasa,wagano,marDA,damawazA,Hamst,mato,mato,HqErdAtA,masTa,mawasanA,reach
fta,waCi,tasarA,HasfAl,mangad,marE,masanaTaq,sAbiyA,gudA,darasa,mahonu,HaSkarkAriwocnA,mangadu,taTaqAmi,Hamalakatu,HaSkarkAriwocunA,tagalgAyocu,HityoPyA,zEnA,reach
bl,tadArguAl,mangadu,talay,tabAla,HakAbAbi,bAlafa,kra,botA,darasa,masanTaq,mEtr,lAyna,Tlqa,yAlawu,gudguAd,mafTaru,taSkarkAri,magalbaT,happen
bAldarabA,lElocu,HastayAya,saCi,galxawAl,TEnA,bAla,mangad,masanaTATaq,darasa,mangad,TganA,kAlAgaNa,Hagalglo,liho,yclAl,sgA,HqEndAlA,tagalgAyo,happen
mulA,makababA,kllu,HadagA,makalAkalnA,zgDuna,biro,HastAwaqa,stayA,darasa,whA,mulA,takababu,mAwTA,yAgalagl,DalbA,sfrA,talkuAl,biro,happen
wasT,yAgaNu,bomb,qaTaqTu,bEtasab,HabAlA,motnA,HakAl,gudA,darasa,mahonu,mAstAwaqiyA,x.hfa,bEtnA,polis,galaTa,waradA,mAstAwaqiyA,x.hfa,reach
sawu,nbra,tabAla,wanz,molto,Hilo,qabalE,gabarE,mAhbar,darasa,gudA,yKa,wanz,doro,gocnA,fyalo,mawsadu,Taqomu,halAfi,happen
mAwdamu,tanAgrawAl,halAfi,maglaCA,HadagA,maTa,migabA,marmro,gudA,darasa,gabarE,HqErdAtA,mAsgaNa,cAl,waradA,mgb,wAstnAnA,HadagA,makalAkal,reach
sndE,TEf,gabsnA,sabl,Haynato,Tq,waradA,Hamst,qabalE,darasa,gorf,Tq,gabarE,nbra,sabl,HasradatawAl,gorfu,darasa,gudAtu,happen
HaquArTo,yAlfa,yK,wanz,nawAri,bEt,HqEnsasAtnA,manoriyA,bEto,darasa,gudA,mAsqara,kAhEda,gorf,makalAkal,gdb,HsrA,Hahunu,waqt,happen
mAnnatA,yAbaqA,HqEnkbkAbEnA,fqr,komakomu,Hadagu,wandmAmAcocu,hAzannA,dngATE,darasa,HasAdAgiwocA,kfl,tamAri,sAlu,mot,talayu,waqt,HaznawnA,dangTa,happen
HaTtuAl,hEmingwEy,waTA,Torna,gAzETa,hono,sarA,HqEgru,HadagA,darasa,stAstAmma,fqr,wadaqalA,sEt,HaTtuAl,mATA,waTAto,SaklA,SaklA,happen
dolAr,ykafAfalAl,bunA,HasalTA,wbatu,budnu,lig,CawAtA,mugar,darasa,Snfa,takatlo,dagAfi,taqAwmo,tayAyAza,malqaq,wasno,sAmnt,wsAnE,happen
Hayta,maTA,samcAla,tkkl,samE,tarAro,HakAbAbi,hEDE,HadagA,darasa,sfrA,HaycEHala,HandAnd,fnCo,HagNcE,tamalSAla,sbrbAri,?,?,happen
wanDal,mafaxa,mukarA,bidarag,makSafu,mAhbaru,`Ayna,ganzab,bkna,darasa,Taqsa,tadaraga,mATArA,hida,qdmiyA,likafal,br,mAtrafA,`rdAtA,happen
HafrikA,HaquA,wasA,galaxAla,warA,HafAr,kll,gub,turisto,darasa,HadagA,HErtrA,dagafu,haylo,taTayAqi,yAla,HityoPyA,mangs,gudAtu,happen
mtgaNa,gulu,katamA,miga,tafanAqAyo,kAmp,mtnor,Handi,sEt,darasa,gf,saw,lifaxma,mAycl,HaramanEyAwi,stl,galxAwAla,koni,HazAZocu,happen
qaTala,gudAyu,mangadaNo,tafaxama,TqA,sawu,hywat,maTfAtunnA,gudA,darasa,TqAtu,Sfto,tafaxama,tabluAl,TqAtu,faxama,HakAl,frd,mAqrab,reach
bitAsab,`AmatA,gudA,sAydars,qarto,noro,HsartA,tAga,ganzabnA,darasa,gudA,HqEndtAwaTA,mtgadadA,HadAdis,waCi,Camro,HaTaqAlAy,br,HsAnti,happen
mSa,polisocnA,kontrobAnd,nagAdE,tAkosu,Hadaru,tadaraga,takus,lwwT,darasa,gudA,maTa,mAwaq,bAycAl,hxA,maqusalu,kllu,polis,HastAwquAl,happen
HqElAchuAla,Cnqa,Cnqa,sho,HalAsAz,HqEskazArE,mAwqa,bAl,banE,darasa,Halwadadku,HalAlkuA,masalA,HafqAri,darasa,maDamariyA,fqr,dabdAbE,btAyu,happen
yAla,HalulA,harmani,zoro,HalAwaqa,HqEhtu,yAwaqA,lDnatA,HawAqina,darasa,mAnnatA,nagar,tarasAstuAl,tarArquAl,talayAytuAl,dro,habtAmna,yasu,dro,happen
tAsara,HaltaTarATara,Had.hari,HqEhtu,sAyAgAlT,guyA,dabquA,maqamaTu,qTAtu,darasa,HaltaTarATara,HadarA,lDE,HadarA,Hala,HamAnuHEl,hospitAlu,haki,masAy,happen
dbdabA,zArE,rafAdu,HakAbAbi,sost,bEto,mafrasA,salAmAwi,zEgo,darasa,gudA,Halamanoru,maraDA,mnCo,mAmalkatA,ministEru,galxuAl,HamErikA,Hayar,happen
mnCo,mAmalkatA,ministEru,galxuAl,HamErikA,Hayar,TqA,HalSabAb,HamarAr,darasa,gudA,HaSabArinatnnA,HakrArina,mawAgA,midaraga,tgl,dl,HanxAru,HalSabAb,happen
gaTar,lmA,ministr,marA,lHukA,budn,gorf,HadagA,gudA,darasa,DDgA,tamA,zArE,gobaNa,Hadisu,gasa,marA,lHukA,budnu,reach
r`samastadAdr,HabdulAhi,hasannA,bAlaslTanA,HaqabAbal,HadrgawlAcawAl,lHukA,budnu,gudA,darasa,hbratasab,kflo,yAnagAgara,kllu,HadagA,makalAkalnA,zgDuna,xhfa,bEt,reach
mAskEd,yAsclu,tubo,lAyfaTarulA,yclAl,masmar,mknyAto,tanasA,gudA,darasa,zar,fasA,tkkla,fTnatnA,maTa,wadasEtuA,bl,mAskEd,mAycl,reach
naxAna,tawAgi,HqEsrAHElo,SbrtaNo,bnl,drgitu,salAmAwi,zEgo,gudA,darasa,Sbr,ybAlAl,fanDi,Tor,maHsAriyAnA,masAsalu,maHsAriyA,watAdarAwi,taquAmAtnA,reach
mangad,mangHs,tNA,skuAr,proDak,HakAbAbi,nawAri,`Ayna,CAnA,darasa,mAla,dfnu,mAstabAbal,bAlafa,qarbu,mAsraDA,lmA,mAydagfu,polatikA,happen
dbAb,Hagaritu,tafaTarawnA,yAsdanagaTa,`AbAy,rahA,rafAdu,sa`A,gadamA,darasa,zagnANnA,qAlA,ligalax,mAycla,makinA,HadagA,Hadis,HababA,go.h,happen
samAnyA,mEtr,Tlqa,magalbaTu,HarbA,tasAfAri,.hywa,qaTfuAl,muAcocu,darasa,qATalo,nadawAl,wAl,`AbAy,dldy,HakAbAbi,hbratasabunA,poliso,rbrb,happen
mAlEli,lEninAwi,lig,tgrAy,taquAqumo,`A,HakAbAbi,mHsrAq,HawroPA,darasa,wT,fars,madaragu,galxawAl,nagaru,`A,mAlEli,Halnabara,Hi.hdE,happen
maglaCA,ganata,l`ul,bEta,mangHs,dho,ganzabsTotA,mAdrag,tagaNa,darasa,bonb,TqA,fASistunnA,Cfrocu,fta,qusla,dAragA,TqA,yAdarasu,happen
sfA,HqEnAsb,yAlaqa,Hagar,wadAd,HityoPyAwi,DagnA,wd,.hywatnA,darasa,HakAl,gudlatnA,nbra,TfA,tAlAq,saqoqAnA,.haza,magama,yAdAg,happen
HityoPyA,HabyotAwi,HsarAwituA,tadaragu,HayAlE,TornatocnA,yAlaqa,wagan,TornA,darasa,TaqlAlA,Hagar,hAb,TfAtnA,ksra,`la,`la,takamAcu,mAstAwaSA,happen
bAltawasu,HayAlE,Tornato,.hywa,HqElqi,HakAl,magudalnA,nbra,TfA,darasa,TaqlAlA,kiHsArA,mAsabnA,magama,zaga,tztA,hono,HasAzA,`wnato,happen
samAru,HasAzANnA,HasaqAqi,.hywa,tArik,HityoPyA,.hzb,maglax,HErtrA,darasa,SnfatnA,watAdarAwi,`lqi,wAnA,taTayAqi,dargmangHs,fta,vilnA,litari,happen
darAsi,hEdu,rusyA,HsarA,gAz,makinA,fanD,tamatto,HadagA,darasa,watAdarocA,taruAruTa,HalaqA,wadaqu,Hansta,HabuArA,HarAgfa,darasabA,gudA,happen
HqEdl,hono,lD,mAswalad,bicl,HqEnku,tawaladawa,wand,lD,darasa,TEnA,cgr,lDu,litalAlaf,yclAl,hormo,mazA,wando,hormo,happen
qalAqlo,TAla,znAb,hEktAr,mAsA,sabl,mAwdamunnA,mAsA,tolo,darasa,zar,maSafa,Trat,tadaraga,mahonu,waradA,gbrnAnA,gaTar,lmA,reach
`AmatA,mA`kalu,Harso,Hadaro,mAsAnA,gl,HqErSA,tamokro,HaCr,darasa,mrtAmAnA,tabAy,qalAlu,mAyTaqA,mahonu,taragAgaTa,HasradtawAl,talay,zonu,happen
sAbiyA,tabalASa,buqAyA,tagalbTo,taSafana,HqEnada,SnbrAnA,Hayna,faTno,darasa,sabl,zryA,qolo,zryA,bAlafu,xhfa,bEt,galaxa,x.hfa,reach
sAbiyA,tabalASa,buqAyA,tagalbTo,taSafana,HqEnada,SnbrAnA,Hayna,faTno,darasa,sabl,zryA,qolo,zryA,bAlafu,sost,`AmatA,mA`kalu,Harso,reach
masTa,taSAla,gabi,yAgaNu,HascluAl,Harso,Hadarocu,mAHqEklu,zaTanA,darasa,waCi,gazto,saTA,goc,bAgaNu,HqEndAstAwaqa,tEknoloDi,mrmr,wTEtu,happen
nuroHa,mASASAl,mahonA,HastAwquAl,Tq,mAsA,hEktAr,tagalbTo,tolo,darasa,bAla,sabl,matakA,zar,mazrA,srA,maDamaru,galxawAl,HadagA,reach
magalgayA,qusAqus,dgAf,tadargoluAcawAl,Harso,Hadarocu,wadamabA,sabl,tolo,darasa,bAla,SmbrA,masAsAlu,HqEhl,zar,Safnu,Trat,tadaraga,mahonu,reach
wadi,taSaTa,doro,wAgA,matAyatu,tanAgrawAl,ySaT,bag,maSaTu,darasa,matAyatunnA,yAwaTA,sangA,maSaTu,matAyatu,HasradtawAl,msrAq,walagA,zon,happen
taTaqumuAl,waradA,HqEskaHa,takanAwana,Trat,hEktAr,marE,tArso,faTno,darasa,bAla,sabl,maSafanu,HasradtawAl,?,?,?,?,?,reach
mibalT,mAsA,sabl,mahonu,Taqomu,.hzb,gnNuna,makonnu,faTno,darasa,bAla,Hazr`,matakA,makafAfal,gaNa,zar,kuntAl,TagA,HamalktawAl,reach
tAwaqa,tanAgarawAl,wha,maTlaqlaq,sAbiyA,HqEskA,HakAbAbi,sawu,quTr,darasa,blawAl,yhunnA,zonu,gorogutu,qarsAnA,waradA,migaNu,gabarE,HaCr,happen
blawAl,yhunnA,zonu,gorogutu,qarsAnA,waradA,migaNu,gabarE,HaCr,darasa,bAla,kuntAl,SmbrAnA,qolo,Hazr`,makafAfalA,tanAgaru,rAD,gabarE,happen
Haramu,tafaTro,tasfAfA,mahonu,saw,hayl,mAswagad,mAycAl,daraDA,darasa,nawu,sgA,mAsAdaru,HastAwqawAl,xhfa,bEtu,bAlamuyA,baSE,HityoPyA,happen
qolo,sabl,Tq,mAdrgu,galaxu,bAlamuyA,TafA,sabl,tolo,darasa,bAla,sabl,matakA,cAl,SmbrA,zar,mAqrab,zgD,tadaraga,reach
mAsAyA,mask,gub,srA,HaskiyADu,salomo,ngAtu,galaTu,zryA,darasa,yAlawu,drqnA,StA,taquAqumo,zryA,znAb,HaTar,honunA,qolAmA,happen
HastAwqawAl,Harso,Hadar,burqA,galcu,saTu,HastayAya,.hEktAr,zarta,darasa,zryA,buqAyA,qada,sil,mrmr,taquAmA,wasda,taTaqamu,qolo,happen
maragAgaTu,HamaktawAl,mrT,zarocu,nabAr,sndE,zriyA,sost,HqETf,darasa,yAlawu,mr,maTa,masTa,miclu,hAlAfi,galxa,gabarE,mAsA,happen
waradA,sost,.hEktAr,mibalT,HqErSA,marE,takasata,CAkA,HanbaTA,darasa,mASlA,gudA,darasa,hunEtA,bAlamuyA,budn,sfrA,tagaNto,TanA,happen
mAmalAlaSA,bEtu,hAlAfi,mahadi,HityoPyA,zEnA,Hagalglo,galaxu,HadagA,darasa,zArE,TawA,sa`A,takul,HasAfro,yguAz,salEdA,quTru,kod,happen
marE,sabl,HaTNi,budn,maragAgaTu,HamalktawAl,mahonu,HarsoHadarocu,faTno,darasa,yAlawu,sabl,Hayna,mazrA,clu,kuntAl,zar,dgAf,miyAsfalg,reach
watAdarAwi,kflo,HagaNa,zEnA,Taqso,zagaba,HamErikA,HityoPyAnA,kEnyA,darasa,watAdarAwi,smmna,maHsara,qAHidA,HaSabAri,marab,mabaTATas,midaraga,Haqaf,happen
zEnA,Hagalglo,HqEndAstAwaqu,gabarE,tasaTA,kuntAl,SmbrA,guAyAnA,faTno,darasa,bAla,sabl,zar,zaru,naTb,miliya,gazA,warld,viZ,reach
honu,HabraKa,zArE,HityoPyA,zEnA,Hagalglo,galaxu,bAlafa,HsAm,darasa,kilo,rbarE,Hahunu,waqt,zq,bluAl,HandAnd,rbarE,nagAdE,happen
sAmnt,katamA,sAmnt,wAla,gabayA,mgb,sabl,rbarEnA,HqEhlo,darasa,wAgA,CmAri,matAyatu,nagAdEwocnA,SamAco,Hamalakatu,tamA,qdAmE,gabayAnA,happen
sAmnt,wAla,gabayA,bAlafa,sAmnt,kuntAlu,nug,wAgA,sAmnt,darasa,blawAl,suf,goma,zar,kuntAl,maSaTu,kAlafa,sAmnt,wAgA,happen
SaT,wluAl,ruz,zq,sil,zaman,malawaCA,`Al,Camro,darasa,galTawAl,HqEhlnA,TrATrE,sAmnt,wadi,`Ayna,CmAri,sAyAsAy,tamasAsAy,happen
birowu,tafAsas,bAlaslTA,tanagAgara,mahonu,galTawAl,HadagAwu,qabalE,hEktAr,darasa,qolonA,TT,mr,maTfAtu,qand,btocnA,quTrAcawu,wul,yAltAwaqa,happen
zEnA,Hagalglo,HqEndAstAwaqu,taSkarkAri,tagalabaTa,Hadaga,dars,makinAwu,katamA,darasa,bulE,horA,tanasto,Hamst,kilo,mEtr,qara,smu,quTr,happen
TalA,qamaru,qan,qanA,sAmnt,sAmntA,war,waladu,`Ama,darasa,`Ama,HarogE,tabAla,`AmatA,takA,zaman,korcA,yAsqamaTawAl,saw,happen
Hamst,kuntAl,yga,mr,dAgusA,kuntAl,Hocoloni,kuntAl,mAdras,darasa,tanAgrawAl,Hakuri,Hatar,qada,sil,hEktAr,smnt,kuntAl,yga,happen
fta,waCi,zamanAwi,proDakto,takanAwnA,sabl,lmA,Camro,tolo,darasa,yAlawu,HatkaltnA,frAfrE,mAlmA,taTaqAmi,honu,mamTAtA,Hofisaru,TaqumawAl,reach
srA,HaskiyADu,salomo,ngAtu,galaTu,zryA,drqnA,StA,taquAqumo,darasa,zryA,znAb,HaTar,honunA,qolAmA,HakAbAbi,Hayar,xabAy,tasmAmi,happen
.hEktAr,marE,qolo,mASlA,boloqE,sndEnA,`AlamAyA,yunivarsiti,HaCr,darasa,fta,mr,HsaTu,sabl,zryA,mAbAzA,mahonu,HastAwaqa,yunivarsiti,reach
HastAwqawAl,Harso,Hadar,burqA,galcu,saTu,HastayAya,.hEktAr,zarta,darasa,zryA,buqAyA,qada,sil,mrmr,taquAmA,wasda,taTaqamu,qolo,happen
gnbAr,qada,minA,taCAwata,qolo,zryA,Harso,Hadaru,HagbAbu,darasa,Tru,hunEtA,mimacA,galTawAl,Harsi,nagalE,waradA,mktl,HastadAdAri,happen
salamo,HasafA,xut,mrmr,taquAmA,waTu,zryA,Harso,Hadaru,darasa,bAladrSA,HakAlA,yAdargu,Trat,taTanAkro,maqaTal,talay,fAsiliti,for,happen
tabAla,mangstAwi,yAlhona,drD,Hakuri,Hatar,mrT,zar,HarsoHadaru,darasa,lmAtu,sfAfAnA,zar,HqETra,qAlal,daraga,Trat,HabaratA,mahonu,happen
takAhEda,TnA,mrtAnatA,taragAgaTa,mahonA,HastabAbAri,TaqumawAl,zryA,mr,darasa,sabu,waradA,mrT,zar,miyAsfalgA,gabarE,mikafAfal,muluqa,galTa,happen
waradA,mrT,zar,miyAsfalgA,gabarE,mikafAfal,muluqa,galTa,HaCr,darasa,HatkltnA,frAfrE,zar,mAlmA,mAsarACa,Trat,tadaraga,mahonu,tanAgrawAl,happen
bEtu,dagA,habur,HakAbAbi,gaNu,yAhl,nawAri,bAyl,Hagalglo,darasa,masAriyA,takalA,mAkanAwa,srA,HaskiyADu,kll,bAlafa,Hama,tadaraga,happen
masriyA,bEto,taqanADta,mrT,zryAwocnA,gbrnA,tEknoloDi,Harso,Hadaru,darasa,yAdargu,Trat,hAgaritu,mgb,wAstnA,HaCr,gzE,mAragAgaT,mtAdarga,happen
`Ama,tamo,mobAyl,slk,gaTar,qabalE,gamad,slk,Hagalglo,darasa,HqEnqsqAsE,maDamaru,HastAwaqa,xhfa,bEtu,HsrA,HaskiyAD,zmAmu,HityoPyA,happen
bunA,frE,baStA,taquAquma,fta,mr,saTu,bunA,zryA,darasa,HawTto,mAsarACatunnA,bAlafa,Hama,yAwaTA,dAmo,HakAbAbi,zryA,Harso,happen
HqETf,liyAdg,micl,tanAgrawAl,zryA,talay,StA,maquAquA,HaCr,darasa,gabayA,tafalAgi,mahonu,taSAla,gabi,miyAsgaNulA,Harso,Hadarocu,tanAgrawAl,happen
saT,slTanA,TanAqaq,galaxu,xagu,hagaro,zArE,darasawu,HqEdga,darasa,lidarsu,cAlu,gbrnA,zarf,tkura,masTatA,salTANo,slTanA,qasamu,happen
daraDA,tmhar,.hxAnA,mAdAras,tayAza,HqEqd,masarat,walADo,HqEdmE,darasa,.hxa,wadatmhr,bEt,lku,TayqawAl,wandocnA,sEt,tamAri,lyuna,happen
drSA,mahonu,nabil,HasganzabwAl,.hzbo,kll,zon,HqEdmEHa,tmhar,darasa,sEto,sEt,tamAri,quTr,Hahunu,waqt,mato,darasa,x.hfa,happen
tmhrt,zaman,yAhl,daraDA,tmhrt,bEto,quTr,Hahunu,waqt,darasa,tamAri,quTr,mahonu,HastAwqawAl,kllu,tmhrt,SfAn,mato,mato,happen
sost,`Ama,daraDA,tmhrt,bEto,bihonu,takatAtAy,takAhEda,Trat,darasa,tamAri,quTr,liho,macAlu,galTawAl,yAhl,masanAdo,tamAri,quTr,reach
tamAri,quTr,liho,macAlu,galTawAl,yAhl,masanAdo,tamAri,quTr,darasa,tEkniknA,muyA,tamAri,quTr,mAdagu,HabAdulA,riportA,HamalktawAl,?,happen
mAdrag,mahonu,HastAwqawAl,bAlafa,`Ama,kllu,daraDA,tamAri,quTr,darasa,sEt,tamAri,quTr,madrasu,galTawAl,daraDA,tamAri,quTr,mablaTu,happen
galTawAl,daraDA,tamAri,quTr,mablaTu,Hamalkta,sEt,tamAri,quTr,darasa,HastAwqawAl,kllu,taquAquAmu,HamArAC,masaratAwi,tmhar,masCA,TAbiyA,yAzna,happen
muyA,mAsalTa,mazagADatu,tanAgaru,profEsaru,Hahunu,waqt,tamAri,quTr,darasa,mamTAtu,galTawAl,yunivarsti,zandro,qabalA,tamAri,maDamariyAnA,digri,progrAmo,happen
HamatA,wadi,zonu,qolAmA,waradA,daraDA,tmhar,bEto,masarAtnA,darasa,Hagalglo,saTu,mAdaragu,tagalTuAl,bAlafa,Hama,mato,bAlE,zon,happen
tmhrt,zEgA,mAdAras,takAhEda,HqEnqsqAsE,daraDA,tmhrt,SfAn,mato,darasa,mahonu,zonu,tmhrt,x.hfa,bEt,galaTa,x.hfa,bEtu,tmhrt,reach
taTaqAmi,mihonu,tanAgaru,halAfi,zonu,tmhrt,SfAn,mato,mato,darasa,hbratasabu,tmhrt,proDaktocu,gnbAtA,naTb,miliyo,gul,qusAqusnA,ganzab,happen
mkr,Hagalglo,flAgo,mAdagu,sawu,maramaru,mrmarA,mA`kalAtu,bzA,darasa,mahonu,makalAkalnA,maqoTATar,srA,mAgazu,tanAgrawAl,kllu,HandAnd,HakAbAbi,reach
sAtAyu,qxru,bEta,bla,TayqawNAl,guzo,mAstAwaSA,sxf,botA,darasa,rAsE,yAyawu,qda,takatal,taka,tArik,tAnaxa,zaman,qda,happen
gabu,DarbA,yAlu,mArfadA,HalunA,HamArar,mangad,qaTal,marsA,darasa,nfAs,warad,marsA,gEt,lut,HandAndo,waldiyA,bEnzi,qom,happen
byE,HanbAbiwocE,guandar,darSE,mArAki,t`y,HasnabbE,HafE,molcE,darasa,darso,yhE,byE,manAgarE,dfra,shta,kilo,mEtro,yAhl,happen
guAda,hulatA,yat,mAsAlaf,HqEndAlab,takarAkar,HqEl,HasCarA,wyy,darasa,ntrk,smmna,tadarasa,fil,yan,mAsAlaf,fil,mAya,saHatu,happen
faTro,takafala,maqoyatu,lb,wsAnE,TAmu,tacagara,maCaraSA,wsAnE,darasa,tacAla,dmx,blCA,clotu,yn,smmna,tadarasa,HawrA,TAt,happen
masAy,saragalA,Hassarta,magAlab,guzowu,HasgarAmi,maho,Damara,polAnd,darasa,rado,sAmnt,yAhl,lEt,qan,ward,sanbtuAl,mangad,taSafno,happen
gudAyu,taTayAqi,liho,micl,sAwaTAnA,sAward,hasabu,Ha`mro,DmnAstik,darasa,Hawo,wadADE,mastaguAgual,taTayAqi,HagNcEla,wadADEnnA,fqra,dastA,qanA,happen
sAyTaqs,mAlafiyA,gT,fEs,buku,HasfruAl,bAlaqnE,lorE,xagA,darasa,gTmu,mAynagA,hl,sAl,mAyd,baStA,sAk,mAyAdg,cg,happen
nasto,TAru,qAl,Tabaqka,qAl,`dA,dAnHEl,HamlAk,faTno,darasa,yAlu,miTafA,bla,HqEndAwaDka,fqr,Hazima,tagbAr,kAlAsaba,mot,reach
HqElAy,HanZAbuAl,hnxA,qulqul,yAyAtAl,xara,musnA,hnxA,yAzku,darasa,sarA,bAhrnA,trAnzi,hnxA,lAhu,salaqatku,lAt,gzuf,hzbAwinA,happen
HakstE,mAgNa,sawu,Taqomu,masarat,quTr,Hawtobs,tasAfro,dabrazay,darasa,Hayar,hAyl,gbi,sdars,TbaqA,sawu,falag,saw,HanAwqa,happen
kotabE,kolED,yunivarsiti,mahEd,malqaqiyA,dabdAbE,Hasgabta,qoyu,maCaraSA,darasa,tAyto,mil,din,tamarA,dabdAbE,Hayar,qara,din,biro,happen
sdst,sawu,yAstanAgdAl,mawTAtnA,mawrad,midarag,Trat,waTo,CAf,darasa,tabAla,mimaTu,gamad,mangadaNo,manAd,kAh,gaTamA,yKa,gamadu,happen
mikiyAs,tawanu,bAlatAksi,tasaNa,fil,banE,qrb,wadADocE,smmna,darasa,qonDo,fil,mahonu,lnAmasagnA,gd,ylanAl,tabalASa,maTaga,dakama,happen
liyAy,bEta,mangHstu,waTto,ymaTAl,maDamariyA,yAgaNawAl,tagosaquAquluAl,HqEhs,darasa,ylawAl,nguHsu,lDu,HabAtE,saTaKa,ganzab,taznAnA,Carasku,bAdo,happen
HawADunnA,mangHs,bEto,HakarAy,takarAy,mamaryA,msAlEna,TaqAqsawAl,`Ala,darasa,HanxAr,HityoPyA,gaZi,pArti,tax`no,naxA,.hga,mangHs,makatal,happen
lmAtu,HsrA,maqo,qoma,yAla,HqEndnhEd,yAdargAl,mato,mato,darasa,whA,SfAn,HsrA,kAlAkalnbatnA,sdst,warA,bntAgasa,mato,hono,happen
yAlA,HityoPyA,war,qan,qara,zandro,Holimpik,zgD,HqEmn,darasa,HqEskA,HawrA,HityoPyA,Holimpik,komitE,takatAtAy,tnf,mAlatu,HaltasamA,happen
mAzanbalu,tafaTara,wzgb,fEdErESnu,fifAnA,kAf,.hggA,bAlamakatalu,matAgad,darasa,hunEtA,lAla,daraDA,HadrsotAl,saw,zarAwnyACdAlnA,dANocA,yat,darasu,happen
dANna,stAsalf,kAf,TansASuA,HityoPyA,HqEgr,kuAs,HadrASA,yat,darasa,tadagAgAmi,HafrikA,wAnCA,fxAmE,CawAtA,maru,HityoPyAwi,HqEndAlnabaru,zandro,happen
TnA,galxAla,gAzETo,rAdiyo,tElEviZ,TAbiyA,manaxr,HaytA,dmdAmE,darasa,nagaru,sAyA,mknyAtAwi,hono,manAgar,lmAd,yAlA,Haymasl,luAt,happen
Handna,cArtar,tafarama,HaHad,hl,noro,HafrikA,hbra,maTaryAna,darasa,nawnA,nguHsa,nagaHstu,wlatA,.hawl,mAqo,lAlamazakar,sababu,mnd,happen
dahnA,lac,mtAradA,tangalAtA,HsrA,slk,yAkanAwna,maraDA,wAwaTa,darasa,ksra,taTayAqi,Hamst,brnA,br,kArdo,mAHsarACatA,Cnqnqu,tafaTruAl,happen
gadamA,zqta,damawaz,maTa,zArE,sa`A,rAnd,br,gadamA,darasa,yTaqumAlu,hono,kfyA,yAltadarADu,dabub,HafrikA,skuAr,Hindustri,HsarAtaNo,happen
qanA,nabarawu,rarA,HqEgalglo,HqElatu,mAdrag,HityoPyAnA,luftAnzA,smmna,darasa,HityoPyA,Hayar,mangad,hzb,gnNuna,hAlAfi,lHul,takla,mad,happen
twld,fta,dam,HaT,maswA`tna,flo,zArE,mnga,daraDA,darasa,waTAtu,twald,tglu,HaTanAkro,maqaTal,HqEndAla,kllo,srA,hAlAfi,happen
minibAs,makinA,raf,SunnA,HadkAmi,guzo,HaTanAqA,tAlamalA,HsfrA,darasa,qanu,zaTa,sa`A,takul,rahAbnA,whA,Tmu,yAsaqA,gAzETa,happen
yAnEnA,zArE,mahAl,Handi,guAda,fxu,Hayna,fqr,dabdAbE,darasa,samtAchuNAl,Habo,snasrHa,ynurA,hulatA,lDo,Hayna,dabdAbE,kAs,happen
SaTu,lDo,HqEndAlu,samA,smu,kaNA,yAw,HqEngdi,guAda,darasa,dabdAbE,tagazA,mahonu,yhE,tArikA,maDamariyA,maCaraSA,HqEndAymaslA,?,happen
mahEd,suAnnA,rAsE,dabdAbE,wasadkunA,HadrgE,saw,darsuAl,lanE,darasa,kopi,byE,malaskula,ziyAs,Hatlu,ziyAmA,malsu,dabdAbE,maTAl,happen
gabayA,HqEndAdAkama,maraDA,yTaqumAlu,DuliyA,robarts,maCaraSA,twanA,zamanuA,darasa,hAyAsiyA,maglaxA,Taqasa,forbs,maxhE,tawAnAytuA,bAlafu,`AmatA,sarAcA,happen
barE,Harda,qrCA,HsgA,ykafAfalu,zaman,qrb,HqETA,taTlo,darasa,qrCA,HsgA,trinA,zanbil,HaSakmo,bEtu,dars,HabAwarA,mAya,happen
qas,bla,DamarunA,golA,bAla,dmx,qaTalu,samAya,samAyA,darasa,hab,nATaTa,Hagar,hoNE,HqEDE,mx,szaragA,mna,HalfarA,happen
dgAmi,mokaru,tamasAsAy,Hsosta,Trat,Hadaragu,maTA,xns,mawalaDA,darasa,mTu,maTA,fTna,dars,taTarA,HambulAnsu,dmxu,samA,nafsaTuruA,happen
HafSE,mabAlu,tadasata,mdra,HastamAri,gbA,mAybAl,damawaz,CmAri,darasa,samAnA,Hakorafa,damawaz,liCamar,mabAlu,samto,HqEnDarA,lD,nan,happen
Hadisu,bEtakrstiyA,.hnxA,gnbo,war,ymaraqAl,tabluAl,`Ama,liTanAqaq,darasa,Hadis,.hnxA,tamocnA,gaTar,nora,.hzb,tbbr,wTE,mAbqAtu,happen
tasAtAfi,sEto,HanduA,gon,taqamTAla,fituA,stAzor,farA,warE,darasa,gabA,hulE,tanasA,HarHqEs,mAmalT,zadE,maTaqa,mokarku,zadE,happen
maskara,wadi,wAgA,nratu,qanasa,maTto,Tr,war,mato,darasa,galxawAl,nacnA,maqanas,TyAqE,HqEnAnsA,mato,mAla,mAla,Tr,happen
zaTa,qan,yhEnnmA,mAya,Halab,Halku,salfa,taqalAqalku,tarA,darasa,yAla,malHak,miyATagb,fagagtA,gAbaza,ngd,yAwATA,qan,taqablo,happen
mako,kotdivuAr,waqtAwi,hunEtA,tamalakata,zagabA,HqErgT,bAgbo,fxAmE,darasa,maCaraSA,sa`A,nagaro,bAgbo,DarbA,masTatA,warA,gonA,yAhl,happen
mafanqla,mangHs,HslTAnA,`Am,prEzidantA,mrCA,tawadAdaru,zur,mrCA,darasa,Hsosta,marAC,dmx,mAgNatA,naga,`la,midaraga,gini,bisA,happen
zAm,zrzru,sAnmalaka,Hasqadma,nagar,HqErgT,lnla,tal`ko,mAsfAfA,darasa,HqEqd,TnqAqE,mnmalakata,tagbArAwi,yhonAl,tabAla,`qd,glx,bazA,happen
mafanqla,mangHs,HslTAnA,`Am,prEzidantA,mrCA,tawadAdaru,zur,mrCA,darasa,Hsosta,marAC,dmx,mAgNatA,naga,`la,midaraga,gini,bisA,happen
