Lcontext10,Lcontext9,Lcontext8,Lcontext7,Lcontext6,Lcontex5,Lcontext4,Lcontext3,Lcontext2,Lcontext1,target word,Rcontext1,Rcontext2,Rcontext3,Rcontext4,Rcontext5,Rcontext6,Rcontext7,Rcontext8,Rcontext9,Rcontext10,class
HadaraghunA,malas,HqENyA,HityoPyA,DagnA,yAzagADa,xhuf,yunivarsiti,mhurA,HakAbAbi,atena,mrmr,gN,mibAla,tagalxa,mAyAwqu,HadAdis,HqEwnato,yAza,mahonu,snaxhuf,?
kfl,lb,hoNE,mta,HamAr,naqA,byE,mta,tAlAq,wandmE,atena,byE,bunA,sTaTA,bla,maNA,yASofb,mknyAtu,TnA,byE,bunA,study
Haydala,bla,HqEwnatnA,ft,HityoPyAnA,HafriqA,gmand,froyd,sAyko,HanAlAysis,atena,mrmr,Tqur,hzb,lAyho,nafs,yAla,saw,saw,saw,DagnA,?
HqEsti,HqErso,yATanu,fiziks,zarf,yAw,tarA,saw,migabA,mangad,atena,muqa,hAyl,tawasana,kfl,frEyAmA,HsrA,maTaqa,makinA,HEnDi,nadAD,?
faTr,xaba,HawAki,bAhry,yAlA,sawu,yto,mAwaq,mtAdargu,kttlnA,atena,tArAmi,fta,CAnA,frhA,tArAmi,mAwAradnA,madabdab,darsu,tArAmi,HqEndAlu,?
wararA,zEgua,CfCafA,yAlaqu,samA`tA,`Ama,matAsabiyA,naga,wadiyA,HityoPyA,atena,mrmr,taquA,HqEndAstAqa,HqElatu,zakru,TnAtAwi,mrmr,HsrA,mhurA,qarbu,?
nqatA,holiwd,misaru,fil,dAyrEktaro,sEto,quTr,Hamst,mato,mahonu,atena,Taqu,holiwd,Tqur,fil,bAlamuyA,masrA,HqEdl,bAlaslTAnAtnA,fil,kubAnyA,?
taTaqAmi,mAdras,fta,HqEruCA,Hagalglo,sfA,yAlamadAras,hunEtA,mknyAtu,mndna,atena,tamokro,tagaNa,wTE,hkmnA,taquAmA,Hagalglotu,HalamasTatAcawHa`mro,hAsAb,naxA,mAwTA,?
naxA,mAwTA,falaku,zm,zm,bAl,Ha`mro,bAdo,yhonAl,sAynsAwi,atena,bAynor,zArE,SmAglE,mazabAraqu,yAw,sAraD,lzabArq,wadafitu,HqEko,mastawAtu,?
`Ayna,sil,tarata,nabAr,yzotA,liz,Hsr`A,qayaru,hunEtA,zrzr,atena,tadargua,`Ama,tagbArAwi,miho,magalaxu,`awADu,mawTAtu,tagabi,TnA,HalamakAhEdu,study
TnA,mAdrag,TnA,baqi,minibAsu,guzo,Damr,gugu,taTabAbaqku,sm,atena,guanu,tadaradaru,Hawtobso,maqnA,zamanAwi,HawtobsocmAskabar,Hsos,`Ama,mazagyatu,Taqasu,study
waqt,gdbu,staqar,HabzA,HsrA,taTanAquAl,yAlu,gdbu,HsrA,liguAta,atena,dizAy,waqt,yAlnabara,rsa,mdr,cgr,gdbu,maHsara,qofar,flwhA,?
wagu,lifata,gabA,lAqa,HsrA,manAgar,cAl,tanasu,hasAbo,brhAnu,atena,tagaNu,r`yota,`Ala,mAsAyA,honu,Cmq,flsfnA,taratocu,yAzuA,tawasanu,?
tamalkcAlahunA,zgDtu,mAsAkA,bAdaraga,tgA,mamasga,yunivarsiti,fta,halAfi,bAhl,atena,masfAfA,yAdaragu,trgu,yAla,wsAnEnA,tagbAr,ybal,yAsa,rka,yAlu,?
yAwaTA,ymaTAl,tablo,HayAlE,SihnA,mato,zamanA,Tabaq,nora,hxAn,atena,tamaHsarata,kAlhona,qar,maHsaratu,HiyaHsuHs,krstos,tawalada,tkkla,qan,yAwq,?
qrita,HakAl,Tru,hunEtA,mAsqamaTnA,`Ala,hab,mAdrag,mahonu,qrs,atena,TbaqA,bAlaslTA,,,dAyrEktar,yonAs,dastA,galaxu,DApA,lmA,?
Haq,maganzab,tacAla,bAng,pAkis,tAnnA,nAyDariyA,migaNu,bEtasabo,takA.hEda,atena,TnAtu,hida,taTayaqu,bEtasabo,sdst,mgb,mAgNa,lDu,tmhrt,bEt,?
wadaHakAbAbiyA,mAsgabAtnA,mrtocA,gabayA,mAwTA,miyAsclA,mangado,gnbAtA,dizAy,HanA,atena,HsrA,miwla,miliyo,br,miliyo,yAhlu,fEdarAl,mangHs,HamAkANna,liniyamu,?
risar,taquAmnA,Halam,bAnk,bAkAhEdu,TnA,maTaqomA,maTqas,zagAbi,xhufu,atena,Harso,Hadaru,gbrnA,mr,gabi,mato,maCamar,tacAla,kafA,dhna,study
rAyzugi,mistar,rAyzugi,polatikA,sAyns,tmhrt,takatAtalunA,HagarA,pArlAmAnA,mrmrnA,atena,kfl,dAyrEktar,taSuAmi,tripoli,taquAquAma,biro,mamrA,tabAbaru,mangHstA,drDtnA,?
tasfA,masTatA,Taquma,kompiwtar,tEknoloDi,tayAyAza,.hbratasabu,maraDA,mAgNa,micl,atena,tadaraga,mahonu,hAb,mAsAwaqnA,mzgabA,srA,Hagaritu,maDamariyA,mahonu,HqEskA,?
TEnAnA,sna,mgb,mrmr,Hinstityu,sarA,waTA,HasafA,wddr,yAqaraba,atena,HEc,Hay,vi,bgrna,malakiyA,HityoPyAwi,HababA,darba,dabub,kll,?
hano,ndr,dnq,polatikA,tantANna,qrbu,mangs,magalbaT,mil,bAstalAlafa,atena,tab,gax,xhuf,bAqaraba,wdAsE,ngusAwi,mangs,sr`A,HityoPyA,tAzabna,?
HityoPyA,salAmnA,lmA,Halam`Aqaf,Hinstityu,hagaritu,HqEdgatnA,trAnsformE,HqEqd,tagbArA,atena,mrmr,madagafnA,Haq,gnbAtA,HsrA,lyu,tkura,masTatu,TankArA,gonu,?
mazargA,Hadis,HababA,TEnA,biro,matabAbar,tazagADa,Hsos,qanA,`Awda,atena,stiyA,HadAmA,katamA,HEDansi,,,dAyrEktar,hAyla,HslAsE,`Awda,?
zgD,tadaraga,doktar,ygaramu,gubA`E,Halam,hagarA,maTu,tamarAmAri,TnAtocnnA,atena,wTEto,yAqarbu,mahonA,doktar,ygaramu,Hamst,qanA,kAhEda,yKa,gubA`E,?
CmAri,mamazgabu,walagA,zon,ngd,HindistrinA,trAnspor,x.hfa,bEt,gabayA,atena,bAlamuyA,wbitu,bada,kulA,tadaraga,TnA,mrto,wAgA,qnA,yAsAyAl,study
`AmatAwi,mAr,mr,zamanAwi,qafo,maTaqa,fta,mr,mAgNa,yAscl,atena,mukarA,srA,takAhEda,bAhlAwi,qafo,`Amatu,kuntAl,mAr,miga,waradA,?
waradA,Harbto,Hadar,gaTar,qabalE,lTu,bAhlAwi,nb,qafo,HqEndAlu,atena,bEtu,bAhlAwi,mangad,nb,srA,tasamAru,Hamst,Harbto,Hadaro,mAhbar,?
faysA,HEc,Hay,makalAkal,mATanAkar,micAl,hunEtA,tawayA,qanA,Hawda,atena,Damar,tanAgaru,naTb,mato,StA,srC,Hahunu,waqt,mato,zq,?
maDamaru,galTawAl,HagarA,maTu,tamarAmAri,tasAtafu,Halam,Haqaf,Hawuda,TnA,atena,mrmr,xhufo,qarabu,Hawuda,TnAtu,fta,lmd,magaNatu,prAzEdAntu,tanAgrawAl,study
hAlAfi,gEtna,tamasga,HityoPyA,zEnA,Hagalglo,galaTu,Hamatu,maDamariyAnA,zrzr,atena,kAhEda,wanzo,wanzo,maDamariyA,TnAtnA,qari,zrzr,TnA,darag,mahonu,study
maDamariyAnA,zrzr,TnA,kAhEda,wanzo,wanzo,maDamariyA,TnAtnA,qari,zrzr,atena,darag,mahonu,yAlu,wanzo,Tq,wlu,hEktAr,marE,mAlmA,lTu,study
Hagalglo,galaTu,Hamatu,maDamariyAnA,zrzr,TnA,kAhEda,wanzo,wanzo,maDamariyA,atena,qari,zrzr,TnA,darag,mahonu,yAlu,wanzo,Tq,wlu,hEktAr,study
lTu,gabarE,taTaqAmi,yAdargu,TAbiyA,HakAbAbi,yAlu,wanzo,yAkAtta,yK,atena,miqaTla,war,Hansto,baDa,Hamatu,maTanAqaqiyA,dras,mikanAwa,gEtna,Hama,?
war,Hansto,baDa,Hamatu,maTanAqaqiyA,dras,mikanAwa,gEtna,Hama,zrzr,atena,takAhido,dizAy,tazagADalA,masno,proDakto,gnbAtA,qrbu,maDamar,zgD,madaragu,study
sost,HamatA,takAhEda,mAdAbariyA,HaTaqAqa,mrmr,qolo,mr,HqEdga,mAdAbariyA,atena,mangad,maTaqa,tadaraga,mrmr,qada,sil,hEktAr,gaNa,kuntAl,sandE,?
Harso,Hadaru,mgb,wAstnA,mAragAgaT,bag,mAdlab,zamanAwi,tEknoloDi,yAdaraga,atena,wTEtAmA,mahonu,HoromiyA,mAstAwaqiyAnA,.hzb,gnNuna,biro,mAHqEkalu,srA,HaskiyAD,?
gabarE,mAsA,zut,sbl,zryA,HarakA,gbrnA,mrmr,mAHqEkalA,takAhEda,atena,mrtAnatA,taragAgaTa,mahonA,HastabAbAri,mr,darsa,sabu,waradA,mrT,zar,?
HabaratA,mahonu,hzb,tawakAyo,mkr,bEt,masarata,lmA,quAmi,komitE,atena,,,dAyrEktar,doktar,xadaqa,HabAta,DmA,zon,Tiro,HafatAnA,?
HarsoHadarocu,faTna,darsu,sablo,mazrA,clu,kuntAl,zar,dgAf,miyAsfalg,atena,matAwaqu,TnA,masarat,zar,dgAf,wl,br,yAsfalg,mahonulakllu,mgb,?
darsu,sablo,mazrA,clu,kuntAl,zar,dgAf,miyAsfalg,TnA,matAwaqu,atena,masarat,zar,dgAf,wl,br,yAsfalg,mahonulakllu,mgb,wAstnAnA,HadagA,?
Hamst,mEtr,maTa,yAlawunA,maTalayA,Tql,plAstik,mazagADatu,HastAwuqawAl,gudA,atena,qaTAy,liwasad,gabAwu,HqErmDA,yATanA,bAlamuyA,budn,nagawu,HqEla,HsfrAwu,?
nagawu,HqEla,HsfrAwu,minqasAqas,tanAgrawAl,budnu,HsfrAwu,tagaNto,miyAdargawu,HadagA,atena,wuTE,mamaHsra,fEdErAl,HadagA,makalAkalnA,zgDuna,HEDansi,takatAtAy,HqErmDA,miwasd,?
gdbu,sabro,mafsasu,nawu,qdma,mAsTanqaqiyA,budn,waradAwu,manqasAqas,bAdaragawu,atena,kttl,HidAbAronA,diHadu,tabAlu,qabalE,nawAri,mulu,mulu,wuha,makababAcawu,?
mitiworoloDi,HEDansi,DDgA,qrnCAf,x.hfa,bEt,hAlAfi,dastA,yosEf,bAlamuyA,atena,maHsara,mAdrag,galaxu,kllu,kAhu,Damro,miqaTlu,Hsos,warA,fta,?
gabayA,kAlA,tafalAgina,HanxAr,Harso,Hadaru,tamaTACaCA,wAgA,yAga,yAscl,atena,maTanAqaqu,drDtA,zar,bAnk,mAquAquA,mrT,zryA,takatAtAy,mrtAmA,yAscl,?
srA,HqEdl,mifaTr,waradA,HastadAdAri,hAbtAmu,hAylamikAHEl,kulA,mangs,proDaktu,atena,HafATA,taTanAqo,srA,Damr,mAdrag,sfrA,nawAri,makfalnA,mAsnasA,HasfalAgi,?
mgb,wAstnA,HaCr,mAragAgaT,cAl,hagaritu,taDamara,whA,mAsabAsab,tEknoloDi,atena,mrmr,mAgaz,HaTanAkro,maqaTal,miyAsfalg,whA,mhndsnA,bAlamuyA,HarbAmnC,yunivarsiti,strengthen
mAscAl,Damro,cAynA,tadagAgAmi,talAku,nAmunA,tafatSa,wTEtAmAnatA,proDaktu,bAkAhEdA,atena,waradA,sAmbu,tabAla,HakAbAbi,kArE,kilomEtr,botA,miliyo,ton,yAhl,?
profEsar,yArEd,wandmku,HityoPayA,zEnA,Hagalglo,galaxu,yunivarsti,masarata,mrmrnA,atena,gnNuna,masarat,DApAnu,tokuSumA,yunivarsti,matabAbar,HEc,Hayvi,sAnbA,naqarsAnA,?
lAytask,yunivarsti,matabAbar,saw,lD,zaramal,zuriyA,mrmr,HaDandA,mAzagADa,atena,mAkAhEd,miga,HastAwqawAl,profEsar,yArEd,HamErikA,hagar,migaNutnA,HorEgannA,DorD,?
taqamaTu,whA,maTa,qoTAri,mabalASatA,taquAmu,biquAquA,Hadis,HasarAr,zargto,atena,tAwaq,hunEtA,mifaTr,yAzagADa,kllu,marE,HastadAdarnA,HaTaqAqa,tamarAmAriwocnA,bAlamuyA,?
wsAnE,hAsAb,mimalaka,bAhr,dAr,katamA,qanA,kAhEd,qo,`Awda,atena,mAmSA,TanAqaq,tamarAmAriwocunA,bAlamuyA,tanAgaru,wsAnE,hAsAbu,mAqrab,yAsfalaga,hAyqu,?
smE,nora,mAdrag,yAscal,galalta,taquA,mamaHsra,HqEndAla,hAyqu,saru,atena,mimalakatA,HakAlA,gbHatna,HastamAmA,maraDA,masTatnA,hAyqu,bklato,makalAkal,taquAmu,?
qaTanA,x.hfa,bEt,Hama,hEktAr,marE,mAlmA,yAsclu,masno,proDakto,atena,miyAkAhid,bEtu,plAnnA,progrA,budn,mari,tAfasa,HandArgE,HityoPyA,zEnA,study
progrA,budn,mari,tAfasa,HandArgE,HityoPyA,zEnA,galaTu,masno,proDaktocu,atena,kAhEda,guDi,zono,lmA,TnAtu,TanAqaq,proDaktocu,yAsfalga,waCi,taTaqso,study
taTaqAmi,mihonu,zonocu,waradA,gorf,whA,mATarAqa,masno,mAwAl,yAscl,atena,mikAhEd,galTa,srA,wl,gabarE,gorf,whA,HaTarAqma,sabl,miyAlamu,study
wl,gabarE,gorf,whA,HaTarAqma,sabl,miyAlamu,tAfasa,masno,proDakto,atena,Hamst,Hamatu,lmA,mar.ha,gbr,HakAl,honu,galaTu,madaba,znAb,study
maftA,bunA,TAHqEmnA,TrA,maTabaq,yAsclu,taSASAlu,bunA,HazagaDADa,zadE,atena,mamasra,HazagADto,taTaqAmi,stawAwaqa,mahonu,bunA,HazagaDADa,zadE,mamariyA,qay,?
galaTu,mangs,HasfaxAmi,HakAlA,fta,tmhrt,taquAmAtnA,mrmr,mA`kalA,tagaNu,atena,mrmr,wTEto,tagbArAwi,mAdrag,cgr,fta,tmhrt,taquAmAtnA,mrmr,mA`kalA,?
tagbArAwi,mAdrag,cgr,fta,tmhrt,taquAmAtnA,mrmr,mA`kalA,tagbAr,yAltataragomu,atena,mrmr,waTEto,HqEndAlu,tanAgaru,mhurAnu,HasfaxAmi,HakAlA,tkura,bAlamasTatA,wha,?
HasfaxAmi,HakAlA,tkura,bAlamasTatA,wha,Camro,zarfo,mAgaz,HqEndAltacAla,HanxAru,atena,mrmro,mAkAhEd,waTA,ganzab,fta,mahonu,malakatA,HakAlA,gaNu,wTEto,?
cAl,gmbi,dambi,bAko,gEdo,fnCA,skuAr,fAbrikA,bAlu,masmaro,atena,makAhEdu,HadAdisnA,nabAr,masmaro,mAsfAfA,srA,TanAqaq,riDnu,HqEskA,danbaNo,?
Hama,robE,katamA,slk,masmar,guabA,tamA,dawa,kaf,mAdrag,atena,HakAhido,mATanAqaqu,bEtu,lElocu,waradA,slk,mAsfAfA,TnA,HayAkAhEda,HakAbAbi,study
Hala,robE,tamo,madaba,slk,danbaNo,HqEndAlu,gEtA,Camra,radA,atena,mrmr,takAhEda,mahonu,zonu,gbrnAnA,gaTar,lmA,xhfa,bEt,HastAwaqa,?
cgru,mAqAlal,zonu,waradA,Harso,Hadaro,mAsA,Hafar,nAmunA,tasabsbo,atena,takAhidobatAl,warA,Damro,dalE,Hafar,mrmarA,lAborAtor,kAhEd,qoyawu,TnAtnA,?
TnA,takAhidobatAl,warA,Damro,dalE,Hafar,mrmarA,lAborAtor,kAhEd,qoyawu,atena,mrmr,masarat,talay,qolonA,TEf,sablo,Hasidu,maTa,fta,hono,study
madaragu,zarfu,kllu,migaNu,tmhrt,bEto,dras,mAsfAfA,cAl,mrmrnA,atena,mAkAhEd,matAqadu,yunivarsiti,tafaTro,sAyns,kolED,din,doktar,`Ala,mabrAhtu,?
mamhrA,slTanA,Hasmalkto,zArE,HadAmA,katamA,taDamara,gnzAbE,mAsCabaCA,`Awda,atena,Hadis,HababA,katamA,gizEyAwi,bAlAdarA,bord,HastadAdar,tmhrt,biro,halAfi,?
kolEDu,tmhrt,saT,biqoy,Hadis,HababA,yunivarstinA,tmhrt,biro,takAhEda,atena,lyu,flAgo,tmhrt,fta,daraDA,miyAsfalg,maragAgaTunnA,masku,mamhrA,mAfrA,?
`Awda,TnA,masku,tazagADa,srHata,kors,salTANo,masfartnA,gudAyo,sfA,atena,mangHs,mamhrA,tmhrt,Hadis,HababA,gl,fta,tmhrt,tmhrt,Hadis,study
Hikonomi,kftato,molunA,zalAqi,lmA,mAragAgaT,clu,waTAto,mAfrA,yAscl,atena,masarat,mAdrag,mahonu,mangstAwinA,mangstAwi,kAlhonu,drDto,maho,saTA,slTanA,?
hAlAfi,gEtna,tamasga,HityoPyA,zEnA,Hagalglo,galaTu,Hamatu,maDamariyAnA,zrzr,atena,kAhEda,wanzo,wanzo,maDamariyA,TnAtnA,qari,zrzr,TnA,darag,mahonu,study
hAlAfi,gEtna,tamasga,HityoPyA,zEnA,Hagalglo,galaTu,Hamatu,maDamariyAnA,zrzr,atena,kAhEda,wanzo,wanzo,maDamariyA,TnAtnA,qari,zrzr,TnA,darag,mahonu,study
Hagalglo,galaTu,Hamatu,maDamariyAnA,zrzr,TnA,kAhEda,wanzo,wanzo,maDamariyA,atena,qari,zrzr,TnA,darag,mahonu,yAlu,wanzo,Tq,wlu,hEktAr,study
lTu,gabarE,taTaqAmi,yAdargu,TAbiyA,HakAbAbi,yAlu,wanzo,yAkAtta,yK,atena,miqaTla,war,Hansto,baDa,Hamatu,maTanAqaqiyA,dras,mikanAwa,gEtna,Hama,?
war,Hansto,baDa,Hamatu,maTanAqaqiyA,dras,mikanAwa,gEtna,Hama,zrzr,atena,takAhido,dizAy,tazagADalA,masno,proDakto,gnbAtA,qrbu,maDamar,zgD,madaragu,study
Harso,Hadaru,mgb,wAstnA,mAragAgaT,bag,mAdlab,zamanAwi,tEknoloDi,yAdaraga,atena,wTEtAmA,mahonu,HoromiyA,mAstAwaqiyAnA,.hzb,gnNuna,biro,mAHqEkalu,srA,HaskiyAD,?
sost,HamatA,takAhEda,mAdAbariyA,HaTaqAqa,mrmr,qolo,mr,HqEdga,mAdAbariyA,atena,mangad,maTaqa,tadaraga,mrmr,qada,sil,hEktAr,gaNa,kuntAl,sandE,?
qaTanA,x.hfa,bEt,Hama,hEktAr,marE,mAlmA,yAsclu,masno,proDakto,atena,miyAkAhid,bEtu,plAnnA,progrA,budn,mari,tAfasa,HandArgE,HityoPyA,zEnA,study
progrA,budn,mari,tAfasa,HandArgE,HityoPyA,zEnA,galaTu,masno,proDaktocu,atena,kAhEda,guDi,zono,lmA,TnAtu,TanAqaq,proDaktocu,yAsfalga,waCi,taTaqso,study
HityoPyA,zEnA,galaTu,masno,proDaktocu,TnA,kAhEda,guDi,zono,lmA,atena,TanAqaq,proDaktocu,yAsfalga,waCi,taTaqso,mimalakata,HakAl,miqarb,Damar,zonu,study
tAfasa,mihonu,zonocu,waradA,gorf,whA,mATarAqa,masno,mAwAl,yAscl,atena,mikAhEd,galTa,srA,wl,gabarE,gorf,whA,HaTarAqma,sabl,miyAlamu,study
wl,gabarE,gorf,whA,HaTarAqma,sabl,miyAlamu,tAfasa,masno,proDakto,atena,Hamst,Hamatu,lmA,mar.ha,gbr,HakAl,honu,galaTu,madaba,znAb,study
`AmatAwi,mAr,mr,zamanAwi,qafo,maTaqa,fta,mr,mAgNa,yAscl,atena,mukarA,srA,takAhEda,bAhlAwi,qafo,`Amatu,kuntAl,mAr,miga,waradA,?
waradA,Harbto,Hadar,gaTar,qabalE,lTu,bAhlAwi,nb,qafo,HqEndAlu,atena,bEtu,bAhlAwi,mangad,nb,srA,tasamAru,Hamst,Harbto,Hadaro,mAhbar,?
gabarE,mAsA,zut,sbl,zryA,HarakA,gbrnA,mrmr,mAHqEkalA,takAhEda,atena,mrtAnatA,taragAgaTa,mahonA,HastabAbAri,mr,darsa,sabu,waradA,mrT,zar,?
mgb,wAstnA,HaCr,mAragAgaT,cAl,hagaritu,taDamara,whA,mAsabAsab,tEknoloDi,atena,mrmr,mAgaz,HaTanAkro,maqaTal,miyAsfalg,whA,mhndsnA,bAlamuyA,HarbAmnC,yunivarsiti,strengthen
wadi,HandAnd,HakAbAbi,HabaratA,wT,tAya,qaTAyna,lEla,mahonu,srA,atena,mrmr,mAgaz,HaTanAkro,maqaTal,miyAsfalg,tagbAr,wl,botA,mAzagADatnA,HasfalAgi,strengthen
fosfE,mAdAbariyA,komplEks,proDak,HakAbAbi,miliyo,ton,dngAy,kasal,miga,atena,proDaktu,waradA,HaCabo,sAmbo,HakAbAbi,hAlAfi,bzuHaya,zalaqa,sfrA,tagaNa,?
mAscAl,Damro,cAynA,tadagAgAmi,talAku,nAmunA,tafatSa,wTEtAmAnatA,proDaktu,bAkAhEdA,atena,waradA,sAmbu,tabAla,HakAbAbi,kArE,kilomEtr,botA,miliyo,ton,yAhl,?
kilomEtr,botA,miliyo,ton,yAhl,dngAy,kasal,km,miga,mAwaq,atena,nAmunA,qufAro,srA,HityoPyA,DiHoloDikAl,sarviy,bAlamuyAwocnA,tabAla,cAynA,kubAnyA,?
profEsar,yArEd,wandmku,HityoPayA,zEnA,Hagalglo,galaxu,yunivarsti,masarata,mrmrnA,atena,gnNuna,masarat,DApAnu,tokuSumA,yunivarsti,matabAbar,HEc,Hayvi,sAnbA,naqarsAnA,?
mgb,`To,hxAnA,darsu,TEnA,cgrocnA,snatawAldo,TEnA,zuriyA,mrmrnA,atena,mAkAhEd,mahonu,Darma,hagar,migaNa,lAytask,yunivarsti,matabAbar,saw,lD,?
wsAnE,hAsAb,mimalaka,bAhr,dAr,katamA,qanA,kAhEd,qo,`Awda,atena,mAmSA,TanAqaq,tamarAmAriwocunA,bAlamuyA,tanAgaru,wsAnE,hAsAbu,mAqrab,yAsfalaga,hAyqu,?
smE,nora,mAdrag,yAscal,galalta,taquA,mamaHsra,HqEndAla,hAyqu,saru,atena,mimalakatA,HakAlA,gbHatna,HastamAmA,maraDA,masTatnA,hAyqu,bklato,makalAkal,taquAmu,?
maftA,bunA,TAHqEmnA,TrA,maTabaq,yAsclu,taSASAlu,bunA,HazagaDADa,zadE,atena,mamasra,HazagADto,taTaqAmi,stawAwaqa,mahonu,bunA,HazagaDADa,zadE,mamariyA,qay,?
clu,HagATAmi,binor,mawlad,HqEskA,yAltakasata,mahonu,fta,hkmnA,bAlamuyA,atena,liyAdargu,migabA,katamA,HqEnssA,TEnA,TbaqA,lAborAtori,hAlAfi,doktar,hAylu,?
galaTu,mangs,HasfaxAmi,HakAlA,fta,tmhrt,taquAmAtnA,mrmr,mA`kalA,tagaNu,atena,mrmr,wTEto,tagbArAwi,mAdrag,cgr,fta,tmhrt,taquAmAtnA,mrmr,mA`kalA,?
mhurAnu,HasfaxAmi,HakAlA,tkura,bAlamasTatA,wha,Camro,zarfo,mAgaz,HqEndAltacAla,atena,mrmro,mAkAhEd,waTA,ganzab,fta,mahonu,malakatA,HakAlA,gaNu,wTEto,?
Hama,robE,katamA,slk,masmar,guabA,tamA,dawa,kaf,mAdrag,atena,HakAhido,mATanAqaqu,bEtu,lElocu,waradA,slk,mAsfAfA,TnA,HayAkAhEda,HakAbAbi,study
cAl,gmbi,dambi,bAko,gEdo,fnCA,skuAr,fAbrikA,bAlu,masmaro,atena,makAhEdu,HadAdisnA,nabAr,masmaro,mAsfAfA,srA,TanAqaq,riDnu,HqEskA,danbaNo,?
zon,waradA,HasidAmA,Hafar,darasa,yAlawu,mr,maqanas,mAswagad,radA,atena,mrmr,takAhEda,mahonu,zonu,gbrnAnA,gaTar,lmA,xhfa,bEt,HastAwaqa,?
cgru,mAqAlal,zonu,waradA,Harso,Hadaro,mAsA,Hafar,nAmunA,tasabsbo,atena,takAhidobatAl,warA,Damro,dalE,Hafar,mrmarA,lAborAtor,kAhEd,qoyawu,TnAtnA,?
TnA,takAhidobatAl,warA,Damro,dalE,Hafar,mrmarA,lAborAtor,kAhEd,qoyawu,atena,mrmr,masarat,talay,qolonA,TEf,sablo,Hasidu,maTa,fta,hono,study
madaragu,zarfu,kllu,migaNu,tmhrt,bEto,dras,mAsfAfA,cAl,mrmrnA,atena,mAkAhEd,matAqadu,yunivarsiti,tafaTro,sAyns,kolED,din,doktar,`Ala,mabrAhtu,?
HaTaqAlAy,Tru,tabAlu,nagaro,kAnta,qarabul,maxAhf,tanasA,Hamst,HamatA,atena,snksAr,bAnta,maxAhf,mazmuro,TSA,HawrEnA,HagAza,wb,sEto,Hafaqar,?
Tql,HatayAy,tawasanu,zrzr,naTbo,maTaqAqas,mitAwaqa,TnAtAwi,maraDA,mnCocu,atena,zadE,ta`AmAni,Hadis,dmdAmE,yAstawAwq,maho,yhunnA,doktaru,mnCu,`Ala,study
mAmTA,faramanA,tmhrtu,maznAnA,HsAyAmra,ganzab,gArAnA,CAt,gazA,rtto,atena,smu,TawA,kAlACasa,gAw,mgb,lto,kAlACasa,trf,HanDa,mataNAtu,?
.hawAsA,hayq,profEHsar,TnAtnA,mrmr,HakAhido,hayq,Haso,mgbna,baqA,atena,mrmru,tabaHsACu,HandAnd,glasabo,HqEl,HaHsA,Tamadu,TrE,mablA,zAn,?
gabayA,baqi,hunEtA,ragAgA,dras,maHsaratAwi,fDotA,SaqaTo,DamarA,Trato,atena,miqaTl,ngd,ministEr,HastAwaqa,bAlafu,smnt,warA,mangs,maHsaratAwi,fDotA,strengthen
HastadAdar,mAsfa,tadaragu,HqEnqsqAsE,Tru,gaxtA,nabarA,galaxu,rEd,laTa,atena,masrA,miyAsfalg,tanAgrawAl,HsrA,`dl,mafTar,ngdnA,gbr,Hsr`Atu,mASASAl,?
Hahunu,waqt,tastawAla,yAla,lmAtnA,malkA,HastadAdar,wTno,taSAla,daraDA,atena,mAsqaTalnA,hbratasabu,taTaqAmi,mAdrag,HamarAru,nqA,manqasAqas,migabA,HamarAru,gaTar,?
DmArE,tafaTro,max.haf,yAlu,fidalA,HagaTATmo,mAnbab,gAliliyo,Damara,niwta,atena,gafA,wsbsb,maslu,tafaTro,HqEnqsqAsE,hidato,qalAl,hgua,qlbC,bla,?
smu,HqEndAyqarA,haHsAb,gabtuAcawAl,moltola,mAyAwqa,mAzagADA,bEt,CaguArA,malATu,atena,qaTluAl,bAygarmA,walo,yunivarsiti,rAHsu,cgru,salabA,boru,mEdA,guarabEtocu,?
sAylu,HityoPyA,mtAhl,Harba,safi,hagar,Harba,TabAb,Haqmu,HakAl,atena,mAlatu,farDa,fatanA,gaTama,ymaslAl,maraDAnA,mAsraDA,HqETo,Hsaqzo,taTaqasu,?
HamErikA,lyu,komAndowockatagadala,HamErikA,mannA,somAliyA,gaNu,HalqAydA,budnoclAy,tamasAsAy,atena,HqErmDA,mawsad,DamrAla,prEzidA,bArAk,HobAmA,bilAda,yAgaNu,skE,HalqAydA,?
xara,Sbr,gbra,hAylu,Hasqadmo,HadagA,makalAkal,cl,HqErAsu,daraDanA,atena,Sbr,wanDal,makalAkal,ygaNAl,taTarTAri,tayAzu,taqAwAmi,pArti,HabAlA,mahonA,?
DmArE,tafaTro,max.haf,yAlu,fidalA,HagaTATmo,mAnbab,gAliliyo,Damara,niwta,atena,gafA,wsbsb,maslu,tafaTro,HqEnqsqAsE,hidato,qalAl,hgua,qlbC,bla,?
takatAyocA,tAgadu,Hagaritu,naxAnatnA,ft,dimokrAsi,TyAqE,mAnHsA,Damaru,HqEnqsqAsE,atena,maqaTal,HalaHagbAb,tAsaru,polatikA,HqEsraNo,fatu,maTayaq,Damaru,tabAla,taquA,strengthen
kll,manaSA,hasAb,manasA,mHqEta,Hamatu,gb,mAsAkA,Damara,HasarAr,atena,qaTl,HqEdl,yfaTrAl,bla,HqEnAmnAla,tgrAy,HqEnAto,TEnA,hunEtA,snmalakata,strengthen
yunivarsti,mamaraqnA,srA,mATA,mamasAsalA,raD,HqEdmE,yAsqoTara,hulatyo,guAdaNnatA,atena,guAdaNAmocu,Tbabu,nuro,wdnatu,ftu,madhani,falsmanAl,madhanitu,mafalsa,manaSAna,?
salAm,linasA,hlwnA,takAda,nagar,mada,saw,salAm,mansA,tagbAru,atena,liqaTl,Haycl,bils,lamA,baqA,lam,hgamangstA,Hanqax,saTa,mabt,?
TafA,HsarAwitu,ngusAwiyAnu,tAmA,maqomA,.hzbAwi,Hamaxu,tanu,nagastAtu,qoyta,atena,nagaru,tAwaqu,HqEngliz,tArik,xa.hafi,galxa,tArik,mangadu,CAf,waTA,?
HamatAto,Halafu,t`gstu,habtA,militErinA,tarA,kolfE,tAlAlAq,suqocnnA,yzotA,atena,CAmA,suqo,TAqA,suq,wafCo,quAt,maSaCA,suqo,makfa,Halfa,?
HaxbhA,HaksumnA,`Ad,daraDA,tmhrt,bEto,kAhEda,mamAr,mAstamAr,hida,atena,lAkuA,vidiyo,kAsEto,tmhrt,bEtocu,tasaTtawAl,tmhrt,tagbAr,dagafnA,tamAri,?
tawakAy,mistar,nAHako,sEyto,kulA,Hamst,HamatA,tazagADa,mrmr,mAHqEkalA,atena,proDak,bAlafu,sost,HamatA,Tru,wTE,mAsAyatu,tagamgmo,taTanAkro,qaTl,strengthen
taTaqAmi,HqEnmihonu,HastAwqawAl,kllocu,taDamarawu,HinformE,kominikE,tEknoloDi,mAdAras,srA,atena,HintarnE,marab,mazargAtnA,mAsfAfA,srA,takanAwana,mahonu,srA,HaskayADu,HasradtawAl,?
HaskiyAD,HabarA,.hadgu,galTawAl,Hagalglotu,maDamar,HakAbAbi,mikAhEda,Hikonomi,HqEnqsqAsE,atena,HastawAxHo,minora,HabrArta,Hagalglotu,mAgNa,TyAqE,yAqarbu,qoyu,bAlahabatocnA,nawAri,?
HabaratA,wT,tAya,qaTAyna,lEla,mahonu,srA,TnAtnA,mrmr,mAgaz,atena,maqaTal,miyAsfalg,HasganzbawAl,tagbAr,wl,botA,mAzagADatnA,HasfalAgi,qusAqus,mAmra,strengthen
HityoPayA,tElE,kominikE,korparE,samE,msrAq,riD,miliya,br,waCi,atena,mAsfAfAtnA,tamo,srA,maDamaru,HastAwaqa,riDnu,srA,HaskayAD,hAyla,slAsE,?
HilibAbur,zon,waradA,dngAy,kasal,yuriyA,mAdAbaryA,mAmra,yAscla,TnA,atena,maqaTalu,kol,fosfE,mAdAbariyA,komplEks,proDak,HastAwaqa,HakAbAbi,miliyo,ton,study
mAragAgaT,cAl,hagaritu,taDamara,whA,mAsabAsab,tEknoloDi,TnAtnA,mrmr,mAgaz,atena,maqaTal,miyAsfalg,whA,mhndsnA,bAlamuyA,Hasganazabu,HarbAmnC,yunivarsiti,takAhEda,Hasra,strengthen
wsTnA,Tri,Hagalglo,maTaqa,DamrawAl,Damara,gaTar,slk,mAsfAfA,srA,atena,maqaTal,tAhsAs,war,dras,zonu,waradA,gaTar,qabalE,Sbo,HalbA,strengthen
taTaqAmi,HqEnmihonu,HastAwqawAl,kllocu,taDamarawu,HinformE,kominikE,tEknoloDi,mAdAras,srA,atena,HintarnE,marab,mazargAtnA,mAsfAfA,srA,takanAwana,mahonu,srA,HaskayADu,HasradtawAl,?
tawakAy,mistar,nAHako,sEyto,kulA,Hamst,HamatA,tazagADa,mrmr,mAHqEkalA,atena,proDak,bAlafu,sost,HamatA,Tru,wTE,mAsAyatu,tagamgmo,taTanAkro,qaTl,strengthen
mrmr,srA,br,mamadab,mamhrAnnA,tamAri,mrmr,HadmAsnA,mrmr,zarfo,atena,miyAsclu,tagbArA,tkura,saTto,manqasAqs,mahonu,profEsar,yArEd,Camra,galTawAl,?
milyo,br,HadAdis,mrmr,proDakto,miyAkanA,HastAwaqa,mrmru,HarsoHadaro,tasAtfo,atena,taquAmu,sost,zono,nHus,mAHqEkalA,HqEkaftAla,Hala,taquAmu,plAnnA,progrA,?
wsTnA,Tri,Hagalglo,maTaqa,DamrawAl,Damara,gaTar,slk,mAsfAfA,srA,atena,maqaTal,tAhsAs,war,dras,zonu,waradA,gaTar,qabalE,Sbo,HalbA,strengthen
mAragAgaT,cAl,hagaritu,taDamara,whA,mAsabAsab,tEknoloDi,TnAtnA,mrmr,mAgaz,atena,maqaTal,miyAsfalg,whA,mhndsnA,bAlamuyA,Hasganazabu,HarbAmnC,yunivarsiti,takAhEda,Hasra,strengthen
zarfu,salaTana,saw,hAyl,HqETra,taTaqA,yunivarsti,wha,tEknoloDi,fAkAlti,atena,bAlamuyA,mAsalTa,mahonu,galTa,mhndsnAnA,wha,tEknoloDi,zarfo,qdmanA,dhra,?
HaskiyAD,HabarA,.hadgu,galTawAl,Hagalglotu,maDamar,HakAbAbi,mikAhEda,Hikonomi,HqEnqsqAsE,atena,HastawAxHo,minora,HabrArta,Hagalglotu,mAgNa,TyAqE,yAqarbu,qoyu,bAlahabatocnA,nawAri,?
yAdargu,Trat,hAgaritu,mgb,wAstnA,HaCr,gzE,mAragAgaT,mtAdarga,Trat,atena,qaTlu,HasganzbawAl,mrmrnA,Habna,Taqas,blawAl,mahonu,bAladrSA,HakAlA,mgb,?
HilibAbur,zon,waradA,dngAy,kasal,yuriyA,mAdAbaryA,mAmra,yAscla,TnA,atena,maqaTalu,kol,fosfE,mAdAbariyA,komplEks,proDak,HastAwaqa,HakAbAbi,miliyo,ton,study
HamalktawAl,waradA,HastadAdAri,hAbtAmu,hAylamikAHEl,kulA,mangs,proDaktu,TnA,HafATA,atena,srA,Damr,mAdrag,sfrA,nawAri,makfalnA,mAsnasA,HasfalAgi,tbbr,madaragunnA,study
kll,waradA,gaN,.hzb,wabAnA,vEktar,walad,StA,HqEndAyTaqA,HakAbAbi,atena,baStA,makalAkalnA,.hkmnA,Hagalglo,tasaTa,mahonu,kllu,TEnA,biro,HastAwaqa,?
yAlA,bunA,cgNo,HakAbAbi,mAsmaTA,Harso,Hadaru,yAlamAnA,gabi,mnCu,atena,mAgaznA,muyAnA,mkar,masTa,taTaqAmi,daraga,mahonu,TaqumawAl,tantA,waradA,?
marE,mkanyA,cgr,yAla,mahonu,drDtu,miyAdarglA,dgAf,srA,tanasASnatA,atena,taTaqAmi,honu,mamTAtA,galTawAl,tantA,waradA,gbarnAnA,gaTar,lmA,hAlAfinA,?
saTu,HastayAya,kAdalabuA,goc,br,br,trf,mAgNatA,srA,HaTanAkra,atena,mAstAwaqA,galTuAl,mask,gubNtu,`AlAmA,Harso,HadarunA,bAlamuyA,tEknoloDi,mrmru,?
mrmr,srA,br,mamadab,mamhrAnnA,tamAri,mrmr,HadmAsnA,mrmr,zarfo,atena,miyAsclu,tagbArA,tkura,saTto,manqasAqs,mahonu,profEsar,yArEd,Camra,galTawAl,?
gbrnA,zarf,tamazagaba,wT,tmhrtnA,TEnA,taquAmA,masarata,lmAto,mazargA,atena,srA,makanAwanu,galaTu,HabAy,miqaTlu,HamatA,mAgol,waTAtocnA,sEto,taTaqAmi,?
waf,mangA,maqoTATar,tacAlawu,HakAbAbiwu,HawuroplA,kEmikAl,rCtnA,bAhlAwi,zadE,atena,makalAkal,srA,makAhEdu,nawu,grisA,wafo,darasawu,qolo,frE,mablAtnA,?
wtdrnA,progrAmu,HErtrA,waTAto,Torna,sgadada,mAgd,qoytuAl,HqEkuy,tagbAru,atena,gafA,yAla,hAlAfina,godala,nawTa,HamarAr,HErtrA,waTAto,Tornatu,mAgada,?
Hahunu,waqt,tastawAla,yAla,lmAtnA,malkA,HastadAdar,wTno,taSAla,daraDA,atena,mAsqaTalnA,hbratasabu,taTaqAmi,mAdrag,HamarAru,nqA,manqasAqas,migabA,HamarAru,gaTar,?
tagaNa,salAm,lmAtnA,dEmokrAsi,mAgol,dhnatnA,qarna,mASanaf,taDamara,Trat,atena,maqaTal,ygabAwAl,`Alu,pAnAl,wyy,gT,tglu,tasawu,samA`tA,daqiqA,strengthen
mari,ZA,kuwingli,cAynA,mangs,HityoPyAnA,HafrikA,lmA,yAdarga,dgAf,atena,yqaTlAl,blawAl,l`ukA,budnu,cAynA,mangs,fta,bAlaslTAnA,bAnko,HindustriwocnA,?
drDtu,vAyrasu,srC,zEro,dras,makalAkal,mankabAkabnA,dgAf,mAdrag,tkuratu,atena,misarA,tanAgrawAl,drDtu,vAyrasu,damA,yAlabA,wagano,yAquAquAmuA,mAhbarA,mAsabAsab,?
cgr,mA`kal,mAdrag,taDamara,Harso,Hadar,Tmra,gbrnA,mrmr,HaHEkstE,atena,mAsqaTal,tkura,HaqTACA,riportu,tamalakata,Hsosta,tkura,HaqTACAnA,warA,kAla,?
taquAmAtu,hbratasabu,faTAnnA,taqalATafa,Hagalglo,saTu,biro,yAdarga,kttlnA,quTTr,atena,maqaTalu,Hadis,HababA,TEnA,biro,HastAwquAl,tagalgAyucu,galaxu,masaratAwi,srA,?
gubA`E,ftu,tanAgaru,konfEdErESnu,HafrikA,salAmnA,xaTtA,saf,yAdarga,HqEnqsqAsE,atena,yqaTlAl,HafrikA,hbra,maqanADa,HqEgr,kuAs,HamAkAyna,dahnnatuAnA,salAmuA,taragAgaTa,?
gaxtA,mAstawAwaq,srA,sarA,maqoyatu,mkr,bEtu,mamasra,taDamara,srA,atena,maqaTal,fta,TaqamEtA,ynorawAl,blawAl,Hadis,HababA,katamA,HastadAdar,bAhlnA,strengthen
HsarAtaNo,gnzAbE,cgr,maftA,HEDansi,fEdErAlnA,kllo,gnzAbE,mAsCabaCA,HsrA,atena,miqaTl,TaqumawAl,HqEskA,kllo,takAhEda,mzgabAnA,mawACo,mAsabAsab,HsrA,Hamarqi,strengthen
maHsara,zEgo,HsrA,`dl,mafTar,Haq,gnbAtAnA,gabayA,tssr,HsrA,atena,maqaTalu,galxawAl,TqAq,Hanasta,srA,masko,tasamArta,wTEtAmA,honu,HintarprAyzo,?
miyAsfalg,bHadE,yAmnAl,HqEnqsqAsE,bAlafa,Hama,HagAmA,Damara,yAzna,Hama,atena,qaTl,hunEtA,yhonAl,drDtA,tamasarata,Hama,mnAkabr,waqt,lmAtu,malkA,strengthen
sabsAbina,polatikAl,Hikonomi,manAd,mahakal,kAhEd,tgl,mahonu,mangs,tglu,atena,liqaTl,ygabAl,maCaraSA,.hgamangstA,glx,tamalakata,marE,hzbnA,mangs,hAb,?
HastAwaqu,HityoPyA,lmA,gbo,mAsAkA,mtAdargA,Trato,masAkA,mangstAcawu,dgAfu,atena,miqaTl,HambAsAdaru,galxawAl,HambAsAr,donAld,buz,gAmbElA,kll,gobaNu,waqt,strengthen
madagaf,ragad,HamErikA,mangs,daraga,yAla,Trat,Hamasgna,qaTAy,dgAfocu,atena,qaTlu,TayqawAl,HambAsAdar,donAld,buz,kllu,HamErikA,mangs,dgAf,takanAwanu,?
tadaraga,.hbratasabu,.hgawaT,madhAni,zwwr,yAgAT,TqomA,masTa,talamada,tbbru,atena,qaTl,TayqawAl,sil,zagaba,HizEHa,drEdA,.harar,dasE,Hadis,HababAnA,strengthen
hunEtA,mAswagad,fta,drSA,minorA,gudAyo,zuriyA,tkura,saTto,rbrbu,atena,maqaTal,gabA,mahonu,HaTayAyAqi,Haydala,xhuf,HanbAbi,lmA,mafATa,limaTu,strengthen
`Ala,HagarA,yAkAttAl,mr,maSaT,HaliyA,magzA,HityoPyA,HakAl,mahonuA,atena,daraDA,tgaNAla,mAyAnsu,HagarA,ngd,lwwT,mAdrag,gabayA,bunA,HqEhlocnA,?
takAhEda,wsbsb,tgl,dl,taTanAqaqa,hdAsE,guzo,dAr,dars,rbrbu,atena,qaTl,Tri,mAqrabA,HEf,bisi,zagbuAl,bhEr,bhErasabo,qan,makabar,strengthen
Hafa,gubAHE,kAsA,taklabrhA,`latu,b.hEro,bhErasabocnA,hzbo,tafaTara,Handna,atena,mahonu,tanAgrawAl,gubAHE,maqalE,katamA,takabara,bAla,HityoPyA,bhEro,bhErasabocnA,?
bAla,HityoPyA,bhEro,bhErasabocnA,hzbo,qan,hga,mangstu,b.hEr,b.hErasabo,atena,Handna,mafTarnA,hdAsEyA,mATanAkar,fAydA,golA,blawAl,wAstnA,maTaqa,taHamr,?
galxawAl,HambAsAdar,dinA,xhufA,lHukA,budn,wadatalayAyu,hagarA,malAk,gnNunatu,atena,maTA,mahonunnA,salAmnA,lmA,wTE,tAya,mamTAtu,TaqumawAl,`Alu,damaqa,?
daraq,wadab,tandAho,skuAr,fAbrikA,hnxAnA,maTaT,wuhA,gnbAtA,HaCr,atena,mAsrakab,Tratu,HaTanAkro,yqaTlAl,blawAl,mkr,bEtu,bAkAhEda,sbsabA,HagarAwi,?
tadaragabA,HaDandA,polatikA,pArti,mkr,bEt,kll,zonnA,waradA,daraDA,atena,qaTl,mkr,bEtu,HabAlA,mulu,dmx,tasmAmtawAl,qaTAy,tagbArAwi,midaragu,strengthen
bEtu,HabAlA,safi,mkkr,yAdaragu,pArti,maganA,bzuhA,yAkAhiduA,wyyto,atena,qaTlunA,wyy,bAhlu,dAbr,tasmAmtawAl,zArE,takAhEda,polatikA,pArti,mkr,?
HityoPyA,gondarnA,HawAsA,yunivarsti,trAkomA,mATfA,hkmnAnA,slTanA,masTa,migaNnA,atena,maqaTal,migabA,prEzidA,grmA,maglaxA,wyytu,takatAtalu,mangHs,bAlaslTA,HastAwqawAl,strengthen
drDtu,miyAdarga,HqEnqsqAsE,HityoPyA,mangHs,Hamaci,hunEtA,faTara,mahonu,tanAgrawAl,atena,maqaTal,HityoPyA,mangs,tabAbro,masrA,flAgo,HqEndAla,galxawAl,HityoPyA,miliyo,strengthen
sarA,mahonu,qaTAy,Hagalglo,TrA,mASASAl,danbaNo,HqErkAtA,mAragAgaT,tkuratu,atena,miqaTl,HamalktawAl,talay,Hahunu,waqt,HasAsAbi,daraDA,darasawnnA,HakAbAbi,tadagAgAmi,strengthen
prEzidA,grmA,wyytu,mAhbaru,yAla,HqEwqa,HafrikA,mAkAfal,Damara,gnNuna,atena,maqaTal,HqEndAla,manAgarA,wyytu,takatAtalu,gudAy,ministEr,HamErikA,gudAyo,dAyrEktar,strengthen
HambAsAdar,tAyE,HaxqaslAsE,galxawAl,mAhbaru,HityoPyA,dgAfo,mAdrag,miga,gnNuna,atena,mAsAdag,Trat,madarag,HqEndAla,prEzidAntu,HasAsbawAl,mAhbaru,TAliyA,HityoPyA,warara,?
yAw,HEf,HEl,dEvis,mAhbaru,HityoPyA,raD,`AmatA,yAla,gnNuna,atena,yqaTlAl,mAlatA,HizEHa,Taqso,wAltA,HinformE,mA`kal,zagbuAl,Halam,Haqaf,?
bAhrdAr,yunvarsiti,bAhl,trHi,makAhEdu,Hagaro,hzb,hzb,tssr,zalAqina,atena,mAsqaTal,mcu,hunEtA,faTr,mahonu,tanAgrawAl,HityoPyA,tagabara,lAla,HqEdgatnA,?
hagarA,maga,HqEncl,taDamara,mamakAkarnA,tasAtfo,`dl,mAsfA,Damara,tra,atena,yqaTlAl,malA,HityoPyA,hzbo,taTaqAminatA,mAragAgaT,HityoPyA,hdAsE,HqEwn,mAdrag,?
kirAy,sabsAbina,Hamrro,tAgalnA,yAmak,sAynsAwi,HamarAr,Tbab,maganbAtu,hida,atena,qaTluAl,hzbA,taTaqAmina,ybalT,taragAgaTa,ygaNAl,HihHadEg,lmAtAwi,dEmokrAsiyAwi,masmar,?
DmArE,tafaTro,max.haf,yAlu,fidalA,HagaTATmo,mAnbab,gAliliyo,Damara,niwta,atena,gafA,wsbsb,maslu,tafaTro,HqEnqsqAsE,hidato,qalAl,hgua,qlbC,bla,?
mangHs,Sbr,TqAtu,tafaxama,`la,tafaTara,HadagA,galxo,maraDA,HasabAsbonA,atena,Carasa,takatAtAy,maglaCA,qanA,bisaT,noro,ta`AmAninatu,yAragAgTlatAl,gudAyu,polatikA,?
HaykAsA,gubAHE,mAgNa,tacluAl,HanxAr,dkma,tAya,makalAkal,HsrA,`Ama,atena,maqaTal,tAsbuAl,qadmo,HamErikA,prEzidA,DorD,dabli,buS,HaykAsA,gubAHE,strengthen
dAssu,x.hufnA,msl,mAsraDA,mAsabAsabnA,kompiyutar,mayAz,tadaraga,yAla,Trat,atena,maqaTal,HqEndAla,HasAsbuAl,.hwa.hA,liqamanbar,malas,zEnAwi,qaraba,ripor,masarat,strengthen
mulatA,hurEsA,konfrAnsu,HqEndAstAwaqu,.hbratasabu,kllu,yAla,taragAgA,salAm,ybalT,atena,taDamaru,lma,srA,dAr,mAdras,manqasAqas,Hala,malkA,HastadAdar,lmAtnA,?
zab,liqo,migabA,HasAsba,draDtu,kllu,Damara,srA,HastadAdarunA,.hbratasabu,atena,miqaTl,yAlhona,viknA,sab`Awi,mabto,mrmrnA,tmhar,mAHqEkal,qan,bAzagADa,strengthen
mAswagad,bAlafu,`AmatA,kllu,takanAwanu,salAm,lmAtnA,dEmokrAsi,sra`A,gnbAtA,atena,maqaTal,dhna,malAqaq,taDamara,tgl,dl,mATanAqaq,TankrawHqEndamisaru,bAwaTu,yAquA,strengthen
vil,sarvis,mASASAyA,progrAmo,matagbar,midaraga,Trat,Haq,gnbAtAnA,dgAfo,atena,miqaTl,HastAwaqa,ganzabnA,Hikonomi,lmA,ministr,dHEtA,mAmo,gito,gAmbElA,strengthen
HafagubAHE,tanAgrawAl,HEkstEnSnnA,madaba,NarogrAmo,kAhEda,HagadAnA,brHqE,sablo,lmA,atena,maqaTal,kAlafu,HamatA,wadi,mrtAmAna,maCamar,qaTAyna,nora,Handamidarag,HastAwqawAl,strengthen
tagbArAwi,HqEnqsqAsE,yAkAhidAl,xhfa,bEtu,HasfalAgi,HsarAtaNocu,mAmuAlA,HaTaqAlAy,Haqmu,atena,fta,Trat,yAdargAl,yAlu,tasfAy,hiHsAb,bAlamuyAwocnA,gl,Hoditaro,bqA,?
mAhbar,naxA,flAgo,tadarADto,drSA,waTA,yAdarg,qo,dgAfnA,`gazA,atena,miqaTl,HastAwquAl,HabdEpA,`Ama,`Al,HabAlAtu,dagAfi,Tri,tadaragalA,hAgar,strengthen
zonu,hzb,tabAbro,maHsrA,quAnquA,mAsAdag,lAlafu,`AmatA,yAdaraga,Trat,atena,qaTlnA,tmhar,lDE,zAf,daDE,kllu,mar,tagbArAwi,yAdarg,HasAsbawAl,?
zonu,hzb,tabAbro,maHsrA,quAnquA,mAsAdag,lAlafu,`AmatA,yAdaraga,Trat,atena,qaTlnA,tmhar,lDE,zAf,daDE,kllu,mar,tagbArAwi,yAdarg,HasAsbawAl,?
hzbu,taqarArbawu,masrAtAcawu,zarfu,mAynAq,wuTE,tagaNtuAl,dhna,taDamarawu,zamacA,atena,maqaTal,Hadisu,milini,taSAla,hywat,mamrA,tayAyzo,masrA,migabA,HasganzbawAl,strengthen
mamrA,tayAyzo,masrA,migabA,HasganzbawAl,malkA,HastadAdarnA,dEmokrAsi,gnbAtAwu,laTa,atena,lmA,mafATa,fta,HastawAxHo,norawu,kulu,HastawAxHo,yAbaraka,xagAy,HasAsbawAl,?
liniyamu,tafaTro,habtA,HagbAbu,maTaqa,macAl,Damarnawu,Trat,Hadisu,milani,atena,maqaTal,migabA,bxaHqE,Habuna,qErlos,Hasganazabu,samE,walo,zonnA,qdus,strengthen
taraDina,manfas,talAqo,Hadis,srA,bAhl,Damara,lmA,HqEnqsqAsE,miliniyamu,atena,maqaTal,Hala,dabub,walo,bAlafu,`AmatA,tamazagabu,lmA,wTEto,Hadisu,strengthen
makAhEd,yAlawu,taDamarawu,malkA,HastadAdarnA,dEmokrAsi,gnbAtA,hida,Hadisu,milini,atena,maqaTal,dhna,mAswagad,manqasAqas,migabAwu,zonu,,,HastadAdAri,HastAwaqu,strengthen
dANAcawu,SfarAwu,tanAgaru,hzbu,takAhEda,yAlawu,malkA,HastadAdarnA,dEmokrAsi,gnbAtA,atena,Hadisu,milini,dhna,mAswagad,hbra,manqasAqas,Hala,Hadisu,milini,dEmokrAsinA,?
milini,dhna,mAswagad,hbra,manqasAqas,Hala,Hadisu,milini,dEmokrAsinA,lmA,atena,tasaTawu,tkura,zonu,hzb,nqA,masAtaf,HqEndAla,HasganzbawAl,hzbu,polatikA,?
HqEndAla,HasganzbawAl,hzbu,polatikA,HamalakAkatnA,hAymAno,lyuna,sAyAgdawu,HqEdgatnA,blxganA,atena,sarA,HaCr,wusT,dhna,tArik,Hadrgo,mAsqara,micl,HqEmnatAcawu,galTawAl,?
salAm,lmA,mAfATa,ragad,fta,HastawAxHo,ynorawAl,zonu,hbratasab,salAm,atena,lmA,tasAtfowu,mAsAdag,Damarawu,Trat,zalAqi,HqEdga,HastamAmA,wAstnA,mahonu,?
b.hErasabocnA,.hzbo,tssr,ybalT,TanAkr,yhonAl,HamatA,tamazagaba,Hikonomi,HqEdga,atena,hidatu,qaTAyna,mAragAgaT,Hadis,manfas,HqEnqsqasE,darag,mahonu,milinya,b.hEr,?
HqEnqsqasE,darag,mahonu,milinya,b.hEr,b.hErasabocnA,.hzbo,dEmokrAsiyAwi,tssr,ybalT,atena,dh,mAsawagad,taDamara,Trat,yAgolab,zaman,miho,HandAnd,SASAmanEnA,tamo,?
daraDA,salaTana,saw,hAyl,mAfrA,kulu,HastawAxHo,mAbarakatu,Hamalkta,HqEnqsqAsE,atena,maqaTal,Hindustri,zarf,salaTana,saw,hayl,HqETra,mAswagad,NaroDak,mAqrab,strengthen
mangad,makatal,tanasA,HErtrA,sda,taSAla,HamArAC,ylqu,sda,guzo,atena,talay,HityoPyA,bzA,tAdiyA,Tru,HaqabAbal,tagabi,HayAyAz,Hsosta,Hagar,?
TEnA,polisi,tgbarA,kAsqANahuA,xu.hufE,`AlAmA,gl,fta,kliniko,Hagalglo,atena,cgrocA,mikatala,HamatA,HqEz,ymarA,hAgarA,Hikonomi,polisi,wsbsb,cgro,?
qari,mAzagADA,bEt,tasabasaba,gabi,mahonu,masriyA,bEtu,HsrA,laTa,atena,`Amatu,TaqlAlA,miliyo,br,gabi,masabsab,Haqdo,HsarA,mahonu,tawakAyu,?
