Lcontext1,target word,Rcontext1,class
HakAbAbi,atena,mrmr,study
wandmE,atena,byE,study
HanAlAysis,atena,mrmr,study
mangad,atena,muqa,study
kttlnA,atena,tArAmi,study
HityoPyA,atena,mrmr,study
mahonu,atena,Taqu,study
mndna,atena,tamokro,study
sAynsAwi,atena,bAynor,study
zrzr,atena,tadargua,study
sm,atena,guanu,study
liguAta,atena,dizAy,study
brhAnu,atena,tagaNu,study
bAhl,atena,masfAfA,study
hxAn,atena,tamaHsarata,study
qrs,atena,TbaqA,study
takA.hEda,atena,TnAtu,study
HanA,atena,HsrA,study
xhufu,atena,Harso,study
mrmrnA,atena,kfl,study
micl,atena,tadaraga,study
yAqaraba,atena,HEc,study
bAstalAlafa,atena,tab,study
tagbArA,atena,mrmr,study
`Awda,atena,stiyA,study
TnAtocnnA,atena,wTEto,study
gabayA,atena,bAlamuyA,study
yAscl,atena,mukarA,study
HqEndAlu,atena,bEtu,study
Hawda,atena,Damar,study
TnA,atena,mrmr,study
zrzr,atena,kAhEda,study
zrzr,atena,darag,study
maDamariyA,atena,qari,study
yK,atena,miqaTla,study
zrzr,atena,takAhido,study
mAdAbariyA,atena,mangad,study
yAdaraga,atena,wTEtAmA,study
takAhEda,atena,mrtAnatA,study
komitE,atena,?,study
miyAsfalg,atena,matAwaqu,study
matAwaqu,atena,masarat,study
gudA,atena,qaTAy,study
HadagA,atena,wuTE,study
bAdaragawu,atena,kttl,study
bAlamuyA,atena,maHsara,study
yAscl,atena,maTanAqaqu,study
proDaktu,atena,HafATA,study
tEknoloDi,atena,mrmr,study
bAkAhEdA,atena,waradA,study
mrmrnA,atena,gnNuna,study
mAzagADa,atena,mAkAhEd,study
zargto,atena,tAwaq,study
`Awda,atena,mAmSA,study
saru,atena,mimalakatA,study
proDakto,atena,miyAkAhid,study
proDaktocu,atena,kAhEda,study
yAscl,atena,mikAhEd,study
proDakto,atena,Hamst,study
zadE,atena,mamasra,study
tagaNu,atena,mrmr,study
yAltataragomu,atena,mrmr,study
HanxAru,atena,mrmro,study
masmaro,atena,makAhEdu,study
mAdrag,atena,HakAhido,study
radA,atena,mrmr,study
tasabsbo,atena,takAhidobatAl,study
qoyawu,atena,mrmr,study
mrmrnA,atena,mAkAhEd,study
`Awda,atena,Hadis,study
takAhEda,atena,lyu,study
sfA,atena,mangHs,study
yAscl,atena,masarat,study
zrzr,atena,kAhEda,study
zrzr,atena,kAhEda,study
maDamariyA,atena,qari,study
yK,atena,miqaTla,study
zrzr,atena,takAhido,study
yAdaraga,atena,wTEtAmA,study
mAdAbariyA,atena,mangad,study
proDakto,atena,miyAkAhid,study
proDaktocu,atena,kAhEda,study
lmA,atena,TanAqaq,study
yAscl,atena,mikAhEd,study
proDakto,atena,Hamst,study
yAscl,atena,mukarA,study
HqEndAlu,atena,bEtu,study
takAhEda,atena,mrtAnatA,study
tEknoloDi,atena,mrmr,study
srA,atena,mrmr,study
miga,atena,proDaktu,study
bAkAhEdA,atena,waradA,study
mAwaq,atena,nAmunA,study
mrmrnA,atena,gnNuna,study
mrmrnA,atena,mAkAhEd,study
`Awda,atena,mAmSA,study
saru,atena,mimalakatA,study
zadE,atena,mamasra,study
bAlamuyA,atena,liyAdargu,strengthen
tagaNu,atena,mrmr,study
HqEndAltacAla,atena,mrmro,study
mAdrag,atena,HakAhido,study
masmaro,atena,makAhEdu,study
radA,atena,mrmr,study
tasabsbo,atena,takAhidobatAl,study
qoyawu,atena,mrmr,study
mrmrnA,atena,mAkAhEd,strengthen
HamatA,atena,snksAr,study
mnCocu,atena,zadE,study
rtto,atena,smu,study
baqA,atena,mrmru,study
Trato,atena,miqaTl,study
laTa,atena,masrA,study
daraDA,atena,mAsqaTalnA,study
niwta,atena,gafA,strengthen
malATu,atena,qaTluAl,study
HakAl,atena,mAlatu,study
tamasAsAy,atena,HqErmDA,study
daraDanA,atena,Sbr,study
niwta,atena,gafA,strengthen
HqEnqsqAsE,atena,maqaTal,strengthen
HasarAr,atena,qaTl,strengthen
guAdaNnatA,atena,guAdaNAmocu,study
tagbAru,atena,liqaTl,study
qoyta,atena,nagaru,study
yzotA,atena,CAmA,study
hida,atena,lAkuA,study
mAHqEkalA,atena,proDak,strengthen
srA,atena,HintarnE,study
HqEnqsqAsE,atena,HastawAxHo,study
mAgaz,atena,maqaTal,strengthen
waCi,atena,mAsfAfAtnA,study
TnA,atena,maqaTalu,study
mAgaz,atena,maqaTal,strengthen
srA,atena,maqaTal,strengthen
srA,atena,HintarnE,study
mAHqEkalA,atena,proDak,strengthen
zarfo,atena,miyAsclu,study
tasAtfo,atena,taquAmu,study
srA,atena,maqaTal,strengthen
mAgaz,atena,maqaTal,strengthen
fAkAlti,atena,bAlamuyA,study
HqEnqsqAsE,atena,HastawAxHo,study
Trat,atena,qaTlu,study
TnA,atena,maqaTalu,study
HafATA,atena,srA,study
HakAbAbi,atena,baStA,study
mnCu,atena,mAgaznA,study
tanasASnatA,atena,taTaqAmi,study
HaTanAkra,atena,mAstAwaqA,study
zarfo,atena,miyAsclu,study
mazargA,atena,srA,study
zadE,atena,makalAkal,study
tagbAru,atena,gafA,study
daraDA,atena,mAsqaTalnA,study
Trat,atena,maqaTal,strengthen
dgAf,atena,yqaTlAl,study
tkuratu,atena,misarA,study
HaHEkstE,atena,mAsqaTal,study
quTTr,atena,maqaTalu,study
HqEnqsqAsE,atena,yqaTlAl,study
srA,atena,maqaTal,strengthen
HsrA,atena,miqaTl,study
HsrA,atena,maqaTalu,study
Hama,atena,qaTl,strengthen
tglu,atena,liqaTl,study
dgAfu,atena,miqaTl,study
dgAfocu,atena,qaTlu,study
tbbru,atena,qaTl,strengthen
rbrbu,atena,maqaTal,strengthen
mahonuA,atena,daraDA,study
rbrbu,atena,qaTl,strengthen
Handna,atena,mahonu,study
b.hErasabo,atena,Handna,study
gnNunatu,atena,maTA,study
HaCr,atena,mAsrakab,study
daraDA,atena,qaTl,strengthen
wyyto,atena,qaTlunA,study
migaNnA,atena,maqaTal,strengthen
tanAgrawAl,atena,maqaTal,study
tkuratu,atena,miqaTl,study
gnNuna,atena,maqaTal,strengthen
gnNuna,atena,mAsAdag,study
gnNuna,atena,yqaTlAl,study
zalAqina,atena,mAsqaTal,study
tra,atena,yqaTlAl,strengthen
hida,atena,qaTluAl,study
niwta,atena,gafA,strengthen
HasabAsbonA,atena,Carasa,study
`Ama,atena,maqaTal,strengthen
Trat,atena,maqaTal,strengthen
ybalT,atena,taDamaru,study
.hbratasabu,atena,miqaTl,study
gnbAtA,atena,maqaTal,strengthen
dgAfo,atena,miqaTl,study
lmA,atena,maqaTal,strengthen
Haqmu,atena,fta,study
`gazA,atena,miqaTl,study
Trat,atena,qaTlnA,study
Trat,atena,qaTlnA,study
zamacA,atena,maqaTal,strengthen
laTa,atena,lmA,study
milani,atena,maqaTal,strengthen
miliniyamu,atena,maqaTal,strengthen
milini,atena,maqaTal,strengthen
gnbAtA,atena,Hadisu,study
lmA,atena,tasaTawu,study
blxganA,atena,sarA,study
salAm,atena,lmA,study
HqEdga,atena,hidatu,study
ybalT,atena,dh,study
HqEnqsqAsE,atena,maqaTal,strengthen
guzo,atena,talay,study
Hagalglo,atena,cgrocA,study
laTa,atena,`Amatu,study
