Lcontext2,Lcontext1,target word,Rcontext1,Rcontext2,class
mhurA,HakAbAbi,atena,mrmr,gN,study
tAlAq,wandmE,atena,byE,bunA,study
sAyko,HanAlAysis,atena,mrmr,Tqur,study
migabA,mangad,atena,muqa,hAyl,study
mtAdargu,kttlnA,atena,tArAmi,fta,study
wadiyA,HityoPyA,atena,mrmr,taquA,study
mato,mahonu,atena,Taqu,holiwd,study
mknyAtu,mndna,atena,tamokro,tagaNa,study
yhonAl,sAynsAwi,atena,bAynor,zArE,study
hunEtA,zrzr,atena,tadargua,`Ama,study
taTabAbaqku,sm,atena,guanu,tadaradaru,study
HsrA,liguAta,atena,dizAy,waqt,study
hasAbo,brhAnu,atena,tagaNu,r`yota,study
halAfi,bAhl,atena,masfAfA,yAdaragu,study
nora,hxAn,atena,tamaHsarata,kAlhona,study
mahonu,qrs,atena,TbaqA,bAlaslTA,study
bEtasabo,takA.hEda,atena,TnAtu,hida,study
dizAy,HanA,atena,HsrA,miwla,study
zagAbi,xhufu,atena,Harso,Hadaru,study
pArlAmAnA,mrmrnA,atena,kfl,dAyrEktar,study
mAgNa,micl,atena,tadaraga,mahonu,study
wddr,yAqaraba,atena,HEc,Hay,study
mil,bAstalAlafa,atena,tab,gax,study
HqEqd,tagbArA,atena,mrmr,madagafnA,study
qanA,`Awda,atena,stiyA,HadAmA,study
tamarAmAri,TnAtocnnA,atena,wTEto,yAqarbu,study
bEt,gabayA,atena,bAlamuyA,wbitu,study
mAgNa,yAscl,atena,mukarA,srA,study
qafo,HqEndAlu,atena,bEtu,bAhlAwi,study
qanA,Hawda,atena,Damar,tanAgaru,study
Hawuda,TnA,atena,mrmr,xhufo,study
maDamariyAnA,zrzr,atena,kAhEda,wanzo,study
qari,zrzr,atena,darag,mahonu,study
wanzo,maDamariyA,atena,qari,zrzr,study
yAkAtta,yK,atena,miqaTla,war,study
Hama,zrzr,atena,takAhido,dizAy,study
HqEdga,mAdAbariyA,atena,mangad,maTaqa,study
tEknoloDi,yAdaraga,atena,wTEtAmA,mahonu,study
mAHqEkalA,takAhEda,atena,mrtAnatA,taragAgaTa,study
quAmi,komitE,atena,?,?,study
dgAf,miyAsfalg,atena,matAwaqu,TnA,study
TnA,matAwaqu,atena,masarat,zar,study
HastAwuqawAl,gudA,atena,qaTAy,liwasad,study
miyAdargawu,HadagA,atena,wuTE,mamaHsra,study
manqasAqas,bAdaragawu,atena,kttl,HidAbAronA,study
yosEf,bAlamuyA,atena,maHsara,mAdrag,study
yAga,yAscl,atena,maTanAqaqu,drDtA,study
mangs,proDaktu,atena,HafATA,taTanAqo,study
mAsabAsab,tEknoloDi,atena,mrmr,mAgaz,study
proDaktu,bAkAhEdA,atena,waradA,sAmbu,study
masarata,mrmrnA,atena,gnNuna,masarat,study
HaDandA,mAzagADa,atena,mAkAhEd,miga,study
HasarAr,zargto,atena,tAwaq,hunEtA,study
qo,`Awda,atena,mAmSA,TanAqaq,study
hAyqu,saru,atena,mimalakatA,HakAlA,study
masno,proDakto,atena,miyAkAhid,bEtu,study
masno,proDaktocu,atena,kAhEda,guDi,study
mAwAl,yAscl,atena,mikAhEd,galTa,study
masno,proDakto,atena,Hamst,Hamatu,study
HazagaDADa,zadE,atena,mamasra,HazagADto,study
mA`kalA,tagaNu,atena,mrmr,wTEto,study
tagbAr,yAltataragomu,atena,mrmr,waTEto,study
HqEndAltacAla,HanxAru,atena,mrmro,mAkAhEd,study
bAlu,masmaro,atena,makAhEdu,HadAdisnA,study
kaf,mAdrag,atena,HakAhido,mATanAqaqu,study
Camra,radA,atena,mrmr,takAhEda,study
nAmunA,tasabsbo,atena,takAhidobatAl,warA,study
kAhEd,qoyawu,atena,mrmr,masarat,study
cAl,mrmrnA,atena,mAkAhEd,matAqadu,study
mAsCabaCA,`Awda,atena,Hadis,HababA,study
biro,takAhEda,atena,lyu,flAgo,study
gudAyo,sfA,atena,mangHs,mamhrA,study
mAfrA,yAscl,atena,masarat,mAdrag,study
maDamariyAnA,zrzr,atena,kAhEda,wanzo,study
maDamariyAnA,zrzr,atena,kAhEda,wanzo,study
wanzo,maDamariyA,atena,qari,zrzr,study
yAkAtta,yK,atena,miqaTla,war,study
Hama,zrzr,atena,takAhido,dizAy,study
tEknoloDi,yAdaraga,atena,wTEtAmA,mahonu,study
HqEdga,mAdAbariyA,atena,mangad,maTaqa,study
masno,proDakto,atena,miyAkAhid,bEtu,study
masno,proDaktocu,atena,kAhEda,guDi,study
zono,lmA,atena,TanAqaq,proDaktocu,study
mAwAl,yAscl,atena,mikAhEd,galTa,study
masno,proDakto,atena,Hamst,Hamatu,study
mAgNa,yAscl,atena,mukarA,srA,study
qafo,HqEndAlu,atena,bEtu,bAhlAwi,study
mAHqEkalA,takAhEda,atena,mrtAnatA,taragAgaTa,study
mAsabAsab,tEknoloDi,atena,mrmr,mAgaz,study
mahonu,srA,atena,mrmr,mAgaz,study
kasal,miga,atena,proDaktu,waradA,study
proDaktu,bAkAhEdA,atena,waradA,sAmbu,study
miga,mAwaq,atena,nAmunA,qufAro,study
masarata,mrmrnA,atena,gnNuna,masarat,study
zuriyA,mrmrnA,atena,mAkAhEd,mahonu,study
qo,`Awda,atena,mAmSA,TanAqaq,study
hAyqu,saru,atena,mimalakatA,HakAlA,study
HazagaDADa,zadE,atena,mamasra,HazagADto,study
hkmnA,bAlamuyA,atena,liyAdargu,migabA,strengthen
mA`kalA,tagaNu,atena,mrmr,wTEto,study
mAgaz,HqEndAltacAla,atena,mrmro,mAkAhEd,study
kaf,mAdrag,atena,HakAhido,mATanAqaqu,study
bAlu,masmaro,atena,makAhEdu,HadAdisnA,study
mAswagad,radA,atena,mrmr,takAhEda,study
nAmunA,tasabsbo,atena,takAhidobatAl,warA,study
kAhEd,qoyawu,atena,mrmr,masarat,study
cAl,mrmrnA,atena,mAkAhEd,matAqadu,strengthen
Hamst,HamatA,atena,snksAr,bAnta,study
maraDA,mnCocu,atena,zadE,ta`AmAni,study
gazA,rtto,atena,smu,TawA,study
mgbna,baqA,atena,mrmru,tabaHsACu,study
DamarA,Trato,atena,miqaTl,ngd,study
rEd,laTa,atena,masrA,miyAsfalg,study
taSAla,daraDA,atena,mAsqaTalnA,hbratasabu,study
Damara,niwta,atena,gafA,wsbsb,strengthen
CaguArA,malATu,atena,qaTluAl,bAygarmA,study
Haqmu,HakAl,atena,mAlatu,farDa,study
budnoclAy,tamasAsAy,atena,HqErmDA,mawsad,study
HqErAsu,daraDanA,atena,Sbr,wanDal,study
Damara,niwta,atena,gafA,wsbsb,strengthen
Damaru,HqEnqsqAsE,atena,maqaTal,HalaHagbAb,strengthen
Damara,HasarAr,atena,qaTl,HqEdl,strengthen
hulatyo,guAdaNnatA,atena,guAdaNAmocu,Tbabu,study
mansA,tagbAru,atena,liqaTl,Haycl,study
nagastAtu,qoyta,atena,nagaru,tAwaqu,study
suqocnnA,yzotA,atena,CAmA,suqo,study
mAstamAr,hida,atena,lAkuA,vidiyo,study
mrmr,mAHqEkalA,atena,proDak,bAlafu,strengthen
mAdAras,srA,atena,HintarnE,marab,study
Hikonomi,HqEnqsqAsE,atena,HastawAxHo,minora,study
mrmr,mAgaz,atena,maqaTal,miyAsfalg,strengthen
br,waCi,atena,mAsfAfAtnA,tamo,study
yAscla,TnA,atena,maqaTalu,kol,study
mrmr,mAgaz,atena,maqaTal,miyAsfalg,strengthen
mAsfAfA,srA,atena,maqaTal,tAhsAs,strengthen
mAdAras,srA,atena,HintarnE,marab,study
mrmr,mAHqEkalA,atena,proDak,bAlafu,strengthen
mrmr,zarfo,atena,miyAsclu,tagbArA,study
HarsoHadaro,tasAtfo,atena,taquAmu,sost,study
mAsfAfA,srA,atena,maqaTal,tAhsAs,strengthen
mrmr,mAgaz,atena,maqaTal,miyAsfalg,strengthen
tEknoloDi,fAkAlti,atena,bAlamuyA,mAsalTa,study
Hikonomi,HqEnqsqAsE,atena,HastawAxHo,minora,study
mtAdarga,Trat,atena,qaTlu,HasganzbawAl,study
yAscla,TnA,atena,maqaTalu,kol,study
TnA,HafATA,atena,srA,Damr,study
HqEndAyTaqA,HakAbAbi,atena,baStA,makalAkalnA,study
gabi,mnCu,atena,mAgaznA,muyAnA,study
srA,tanasASnatA,atena,taTaqAmi,honu,study
srA,HaTanAkra,atena,mAstAwaqA,galTuAl,study
mrmr,zarfo,atena,miyAsclu,tagbArA,study
lmAto,mazargA,atena,srA,makanAwanu,study
bAhlAwi,zadE,atena,makalAkal,srA,study
HqEkuy,tagbAru,atena,gafA,yAla,study
taSAla,daraDA,atena,mAsqaTalnA,hbratasabu,study
taDamara,Trat,atena,maqaTal,ygabAwAl,strengthen
yAdarga,dgAf,atena,yqaTlAl,blawAl,study
mAdrag,tkuratu,atena,misarA,tanAgrawAl,study
mrmr,HaHEkstE,atena,mAsqaTal,tkura,study
kttlnA,quTTr,atena,maqaTalu,Hadis,study
yAdarga,HqEnqsqAsE,atena,yqaTlAl,HafrikA,study
taDamara,srA,atena,maqaTal,fta,strengthen
mAsCabaCA,HsrA,atena,miqaTl,TaqumawAl,study
tssr,HsrA,atena,maqaTalu,galxawAl,study
yAzna,Hama,atena,qaTl,hunEtA,strengthen
mangs,tglu,atena,liqaTl,ygabAl,study
mangstAcawu,dgAfu,atena,miqaTl,HambAsAdaru,study
qaTAy,dgAfocu,atena,qaTlu,TayqawAl,study
talamada,tbbru,atena,qaTl,TayqawAl,strengthen
saTto,rbrbu,atena,maqaTal,gabA,strengthen
HakAl,mahonuA,atena,daraDA,tgaNAla,study
dars,rbrbu,atena,qaTl,Tri,strengthen
tafaTara,Handna,atena,mahonu,tanAgrawAl,study
b.hEr,b.hErasabo,atena,Handna,mafTarnA,study
malAk,gnNunatu,atena,maTA,mahonunnA,study
gnbAtA,HaCr,atena,mAsrakab,Tratu,study
waradA,daraDA,atena,qaTl,mkr,strengthen
yAkAhiduA,wyyto,atena,qaTlunA,wyy,study
masTa,migaNnA,atena,maqaTal,migabA,strengthen
mahonu,tanAgrawAl,atena,maqaTal,HityoPyA,study
mAragAgaT,tkuratu,atena,miqaTl,HamalktawAl,study
Damara,gnNuna,atena,maqaTal,HqEndAla,strengthen
miga,gnNuna,atena,mAsAdag,Trat,study
yAla,gnNuna,atena,yqaTlAl,mAlatA,study
tssr,zalAqina,atena,mAsqaTal,mcu,study
Damara,tra,atena,yqaTlAl,malA,strengthen
maganbAtu,hida,atena,qaTluAl,hzbA,study
Damara,niwta,atena,gafA,wsbsb,strengthen
maraDA,HasabAsbonA,atena,Carasa,takatAtAy,study
HsrA,`Ama,atena,maqaTal,tAsbuAl,strengthen
yAla,Trat,atena,maqaTal,HqEndAla,strengthen
salAm,ybalT,atena,taDamaru,lma,study
HastadAdarunA,.hbratasabu,atena,miqaTl,yAlhona,study
sra`A,gnbAtA,atena,maqaTal,dhna,strengthen
gnbAtAnA,dgAfo,atena,miqaTl,HastAwaqa,study
sablo,lmA,atena,maqaTal,kAlafu,strengthen
HaTaqAlAy,Haqmu,atena,fta,Trat,study
dgAfnA,`gazA,atena,miqaTl,HastAwquAl,study
yAdaraga,Trat,atena,qaTlnA,tmhar,study
yAdaraga,Trat,atena,qaTlnA,tmhar,study
taDamarawu,zamacA,atena,maqaTal,Hadisu,strengthen
gnbAtAwu,laTa,atena,lmA,mafATa,study
Hadisu,milani,atena,maqaTal,migabA,strengthen
HqEnqsqAsE,miliniyamu,atena,maqaTal,Hala,strengthen
Hadisu,milini,atena,maqaTal,dhna,strengthen
dEmokrAsi,gnbAtA,atena,Hadisu,milini,study
dEmokrAsinA,lmA,atena,tasaTawu,tkura,study
HqEdgatnA,blxganA,atena,sarA,HaCr,study
hbratasab,salAm,atena,lmA,tasAtfowu,study
Hikonomi,HqEdga,atena,hidatu,qaTAyna,study
tssr,ybalT,atena,dh,mAsawagad,study
Hamalkta,HqEnqsqAsE,atena,maqaTal,Hindustri,strengthen
sda,guzo,atena,talay,HityoPyA,study
kliniko,Hagalglo,atena,cgrocA,mikatala,study
HsrA,laTa,atena,`Amatu,TaqlAlA,study
