Lcontext3,Lcontext2,Lcontext1,target word,Rcontext1,Rcontext2,Rcontext3,class
yunivarsiti,mhurA,HakAbAbi,atena,mrmr,gN,mibAla,study
mta,tAlAq,wandmE,atena,byE,bunA,sTaTA,study
froyd,sAyko,HanAlAysis,atena,mrmr,Tqur,hzb,study
saw,migabA,mangad,atena,muqa,hAyl,tawasana,study
mAwaq,mtAdargu,kttlnA,atena,tArAmi,fta,CAnA,study
naga,wadiyA,HityoPyA,atena,mrmr,taquA,HqEndAstAqa,study
Hamst,mato,mahonu,atena,Taqu,holiwd,Tqur,study
hunEtA,mknyAtu,mndna,atena,tamokro,tagaNa,wTE,study
bAdo,yhonAl,sAynsAwi,atena,bAynor,zArE,SmAglE,study
qayaru,hunEtA,zrzr,atena,tadargua,`Ama,tagbArAwi,study
gugu,taTabAbaqku,sm,atena,guanu,tadaradaru,Hawtobso,study
gdbu,HsrA,liguAta,atena,dizAy,waqt,yAlnabara,study
tanasu,hasAbo,brhAnu,atena,tagaNu,r`yota,`Ala,study
fta,halAfi,bAhl,atena,masfAfA,yAdaragu,trgu,study
Tabaq,nora,hxAn,atena,tamaHsarata,kAlhona,qar,study
mAdrag,mahonu,qrs,atena,TbaqA,bAlaslTA,?,study
migaNu,bEtasabo,takA.hEda,atena,TnAtu,hida,taTayaqu,study
gnbAtA,dizAy,HanA,atena,HsrA,miwla,miliyo,study
maTqas,zagAbi,xhufu,atena,Harso,Hadaru,gbrnA,study
HagarA,pArlAmAnA,mrmrnA,atena,kfl,dAyrEktar,taSuAmi,study
maraDA,mAgNa,micl,atena,tadaraga,mahonu,hAb,study
HasafA,wddr,yAqaraba,atena,HEc,Hay,vi,study
magalbaT,mil,bAstalAlafa,atena,tab,gax,xhuf,study
trAnsformE,HqEqd,tagbArA,atena,mrmr,madagafnA,Haq,study
Hsos,qanA,`Awda,atena,stiyA,HadAmA,katamA,study
maTu,tamarAmAri,TnAtocnnA,atena,wTEto,yAqarbu,mahonA,study
x.hfa,bEt,gabayA,atena,bAlamuyA,wbitu,bada,study
mr,mAgNa,yAscl,atena,mukarA,srA,takAhEda,study
nb,qafo,HqEndAlu,atena,bEtu,bAhlAwi,mangad,study
tawayA,qanA,Hawda,atena,Damar,tanAgaru,naTb,study
Haqaf,Hawuda,TnA,atena,mrmr,xhufo,qarabu,study
Hamatu,maDamariyAnA,zrzr,atena,kAhEda,wanzo,wanzo,study
TnAtnA,qari,zrzr,atena,darag,mahonu,yAlu,study
wanzo,wanzo,maDamariyA,atena,qari,zrzr,TnA,study
wanzo,yAkAtta,yK,atena,miqaTla,war,Hansto,study
gEtna,Hama,zrzr,atena,takAhido,dizAy,tazagADalA,study
mr,HqEdga,mAdAbariyA,atena,mangad,maTaqa,tadaraga,study
zamanAwi,tEknoloDi,yAdaraga,atena,wTEtAmA,mahonu,HoromiyA,study
mrmr,mAHqEkalA,takAhEda,atena,mrtAnatA,taragAgaTa,mahonA,study
lmA,quAmi,komitE,atena,?,?,dAyrEktar,study
zar,dgAf,miyAsfalg,atena,matAwaqu,TnA,masarat,study
miyAsfalg,TnA,matAwaqu,atena,masarat,zar,dgAf,study
mazagADatu,HastAwuqawAl,gudA,atena,qaTAy,liwasad,gabAwu,study
tagaNto,miyAdargawu,HadagA,atena,wuTE,mamaHsra,fEdErAl,study
waradAwu,manqasAqas,bAdaragawu,atena,kttl,HidAbAronA,diHadu,study
dastA,yosEf,bAlamuyA,atena,maHsara,mAdrag,galaxu,study
wAgA,yAga,yAscl,atena,maTanAqaqu,drDtA,zar,study
kulA,mangs,proDaktu,atena,HafATA,taTanAqo,srA,study
whA,mAsabAsab,tEknoloDi,atena,mrmr,mAgaz,HaTanAkro,study
wTEtAmAnatA,proDaktu,bAkAhEdA,atena,waradA,sAmbu,tabAla,study
yunivarsti,masarata,mrmrnA,atena,gnNuna,masarat,DApAnu,study
mrmr,HaDandA,mAzagADa,atena,mAkAhEd,miga,HastAwqawAl,study
Hadis,HasarAr,zargto,atena,tAwaq,hunEtA,mifaTr,study
kAhEd,qo,`Awda,atena,mAmSA,TanAqaq,tamarAmAriwocunA,study
HqEndAla,hAyqu,saru,atena,mimalakatA,HakAlA,gbHatna,study
yAsclu,masno,proDakto,atena,miyAkAhid,bEtu,plAnnA,study
galaTu,masno,proDaktocu,atena,kAhEda,guDi,zono,study
masno,mAwAl,yAscl,atena,mikAhEd,galTa,srA,study
tAfasa,masno,proDakto,atena,Hamst,Hamatu,lmA,study
bunA,HazagaDADa,zadE,atena,mamasra,HazagADto,taTaqAmi,study
mrmr,mA`kalA,tagaNu,atena,mrmr,wTEto,tagbArAwi,study
mA`kalA,tagbAr,yAltataragomu,atena,mrmr,waTEto,HqEndAlu,study
mAgaz,HqEndAltacAla,HanxAru,atena,mrmro,mAkAhEd,waTA,study
fAbrikA,bAlu,masmaro,atena,makAhEdu,HadAdisnA,nabAr,study
dawa,kaf,mAdrag,atena,HakAhido,mATanAqaqu,bEtu,study
gEtA,Camra,radA,atena,mrmr,takAhEda,mahonu,study
Hafar,nAmunA,tasabsbo,atena,takAhidobatAl,warA,Damro,study
lAborAtor,kAhEd,qoyawu,atena,mrmr,masarat,talay,study
mAsfAfA,cAl,mrmrnA,atena,mAkAhEd,matAqadu,yunivarsiti,study
gnzAbE,mAsCabaCA,`Awda,atena,Hadis,HababA,katamA,study
tmhrt,biro,takAhEda,atena,lyu,flAgo,tmhrt,study
masfartnA,gudAyo,sfA,atena,mangHs,mamhrA,tmhrt,study
waTAto,mAfrA,yAscl,atena,masarat,mAdrag,mahonu,study
Hamatu,maDamariyAnA,zrzr,atena,kAhEda,wanzo,wanzo,study
Hamatu,maDamariyAnA,zrzr,atena,kAhEda,wanzo,wanzo,study
wanzo,wanzo,maDamariyA,atena,qari,zrzr,TnA,study
wanzo,yAkAtta,yK,atena,miqaTla,war,Hansto,study
gEtna,Hama,zrzr,atena,takAhido,dizAy,tazagADalA,study
zamanAwi,tEknoloDi,yAdaraga,atena,wTEtAmA,mahonu,HoromiyA,study
mr,HqEdga,mAdAbariyA,atena,mangad,maTaqa,tadaraga,study
yAsclu,masno,proDakto,atena,miyAkAhid,bEtu,plAnnA,study
galaTu,masno,proDaktocu,atena,kAhEda,guDi,zono,study
guDi,zono,lmA,atena,TanAqaq,proDaktocu,yAsfalga,study
masno,mAwAl,yAscl,atena,mikAhEd,galTa,srA,study
tAfasa,masno,proDakto,atena,Hamst,Hamatu,lmA,study
mr,mAgNa,yAscl,atena,mukarA,srA,takAhEda,study
nb,qafo,HqEndAlu,atena,bEtu,bAhlAwi,mangad,study
mrmr,mAHqEkalA,takAhEda,atena,mrtAnatA,taragAgaTa,mahonA,study
whA,mAsabAsab,tEknoloDi,atena,mrmr,mAgaz,HaTanAkro,study
lEla,mahonu,srA,atena,mrmr,mAgaz,HaTanAkro,study
dngAy,kasal,miga,atena,proDaktu,waradA,HaCabo,study
wTEtAmAnatA,proDaktu,bAkAhEdA,atena,waradA,sAmbu,tabAla,study
km,miga,mAwaq,atena,nAmunA,qufAro,srA,study
yunivarsti,masarata,mrmrnA,atena,gnNuna,masarat,DApAnu,study
TEnA,zuriyA,mrmrnA,atena,mAkAhEd,mahonu,Darma,study
kAhEd,qo,`Awda,atena,mAmSA,TanAqaq,tamarAmAriwocunA,study
HqEndAla,hAyqu,saru,atena,mimalakatA,HakAlA,gbHatna,study
bunA,HazagaDADa,zadE,atena,mamasra,HazagADto,taTaqAmi,study
fta,hkmnA,bAlamuyA,atena,liyAdargu,migabA,katamA,strengthen
mrmr,mA`kalA,tagaNu,atena,mrmr,wTEto,tagbArAwi,study
zarfo,mAgaz,HqEndAltacAla,atena,mrmro,mAkAhEd,waTA,study
dawa,kaf,mAdrag,atena,HakAhido,mATanAqaqu,bEtu,study
fAbrikA,bAlu,masmaro,atena,makAhEdu,HadAdisnA,nabAr,study
maqanas,mAswagad,radA,atena,mrmr,takAhEda,mahonu,study
Hafar,nAmunA,tasabsbo,atena,takAhidobatAl,warA,Damro,study
lAborAtor,kAhEd,qoyawu,atena,mrmr,masarat,talay,study
mAsfAfA,cAl,mrmrnA,atena,mAkAhEd,matAqadu,yunivarsiti,strengthen
tanasA,Hamst,HamatA,atena,snksAr,bAnta,maxAhf,study
TnAtAwi,maraDA,mnCocu,atena,zadE,ta`AmAni,Hadis,study
CAt,gazA,rtto,atena,smu,TawA,kAlACasa,study
Haso,mgbna,baqA,atena,mrmru,tabaHsACu,HandAnd,study
SaqaTo,DamarA,Trato,atena,miqaTl,ngd,ministEr,study
galaxu,rEd,laTa,atena,masrA,miyAsfalg,tanAgrawAl,study
wTno,taSAla,daraDA,atena,mAsqaTalnA,hbratasabu,taTaqAmi,study
gAliliyo,Damara,niwta,atena,gafA,wsbsb,maslu,strengthen
bEt,CaguArA,malATu,atena,qaTluAl,bAygarmA,walo,study
TabAb,Haqmu,HakAl,atena,mAlatu,farDa,fatanA,study
HalqAydA,budnoclAy,tamasAsAy,atena,HqErmDA,mawsad,DamrAla,study
cl,HqErAsu,daraDanA,atena,Sbr,wanDal,makalAkal,study
gAliliyo,Damara,niwta,atena,gafA,wsbsb,maslu,strengthen
mAnHsA,Damaru,HqEnqsqAsE,atena,maqaTal,HalaHagbAb,tAsaru,strengthen
mAsAkA,Damara,HasarAr,atena,qaTl,HqEdl,yfaTrAl,strengthen
yAsqoTara,hulatyo,guAdaNnatA,atena,guAdaNAmocu,Tbabu,nuro,study
salAm,mansA,tagbAru,atena,liqaTl,Haycl,bils,study
tanu,nagastAtu,qoyta,atena,nagaru,tAwaqu,HqEngliz,study
tAlAlAq,suqocnnA,yzotA,atena,CAmA,suqo,TAqA,study
mamAr,mAstamAr,hida,atena,lAkuA,vidiyo,kAsEto,study
tazagADa,mrmr,mAHqEkalA,atena,proDak,bAlafu,sost,strengthen
tEknoloDi,mAdAras,srA,atena,HintarnE,marab,mazargAtnA,study
mikAhEda,Hikonomi,HqEnqsqAsE,atena,HastawAxHo,minora,HabrArta,study
TnAtnA,mrmr,mAgaz,atena,maqaTal,miyAsfalg,HasganzbawAl,strengthen
miliya,br,waCi,atena,mAsfAfAtnA,tamo,srA,study
mAmra,yAscla,TnA,atena,maqaTalu,kol,fosfE,study
TnAtnA,mrmr,mAgaz,atena,maqaTal,miyAsfalg,whA,strengthen
slk,mAsfAfA,srA,atena,maqaTal,tAhsAs,war,strengthen
tEknoloDi,mAdAras,srA,atena,HintarnE,marab,mazargAtnA,study
tazagADa,mrmr,mAHqEkalA,atena,proDak,bAlafu,sost,strengthen
HadmAsnA,mrmr,zarfo,atena,miyAsclu,tagbArA,tkura,study
mrmru,HarsoHadaro,tasAtfo,atena,taquAmu,sost,zono,study
slk,mAsfAfA,srA,atena,maqaTal,tAhsAs,war,strengthen
TnAtnA,mrmr,mAgaz,atena,maqaTal,miyAsfalg,whA,strengthen
wha,tEknoloDi,fAkAlti,atena,bAlamuyA,mAsalTa,mahonu,study
mikAhEda,Hikonomi,HqEnqsqAsE,atena,HastawAxHo,minora,HabrArta,study
mAragAgaT,mtAdarga,Trat,atena,qaTlu,HasganzbawAl,mrmrnA,study
mAmra,yAscla,TnA,atena,maqaTalu,kol,fosfE,study
proDaktu,TnA,HafATA,atena,srA,Damr,mAdrag,study
StA,HqEndAyTaqA,HakAbAbi,atena,baStA,makalAkalnA,.hkmnA,study
yAlamAnA,gabi,mnCu,atena,mAgaznA,muyAnA,mkar,study
dgAf,srA,tanasASnatA,atena,taTaqAmi,honu,mamTAtA,study
mAgNatA,srA,HaTanAkra,atena,mAstAwaqA,galTuAl,mask,study
HadmAsnA,mrmr,zarfo,atena,miyAsclu,tagbArA,tkura,study
masarata,lmAto,mazargA,atena,srA,makanAwanu,galaTu,study
rCtnA,bAhlAwi,zadE,atena,makalAkal,srA,makAhEdu,study
qoytuAl,HqEkuy,tagbAru,atena,gafA,yAla,hAlAfina,study
wTno,taSAla,daraDA,atena,mAsqaTalnA,hbratasabu,taTaqAmi,study
mASanaf,taDamara,Trat,atena,maqaTal,ygabAwAl,`Alu,strengthen
lmA,yAdarga,dgAf,atena,yqaTlAl,blawAl,l`ukA,study
dgAf,mAdrag,tkuratu,atena,misarA,tanAgrawAl,drDtu,study
gbrnA,mrmr,HaHEkstE,atena,mAsqaTal,tkura,HaqTACA,study
yAdarga,kttlnA,quTTr,atena,maqaTalu,Hadis,HababA,study
saf,yAdarga,HqEnqsqAsE,atena,yqaTlAl,HafrikA,hbra,study
mamasra,taDamara,srA,atena,maqaTal,fta,TaqamEtA,strengthen
gnzAbE,mAsCabaCA,HsrA,atena,miqaTl,TaqumawAl,HqEskA,study
gabayA,tssr,HsrA,atena,maqaTalu,galxawAl,TqAq,study
Damara,yAzna,Hama,atena,qaTl,hunEtA,yhonAl,strengthen
mahonu,mangs,tglu,atena,liqaTl,ygabAl,maCaraSA,study
masAkA,mangstAcawu,dgAfu,atena,miqaTl,HambAsAdaru,galxawAl,study
Hamasgna,qaTAy,dgAfocu,atena,qaTlu,TayqawAl,HambAsAdar,study
masTa,talamada,tbbru,atena,qaTl,TayqawAl,sil,strengthen
tkura,saTto,rbrbu,atena,maqaTal,gabA,mahonu,strengthen
HityoPyA,HakAl,mahonuA,atena,daraDA,tgaNAla,mAyAnsu,study
dAr,dars,rbrbu,atena,qaTl,Tri,mAqrabA,strengthen
hzbo,tafaTara,Handna,atena,mahonu,tanAgrawAl,gubAHE,study
mangstu,b.hEr,b.hErasabo,atena,Handna,mafTarnA,hdAsEyA,study
hagarA,malAk,gnNunatu,atena,maTA,mahonunnA,salAmnA,study
wuhA,gnbAtA,HaCr,atena,mAsrakab,Tratu,HaTanAkro,study
zonnA,waradA,daraDA,atena,qaTl,mkr,bEtu,strengthen
bzuhA,yAkAhiduA,wyyto,atena,qaTlunA,wyy,bAhlu,study
slTanA,masTa,migaNnA,atena,maqaTal,migabA,prEzidA,strengthen
faTara,mahonu,tanAgrawAl,atena,maqaTal,HityoPyA,mangs,study
HqErkAtA,mAragAgaT,tkuratu,atena,miqaTl,HamalktawAl,talay,study
mAkAfal,Damara,gnNuna,atena,maqaTal,HqEndAla,manAgarA,strengthen
mAdrag,miga,gnNuna,atena,mAsAdag,Trat,madarag,study
`AmatA,yAla,gnNuna,atena,yqaTlAl,mAlatA,HizEHa,study
hzb,tssr,zalAqina,atena,mAsqaTal,mcu,hunEtA,study
mAsfA,Damara,tra,atena,yqaTlAl,malA,HityoPyA,strengthen
Tbab,maganbAtu,hida,atena,qaTluAl,hzbA,taTaqAmina,study
gAliliyo,Damara,niwta,atena,gafA,wsbsb,maslu,strengthen
galxo,maraDA,HasabAsbonA,atena,Carasa,takatAtAy,maglaCA,study
makalAkal,HsrA,`Ama,atena,maqaTal,tAsbuAl,qadmo,strengthen
tadaraga,yAla,Trat,atena,maqaTal,HqEndAla,HasAsbuAl,strengthen
taragAgA,salAm,ybalT,atena,taDamaru,lma,srA,study
srA,HastadAdarunA,.hbratasabu,atena,miqaTl,yAlhona,viknA,study
dEmokrAsi,sra`A,gnbAtA,atena,maqaTal,dhna,malAqaq,strengthen
Haq,gnbAtAnA,dgAfo,atena,miqaTl,HastAwaqa,ganzabnA,study
brHqE,sablo,lmA,atena,maqaTal,kAlafu,HamatA,strengthen
mAmuAlA,HaTaqAlAy,Haqmu,atena,fta,Trat,yAdargAl,study
qo,dgAfnA,`gazA,atena,miqaTl,HastAwquAl,HabdEpA,study
`AmatA,yAdaraga,Trat,atena,qaTlnA,tmhar,lDE,study
`AmatA,yAdaraga,Trat,atena,qaTlnA,tmhar,lDE,study
dhna,taDamarawu,zamacA,atena,maqaTal,Hadisu,milini,strengthen
dEmokrAsi,gnbAtAwu,laTa,atena,lmA,mafATa,fta,study
Trat,Hadisu,milani,atena,maqaTal,migabA,bxaHqE,strengthen
lmA,HqEnqsqAsE,miliniyamu,atena,maqaTal,Hala,dabub,strengthen
hida,Hadisu,milini,atena,maqaTal,dhna,mAswagad,strengthen
HastadAdarnA,dEmokrAsi,gnbAtA,atena,Hadisu,milini,dhna,study
milini,dEmokrAsinA,lmA,atena,tasaTawu,tkura,zonu,study
sAyAgdawu,HqEdgatnA,blxganA,atena,sarA,HaCr,wusT,study
zonu,hbratasab,salAm,atena,lmA,tasAtfowu,mAsAdag,study
tamazagaba,Hikonomi,HqEdga,atena,hidatu,qaTAyna,mAragAgaT,study
dEmokrAsiyAwi,tssr,ybalT,atena,dh,mAsawagad,taDamara,study
mAbarakatu,Hamalkta,HqEnqsqAsE,atena,maqaTal,Hindustri,zarf,strengthen
ylqu,sda,guzo,atena,talay,HityoPyA,bzA,study
fta,kliniko,Hagalglo,atena,cgrocA,mikatala,HamatA,study
bEtu,HsrA,laTa,atena,`Amatu,TaqlAlA,miliyo,study
