Lcontext4,Lcontext3,Lcontext2,Lcontext1,target word,Rcontext1,Rcontext2,Rcontext3,Rcontext4,class
xhuf,yunivarsiti,mhurA,HakAbAbi,atena,mrmr,gN,mibAla,tagalxa,study
byE,mta,tAlAq,wandmE,atena,byE,bunA,sTaTA,bla,study
gmand,froyd,sAyko,HanAlAysis,atena,mrmr,Tqur,hzb,lAyho,study
tarA,saw,migabA,mangad,atena,muqa,hAyl,tawasana,kfl,study
yto,mAwaq,mtAdargu,kttlnA,atena,tArAmi,fta,CAnA,frhA,study
matAsabiyA,naga,wadiyA,HityoPyA,atena,mrmr,taquA,HqEndAstAqa,HqElatu,study
quTr,Hamst,mato,mahonu,atena,Taqu,holiwd,Tqur,fil,study
yAlamadAras,hunEtA,mknyAtu,mndna,atena,tamokro,tagaNa,wTE,hkmnA,study
Ha`mro,bAdo,yhonAl,sAynsAwi,atena,bAynor,zArE,SmAglE,mazabAraqu,study
Hsr`A,qayaru,hunEtA,zrzr,atena,tadargua,`Ama,tagbArAwi,miho,study
Damr,gugu,taTabAbaqku,sm,atena,guanu,tadaradaru,Hawtobso,maqnA,study
yAlu,gdbu,HsrA,liguAta,atena,dizAy,waqt,yAlnabara,rsa,study
cAl,tanasu,hasAbo,brhAnu,atena,tagaNu,r`yota,`Ala,mAsAyA,study
yunivarsiti,fta,halAfi,bAhl,atena,masfAfA,yAdaragu,trgu,yAla,study
zamanA,Tabaq,nora,hxAn,atena,tamaHsarata,kAlhona,qar,maHsaratu,study
hab,mAdrag,mahonu,qrs,atena,TbaqA,bAlaslTA,?,?,study
nAyDariyA,migaNu,bEtasabo,takA.hEda,atena,TnAtu,hida,taTayaqu,bEtasabo,study
mangado,gnbAtA,dizAy,HanA,atena,HsrA,miwla,miliyo,br,study
maTaqomA,maTqas,zagAbi,xhufu,atena,Harso,Hadaru,gbrnA,mr,study
takatAtalunA,HagarA,pArlAmAnA,mrmrnA,atena,kfl,dAyrEktar,taSuAmi,tripoli,study
.hbratasabu,maraDA,mAgNa,micl,atena,tadaraga,mahonu,hAb,mAsAwaqnA,study
waTA,HasafA,wddr,yAqaraba,atena,HEc,Hay,vi,bgrna,study
mangs,magalbaT,mil,bAstalAlafa,atena,tab,gax,xhuf,bAqaraba,study
HqEdgatnA,trAnsformE,HqEqd,tagbArA,atena,mrmr,madagafnA,Haq,gnbAtA,study
tazagADa,Hsos,qanA,`Awda,atena,stiyA,HadAmA,katamA,HEDansi,study
hagarA,maTu,tamarAmAri,TnAtocnnA,atena,wTEto,yAqarbu,mahonA,doktar,study
trAnspor,x.hfa,bEt,gabayA,atena,bAlamuyA,wbitu,bada,kulA,study
fta,mr,mAgNa,yAscl,atena,mukarA,srA,takAhEda,bAhlAwi,study
bAhlAwi,nb,qafo,HqEndAlu,atena,bEtu,bAhlAwi,mangad,nb,study
hunEtA,tawayA,qanA,Hawda,atena,Damar,tanAgaru,naTb,mato,study
Halam,Haqaf,Hawuda,TnA,atena,mrmr,xhufo,qarabu,Hawuda,study
galaTu,Hamatu,maDamariyAnA,zrzr,atena,kAhEda,wanzo,wanzo,maDamariyA,study
maDamariyA,TnAtnA,qari,zrzr,atena,darag,mahonu,yAlu,wanzo,study
kAhEda,wanzo,wanzo,maDamariyA,atena,qari,zrzr,TnA,darag,study
yAlu,wanzo,yAkAtta,yK,atena,miqaTla,war,Hansto,baDa,study
mikanAwa,gEtna,Hama,zrzr,atena,takAhido,dizAy,tazagADalA,masno,study
qolo,mr,HqEdga,mAdAbariyA,atena,mangad,maTaqa,tadaraga,mrmr,study
mAdlab,zamanAwi,tEknoloDi,yAdaraga,atena,wTEtAmA,mahonu,HoromiyA,mAstAwaqiyAnA,study
gbrnA,mrmr,mAHqEkalA,takAhEda,atena,mrtAnatA,taragAgaTa,mahonA,HastabAbAri,study
masarata,lmA,quAmi,komitE,atena,?,?,dAyrEktar,doktar,study
kuntAl,zar,dgAf,miyAsfalg,atena,matAwaqu,TnA,masarat,zar,study
dgAf,miyAsfalg,TnA,matAwaqu,atena,masarat,zar,dgAf,wl,study
plAstik,mazagADatu,HastAwuqawAl,gudA,atena,qaTAy,liwasad,gabAwu,HqErmDA,study
HsfrAwu,tagaNto,miyAdargawu,HadagA,atena,wuTE,mamaHsra,fEdErAl,HadagA,study
budn,waradAwu,manqasAqas,bAdaragawu,atena,kttl,HidAbAronA,diHadu,tabAlu,study
hAlAfi,dastA,yosEf,bAlamuyA,atena,maHsara,mAdrag,galaxu,kllu,study
tamaTACaCA,wAgA,yAga,yAscl,atena,maTanAqaqu,drDtA,zar,bAnk,study
hAylamikAHEl,kulA,mangs,proDaktu,atena,HafATA,taTanAqo,srA,Damr,study
taDamara,whA,mAsabAsab,tEknoloDi,atena,mrmr,mAgaz,HaTanAkro,maqaTal,study
tafatSa,wTEtAmAnatA,proDaktu,bAkAhEdA,atena,waradA,sAmbu,tabAla,HakAbAbi,study
galaxu,yunivarsti,masarata,mrmrnA,atena,gnNuna,masarat,DApAnu,tokuSumA,study
zuriyA,mrmr,HaDandA,mAzagADa,atena,mAkAhEd,miga,HastAwqawAl,profEsar,study
biquAquA,Hadis,HasarAr,zargto,atena,tAwaq,hunEtA,mifaTr,yAzagADa,study
qanA,kAhEd,qo,`Awda,atena,mAmSA,TanAqaq,tamarAmAriwocunA,bAlamuyA,study
mamaHsra,HqEndAla,hAyqu,saru,atena,mimalakatA,HakAlA,gbHatna,HastamAmA,study
mAlmA,yAsclu,masno,proDakto,atena,miyAkAhid,bEtu,plAnnA,progrA,study
zEnA,galaTu,masno,proDaktocu,atena,kAhEda,guDi,zono,lmA,study
mATarAqa,masno,mAwAl,yAscl,atena,mikAhEd,galTa,srA,wl,study
miyAlamu,tAfasa,masno,proDakto,atena,Hamst,Hamatu,lmA,mar.ha,study
taSASAlu,bunA,HazagaDADa,zadE,atena,mamasra,HazagADto,taTaqAmi,stawAwaqa,study
taquAmAtnA,mrmr,mA`kalA,tagaNu,atena,mrmr,wTEto,tagbArAwi,mAdrag,study
mrmr,mA`kalA,tagbAr,yAltataragomu,atena,mrmr,waTEto,HqEndAlu,tanAgaru,study
zarfo,mAgaz,HqEndAltacAla,HanxAru,atena,mrmro,mAkAhEd,waTA,ganzab,study
skuAr,fAbrikA,bAlu,masmaro,atena,makAhEdu,HadAdisnA,nabAr,masmaro,study
tamA,dawa,kaf,mAdrag,atena,HakAhido,mATanAqaqu,bEtu,lElocu,study
HqEndAlu,gEtA,Camra,radA,atena,mrmr,takAhEda,mahonu,zonu,study
mAsA,Hafar,nAmunA,tasabsbo,atena,takAhidobatAl,warA,Damro,dalE,study
mrmarA,lAborAtor,kAhEd,qoyawu,atena,mrmr,masarat,talay,qolonA,study
dras,mAsfAfA,cAl,mrmrnA,atena,mAkAhEd,matAqadu,yunivarsiti,tafaTro,study
taDamara,gnzAbE,mAsCabaCA,`Awda,atena,Hadis,HababA,katamA,gizEyAwi,study
yunivarstinA,tmhrt,biro,takAhEda,atena,lyu,flAgo,tmhrt,fta,study
salTANo,masfartnA,gudAyo,sfA,atena,mangHs,mamhrA,tmhrt,Hadis,study
clu,waTAto,mAfrA,yAscl,atena,masarat,mAdrag,mahonu,mangstAwinA,study
galaTu,Hamatu,maDamariyAnA,zrzr,atena,kAhEda,wanzo,wanzo,maDamariyA,study
galaTu,Hamatu,maDamariyAnA,zrzr,atena,kAhEda,wanzo,wanzo,maDamariyA,study
kAhEda,wanzo,wanzo,maDamariyA,atena,qari,zrzr,TnA,darag,study
yAlu,wanzo,yAkAtta,yK,atena,miqaTla,war,Hansto,baDa,study
mikanAwa,gEtna,Hama,zrzr,atena,takAhido,dizAy,tazagADalA,masno,study
mAdlab,zamanAwi,tEknoloDi,yAdaraga,atena,wTEtAmA,mahonu,HoromiyA,mAstAwaqiyAnA,study
qolo,mr,HqEdga,mAdAbariyA,atena,mangad,maTaqa,tadaraga,mrmr,study
mAlmA,yAsclu,masno,proDakto,atena,miyAkAhid,bEtu,plAnnA,progrA,study
zEnA,galaTu,masno,proDaktocu,atena,kAhEda,guDi,zono,lmA,study
kAhEda,guDi,zono,lmA,atena,TanAqaq,proDaktocu,yAsfalga,waCi,study
mATarAqa,masno,mAwAl,yAscl,atena,mikAhEd,galTa,srA,wl,study
miyAlamu,tAfasa,masno,proDakto,atena,Hamst,Hamatu,lmA,mar.ha,study
fta,mr,mAgNa,yAscl,atena,mukarA,srA,takAhEda,bAhlAwi,study
bAhlAwi,nb,qafo,HqEndAlu,atena,bEtu,bAhlAwi,mangad,nb,study
gbrnA,mrmr,mAHqEkalA,takAhEda,atena,mrtAnatA,taragAgaTa,mahonA,HastabAbAri,study
taDamara,whA,mAsabAsab,tEknoloDi,atena,mrmr,mAgaz,HaTanAkro,maqaTal,study
qaTAyna,lEla,mahonu,srA,atena,mrmr,mAgaz,HaTanAkro,maqaTal,study
ton,dngAy,kasal,miga,atena,proDaktu,waradA,HaCabo,sAmbo,study
tafatSa,wTEtAmAnatA,proDaktu,bAkAhEdA,atena,waradA,sAmbu,tabAla,HakAbAbi,study
kasal,km,miga,mAwaq,atena,nAmunA,qufAro,srA,HityoPyA,study
galaxu,yunivarsti,masarata,mrmrnA,atena,gnNuna,masarat,DApAnu,tokuSumA,study
snatawAldo,TEnA,zuriyA,mrmrnA,atena,mAkAhEd,mahonu,Darma,hagar,study
qanA,kAhEd,qo,`Awda,atena,mAmSA,TanAqaq,tamarAmAriwocunA,bAlamuyA,study
mamaHsra,HqEndAla,hAyqu,saru,atena,mimalakatA,HakAlA,gbHatna,HastamAmA,study
taSASAlu,bunA,HazagaDADa,zadE,atena,mamasra,HazagADto,taTaqAmi,stawAwaqa,study
mahonu,fta,hkmnA,bAlamuyA,atena,liyAdargu,migabA,katamA,HqEnssA,strengthen
taquAmAtnA,mrmr,mA`kalA,tagaNu,atena,mrmr,wTEto,tagbArAwi,mAdrag,study
Camro,zarfo,mAgaz,HqEndAltacAla,atena,mrmro,mAkAhEd,waTA,ganzab,study
tamA,dawa,kaf,mAdrag,atena,HakAhido,mATanAqaqu,bEtu,lElocu,study
skuAr,fAbrikA,bAlu,masmaro,atena,makAhEdu,HadAdisnA,nabAr,masmaro,study
mr,maqanas,mAswagad,radA,atena,mrmr,takAhEda,mahonu,zonu,study
mAsA,Hafar,nAmunA,tasabsbo,atena,takAhidobatAl,warA,Damro,dalE,study
mrmarA,lAborAtor,kAhEd,qoyawu,atena,mrmr,masarat,talay,qolonA,study
dras,mAsfAfA,cAl,mrmrnA,atena,mAkAhEd,matAqadu,yunivarsiti,tafaTro,strengthen
maxAhf,tanasA,Hamst,HamatA,atena,snksAr,bAnta,maxAhf,mazmuro,study
mitAwaqa,TnAtAwi,maraDA,mnCocu,atena,zadE,ta`AmAni,Hadis,dmdAmE,study
gArAnA,CAt,gazA,rtto,atena,smu,TawA,kAlACasa,gAw,study
hayq,Haso,mgbna,baqA,atena,mrmru,tabaHsACu,HandAnd,glasabo,study
fDotA,SaqaTo,DamarA,Trato,atena,miqaTl,ngd,ministEr,HastAwaqa,study
nabarA,galaxu,rEd,laTa,atena,masrA,miyAsfalg,tanAgrawAl,HsrA,study
HastadAdar,wTno,taSAla,daraDA,atena,mAsqaTalnA,hbratasabu,taTaqAmi,mAdrag,study
mAnbab,gAliliyo,Damara,niwta,atena,gafA,wsbsb,maslu,tafaTro,strengthen
mAzagADA,bEt,CaguArA,malATu,atena,qaTluAl,bAygarmA,walo,yunivarsiti,study
Harba,TabAb,Haqmu,HakAl,atena,mAlatu,farDa,fatanA,gaTama,study
gaNu,HalqAydA,budnoclAy,tamasAsAy,atena,HqErmDA,mawsad,DamrAla,prEzidA,study
makalAkal,cl,HqErAsu,daraDanA,atena,Sbr,wanDal,makalAkal,ygaNAl,study
mAnbab,gAliliyo,Damara,niwta,atena,gafA,wsbsb,maslu,tafaTro,strengthen
TyAqE,mAnHsA,Damaru,HqEnqsqAsE,atena,maqaTal,HalaHagbAb,tAsaru,polatikA,strengthen
gb,mAsAkA,Damara,HasarAr,atena,qaTl,HqEdl,yfaTrAl,bla,strengthen
HqEdmE,yAsqoTara,hulatyo,guAdaNnatA,atena,guAdaNAmocu,Tbabu,nuro,wdnatu,study
saw,salAm,mansA,tagbAru,atena,liqaTl,Haycl,bils,lamA,study
Hamaxu,tanu,nagastAtu,qoyta,atena,nagaru,tAwaqu,HqEngliz,tArik,study
kolfE,tAlAlAq,suqocnnA,yzotA,atena,CAmA,suqo,TAqA,suq,study
kAhEda,mamAr,mAstamAr,hida,atena,lAkuA,vidiyo,kAsEto,tmhrt,study
HamatA,tazagADa,mrmr,mAHqEkalA,atena,proDak,bAlafu,sost,HamatA,strengthen
kominikE,tEknoloDi,mAdAras,srA,atena,HintarnE,marab,mazargAtnA,mAsfAfA,study
HakAbAbi,mikAhEda,Hikonomi,HqEnqsqAsE,atena,HastawAxHo,minora,HabrArta,Hagalglotu,study
srA,TnAtnA,mrmr,mAgaz,atena,maqaTal,miyAsfalg,HasganzbawAl,tagbAr,strengthen
riD,miliya,br,waCi,atena,mAsfAfAtnA,tamo,srA,maDamaru,study
mAdAbaryA,mAmra,yAscla,TnA,atena,maqaTalu,kol,fosfE,mAdAbariyA,study
tEknoloDi,TnAtnA,mrmr,mAgaz,atena,maqaTal,miyAsfalg,whA,mhndsnA,strengthen
gaTar,slk,mAsfAfA,srA,atena,maqaTal,tAhsAs,war,dras,strengthen
kominikE,tEknoloDi,mAdAras,srA,atena,HintarnE,marab,mazargAtnA,mAsfAfA,study
HamatA,tazagADa,mrmr,mAHqEkalA,atena,proDak,bAlafu,sost,HamatA,strengthen
mrmr,HadmAsnA,mrmr,zarfo,atena,miyAsclu,tagbArA,tkura,saTto,study
HastAwaqa,mrmru,HarsoHadaro,tasAtfo,atena,taquAmu,sost,zono,nHus,study
gaTar,slk,mAsfAfA,srA,atena,maqaTal,tAhsAs,war,dras,strengthen
tEknoloDi,TnAtnA,mrmr,mAgaz,atena,maqaTal,miyAsfalg,whA,mhndsnA,strengthen
yunivarsti,wha,tEknoloDi,fAkAlti,atena,bAlamuyA,mAsalTa,mahonu,galTa,study
HakAbAbi,mikAhEda,Hikonomi,HqEnqsqAsE,atena,HastawAxHo,minora,HabrArta,Hagalglotu,study
gzE,mAragAgaT,mtAdarga,Trat,atena,qaTlu,HasganzbawAl,mrmrnA,Habna,study
mAdAbaryA,mAmra,yAscla,TnA,atena,maqaTalu,kol,fosfE,mAdAbariyA,study
mangs,proDaktu,TnA,HafATA,atena,srA,Damr,mAdrag,sfrA,study
walad,StA,HqEndAyTaqA,HakAbAbi,atena,baStA,makalAkalnA,.hkmnA,Hagalglo,study
Hadaru,yAlamAnA,gabi,mnCu,atena,mAgaznA,muyAnA,mkar,masTa,study
miyAdarglA,dgAf,srA,tanasASnatA,atena,taTaqAmi,honu,mamTAtA,galTawAl,study
trf,mAgNatA,srA,HaTanAkra,atena,mAstAwaqA,galTuAl,mask,gubNtu,study
mrmr,HadmAsnA,mrmr,zarfo,atena,miyAsclu,tagbArA,tkura,saTto,study
taquAmA,masarata,lmAto,mazargA,atena,srA,makanAwanu,galaTu,HabAy,study
kEmikAl,rCtnA,bAhlAwi,zadE,atena,makalAkal,srA,makAhEdu,nawu,study
mAgd,qoytuAl,HqEkuy,tagbAru,atena,gafA,yAla,hAlAfina,godala,study
HastadAdar,wTno,taSAla,daraDA,atena,mAsqaTalnA,hbratasabu,taTaqAmi,mAdrag,study
qarna,mASanaf,taDamara,Trat,atena,maqaTal,ygabAwAl,`Alu,pAnAl,strengthen
HafrikA,lmA,yAdarga,dgAf,atena,yqaTlAl,blawAl,l`ukA,budnu,study
mankabAkabnA,dgAf,mAdrag,tkuratu,atena,misarA,tanAgrawAl,drDtu,vAyrasu,study
Tmra,gbrnA,mrmr,HaHEkstE,atena,mAsqaTal,tkura,HaqTACA,riportu,study
biro,yAdarga,kttlnA,quTTr,atena,maqaTalu,Hadis,HababA,TEnA,study
xaTtA,saf,yAdarga,HqEnqsqAsE,atena,yqaTlAl,HafrikA,hbra,maqanADa,study
bEtu,mamasra,taDamara,srA,atena,maqaTal,fta,TaqamEtA,ynorawAl,strengthen
kllo,gnzAbE,mAsCabaCA,HsrA,atena,miqaTl,TaqumawAl,HqEskA,kllo,study
gnbAtAnA,gabayA,tssr,HsrA,atena,maqaTalu,galxawAl,TqAq,Hanasta,study
HagAmA,Damara,yAzna,Hama,atena,qaTl,hunEtA,yhonAl,drDtA,strengthen
tgl,mahonu,mangs,tglu,atena,liqaTl,ygabAl,maCaraSA,.hgamangstA,study
Trato,masAkA,mangstAcawu,dgAfu,atena,miqaTl,HambAsAdaru,galxawAl,HambAsAr,study
Trat,Hamasgna,qaTAy,dgAfocu,atena,qaTlu,TayqawAl,HambAsAdar,donAld,study
TqomA,masTa,talamada,tbbru,atena,qaTl,TayqawAl,sil,zagaba,strengthen
zuriyA,tkura,saTto,rbrbu,atena,maqaTal,gabA,mahonu,HaTayAyAqi,strengthen
magzA,HityoPyA,HakAl,mahonuA,atena,daraDA,tgaNAla,mAyAnsu,HagarA,study
guzo,dAr,dars,rbrbu,atena,qaTl,Tri,mAqrabA,HEf,strengthen
bhErasabocnA,hzbo,tafaTara,Handna,atena,mahonu,tanAgrawAl,gubAHE,maqalE,study
hga,mangstu,b.hEr,b.hErasabo,atena,Handna,mafTarnA,hdAsEyA,mATanAkar,study
wadatalayAyu,hagarA,malAk,gnNunatu,atena,maTA,mahonunnA,salAmnA,lmA,study
maTaT,wuhA,gnbAtA,HaCr,atena,mAsrakab,Tratu,HaTanAkro,yqaTlAl,study
kll,zonnA,waradA,daraDA,atena,qaTl,mkr,bEtu,HabAlA,strengthen
maganA,bzuhA,yAkAhiduA,wyyto,atena,qaTlunA,wyy,bAhlu,dAbr,study
hkmnAnA,slTanA,masTa,migaNnA,atena,maqaTal,migabA,prEzidA,grmA,strengthen
hunEtA,faTara,mahonu,tanAgrawAl,atena,maqaTal,HityoPyA,mangs,tabAbro,study
danbaNo,HqErkAtA,mAragAgaT,tkuratu,atena,miqaTl,HamalktawAl,talay,Hahunu,study
HafrikA,mAkAfal,Damara,gnNuna,atena,maqaTal,HqEndAla,manAgarA,wyytu,strengthen
dgAfo,mAdrag,miga,gnNuna,atena,mAsAdag,Trat,madarag,HqEndAla,study
raD,`AmatA,yAla,gnNuna,atena,yqaTlAl,mAlatA,HizEHa,Taqso,study
hzb,hzb,tssr,zalAqina,atena,mAsqaTal,mcu,hunEtA,faTr,study
`dl,mAsfA,Damara,tra,atena,yqaTlAl,malA,HityoPyA,hzbo,strengthen
HamarAr,Tbab,maganbAtu,hida,atena,qaTluAl,hzbA,taTaqAmina,ybalT,study
mAnbab,gAliliyo,Damara,niwta,atena,gafA,wsbsb,maslu,tafaTro,strengthen
HadagA,galxo,maraDA,HasabAsbonA,atena,Carasa,takatAtAy,maglaCA,qanA,study
tAya,makalAkal,HsrA,`Ama,atena,maqaTal,tAsbuAl,qadmo,HamErikA,strengthen
mayAz,tadaraga,yAla,Trat,atena,maqaTal,HqEndAla,HasAsbuAl,.hwa.hA,strengthen
yAla,taragAgA,salAm,ybalT,atena,taDamaru,lma,srA,dAr,study
Damara,srA,HastadAdarunA,.hbratasabu,atena,miqaTl,yAlhona,viknA,sab`Awi,study
lmAtnA,dEmokrAsi,sra`A,gnbAtA,atena,maqaTal,dhna,malAqaq,taDamara,strengthen
Trat,Haq,gnbAtAnA,dgAfo,atena,miqaTl,HastAwaqa,ganzabnA,Hikonomi,study
HagadAnA,brHqE,sablo,lmA,atena,maqaTal,kAlafu,HamatA,wadi,strengthen
HsarAtaNocu,mAmuAlA,HaTaqAlAy,Haqmu,atena,fta,Trat,yAdargAl,yAlu,study
yAdarg,qo,dgAfnA,`gazA,atena,miqaTl,HastAwquAl,HabdEpA,`Ama,study
lAlafu,`AmatA,yAdaraga,Trat,atena,qaTlnA,tmhar,lDE,zAf,study
lAlafu,`AmatA,yAdaraga,Trat,atena,qaTlnA,tmhar,lDE,zAf,study
tagaNtuAl,dhna,taDamarawu,zamacA,atena,maqaTal,Hadisu,milini,taSAla,strengthen
HastadAdarnA,dEmokrAsi,gnbAtAwu,laTa,atena,lmA,mafATa,fta,HastawAxHo,study
Damarnawu,Trat,Hadisu,milani,atena,maqaTal,migabA,bxaHqE,Habuna,strengthen
Damara,lmA,HqEnqsqAsE,miliniyamu,atena,maqaTal,Hala,dabub,walo,strengthen
gnbAtA,hida,Hadisu,milini,atena,maqaTal,dhna,mAswagad,manqasAqas,strengthen
malkA,HastadAdarnA,dEmokrAsi,gnbAtA,atena,Hadisu,milini,dhna,mAswagad,study
Hadisu,milini,dEmokrAsinA,lmA,atena,tasaTawu,tkura,zonu,hzb,study
lyuna,sAyAgdawu,HqEdgatnA,blxganA,atena,sarA,HaCr,wusT,dhna,study
ynorawAl,zonu,hbratasab,salAm,atena,lmA,tasAtfowu,mAsAdag,Damarawu,study
HamatA,tamazagaba,Hikonomi,HqEdga,atena,hidatu,qaTAyna,mAragAgaT,Hadis,study
.hzbo,dEmokrAsiyAwi,tssr,ybalT,atena,dh,mAsawagad,taDamara,Trat,study
HastawAxHo,mAbarakatu,Hamalkta,HqEnqsqAsE,atena,maqaTal,Hindustri,zarf,salaTana,strengthen
HamArAC,ylqu,sda,guzo,atena,talay,HityoPyA,bzA,tAdiyA,study
gl,fta,kliniko,Hagalglo,atena,cgrocA,mikatala,HamatA,HqEz,study
masriyA,bEtu,HsrA,laTa,atena,`Amatu,TaqlAlA,miliyo,br,study
