Lcontex5,Lcontext4,Lcontext3,Lcontext2,Lcontext1,target word,Rcontext1,Rcontext2,Rcontext3,Rcontext4,Rcontext5,class
yAzagADa,xhuf,yunivarsiti,mhurA,HakAbAbi,atena,mrmr,gN,mibAla,tagalxa,mAyAwqu,study
naqA,byE,mta,tAlAq,wandmE,atena,byE,bunA,sTaTA,bla,maNA,study
HafriqA,gmand,froyd,sAyko,HanAlAysis,atena,mrmr,Tqur,hzb,lAyho,nafs,study
yAw,tarA,saw,migabA,mangad,atena,muqa,hAyl,tawasana,kfl,frEyAmA,study
sawu,yto,mAwaq,mtAdargu,kttlnA,atena,tArAmi,fta,CAnA,frhA,tArAmi,study
`Ama,matAsabiyA,naga,wadiyA,HityoPyA,atena,mrmr,taquA,HqEndAstAqa,HqElatu,zakru,study
sEto,quTr,Hamst,mato,mahonu,atena,Taqu,holiwd,Tqur,fil,bAlamuyA,study
sfA,yAlamadAras,hunEtA,mknyAtu,mndna,atena,tamokro,tagaNa,wTE,hkmnA,taquAmA,study
bAl,Ha`mro,bAdo,yhonAl,sAynsAwi,atena,bAynor,zArE,SmAglE,mazabAraqu,yAw,study
liz,Hsr`A,qayaru,hunEtA,zrzr,atena,tadargua,`Ama,tagbArAwi,miho,magalaxu,study
guzo,Damr,gugu,taTabAbaqku,sm,atena,guanu,tadaradaru,Hawtobso,maqnA,zamanAwi,study
taTanAquAl,yAlu,gdbu,HsrA,liguAta,atena,dizAy,waqt,yAlnabara,rsa,mdr,study
manAgar,cAl,tanasu,hasAbo,brhAnu,atena,tagaNu,r`yota,`Ala,mAsAyA,honu,study
mamasga,yunivarsiti,fta,halAfi,bAhl,atena,masfAfA,yAdaragu,trgu,yAla,wsAnEnA,study
mato,zamanA,Tabaq,nora,hxAn,atena,tamaHsarata,kAlhona,qar,maHsaratu,HiyaHsuHs,study
`Ala,hab,mAdrag,mahonu,qrs,atena,TbaqA,bAlaslTA,?,?,dAyrEktar,study
tAnnA,nAyDariyA,migaNu,bEtasabo,takA.hEda,atena,TnAtu,hida,taTayaqu,bEtasabo,sdst,study
miyAsclA,mangado,gnbAtA,dizAy,HanA,atena,HsrA,miwla,miliyo,br,miliyo,study
TnA,maTaqomA,maTqas,zagAbi,xhufu,atena,Harso,Hadaru,gbrnA,mr,gabi,study
tmhrt,takatAtalunA,HagarA,pArlAmAnA,mrmrnA,atena,kfl,dAyrEktar,taSuAmi,tripoli,taquAquAma,study
tayAyAza,.hbratasabu,maraDA,mAgNa,micl,atena,tadaraga,mahonu,hAb,mAsAwaqnA,mzgabA,study
sarA,waTA,HasafA,wddr,yAqaraba,atena,HEc,Hay,vi,bgrna,malakiyA,study
qrbu,mangs,magalbaT,mil,bAstalAlafa,atena,tab,gax,xhuf,bAqaraba,wdAsE,study
hagaritu,HqEdgatnA,trAnsformE,HqEqd,tagbArA,atena,mrmr,madagafnA,Haq,gnbAtA,HsrA,study
matabAbar,tazagADa,Hsos,qanA,`Awda,atena,stiyA,HadAmA,katamA,HEDansi,?,study
Halam,hagarA,maTu,tamarAmAri,TnAtocnnA,atena,wTEto,yAqarbu,mahonA,doktar,ygaramu,study
HindistrinA,trAnspor,x.hfa,bEt,gabayA,atena,bAlamuyA,wbitu,bada,kulA,tadaraga,study
maTaqa,fta,mr,mAgNa,yAscl,atena,mukarA,srA,takAhEda,bAhlAwi,qafo,study
lTu,bAhlAwi,nb,qafo,HqEndAlu,atena,bEtu,bAhlAwi,mangad,nb,srA,study
micAl,hunEtA,tawayA,qanA,Hawda,atena,Damar,tanAgaru,naTb,mato,StA,study
tasAtafu,Halam,Haqaf,Hawuda,TnA,atena,mrmr,xhufo,qarabu,Hawuda,TnAtu,study
Hagalglo,galaTu,Hamatu,maDamariyAnA,zrzr,atena,kAhEda,wanzo,wanzo,maDamariyA,TnAtnA,study
wanzo,maDamariyA,TnAtnA,qari,zrzr,atena,darag,mahonu,yAlu,wanzo,Tq,study
TnA,kAhEda,wanzo,wanzo,maDamariyA,atena,qari,zrzr,TnA,darag,mahonu,study
HakAbAbi,yAlu,wanzo,yAkAtta,yK,atena,miqaTla,war,Hansto,baDa,Hamatu,study
dras,mikanAwa,gEtna,Hama,zrzr,atena,takAhido,dizAy,tazagADalA,masno,proDakto,study
mrmr,qolo,mr,HqEdga,mAdAbariyA,atena,mangad,maTaqa,tadaraga,mrmr,qada,study
bag,mAdlab,zamanAwi,tEknoloDi,yAdaraga,atena,wTEtAmA,mahonu,HoromiyA,mAstAwaqiyAnA,.hzb,study
HarakA,gbrnA,mrmr,mAHqEkalA,takAhEda,atena,mrtAnatA,taragAgaTa,mahonA,HastabAbAri,mr,study
bEt,masarata,lmA,quAmi,komitE,atena,?,?,dAyrEktar,doktar,xadaqa,study
clu,kuntAl,zar,dgAf,miyAsfalg,atena,matAwaqu,TnA,masarat,zar,dgAf,study
zar,dgAf,miyAsfalg,TnA,matAwaqu,atena,masarat,zar,dgAf,wl,br,study
Tql,plAstik,mazagADatu,HastAwuqawAl,gudA,atena,qaTAy,liwasad,gabAwu,HqErmDA,yATanA,study
budnu,HsfrAwu,tagaNto,miyAdargawu,HadagA,atena,wuTE,mamaHsra,fEdErAl,HadagA,makalAkalnA,study
mAsTanqaqiyA,budn,waradAwu,manqasAqas,bAdaragawu,atena,kttl,HidAbAronA,diHadu,tabAlu,qabalE,study
bEt,hAlAfi,dastA,yosEf,bAlamuyA,atena,maHsara,mAdrag,galaxu,kllu,kAhu,study
Hadaru,tamaTACaCA,wAgA,yAga,yAscl,atena,maTanAqaqu,drDtA,zar,bAnk,mAquAquA,study
hAbtAmu,hAylamikAHEl,kulA,mangs,proDaktu,atena,HafATA,taTanAqo,srA,Damr,mAdrag,study
hagaritu,taDamara,whA,mAsabAsab,tEknoloDi,atena,mrmr,mAgaz,HaTanAkro,maqaTal,miyAsfalg,study
nAmunA,tafatSa,wTEtAmAnatA,proDaktu,bAkAhEdA,atena,waradA,sAmbu,tabAla,HakAbAbi,kArE,study
Hagalglo,galaxu,yunivarsti,masarata,mrmrnA,atena,gnNuna,masarat,DApAnu,tokuSumA,yunivarsti,study
zaramal,zuriyA,mrmr,HaDandA,mAzagADa,atena,mAkAhEd,miga,HastAwqawAl,profEsar,yArEd,study
taquAmu,biquAquA,Hadis,HasarAr,zargto,atena,tAwaq,hunEtA,mifaTr,yAzagADa,kllu,study
katamA,qanA,kAhEd,qo,`Awda,atena,mAmSA,TanAqaq,tamarAmAriwocunA,bAlamuyA,tanAgaru,study
taquA,mamaHsra,HqEndAla,hAyqu,saru,atena,mimalakatA,HakAlA,gbHatna,HastamAmA,maraDA,study
marE,mAlmA,yAsclu,masno,proDakto,atena,miyAkAhid,bEtu,plAnnA,progrA,budn,study
HityoPyA,zEnA,galaTu,masno,proDaktocu,atena,kAhEda,guDi,zono,lmA,TnAtu,study
whA,mATarAqa,masno,mAwAl,yAscl,atena,mikAhEd,galTa,srA,wl,gabarE,study
sabl,miyAlamu,tAfasa,masno,proDakto,atena,Hamst,Hamatu,lmA,mar.ha,gbr,study
yAsclu,taSASAlu,bunA,HazagaDADa,zadE,atena,mamasra,HazagADto,taTaqAmi,stawAwaqa,mahonu,study
tmhrt,taquAmAtnA,mrmr,mA`kalA,tagaNu,atena,mrmr,wTEto,tagbArAwi,mAdrag,cgr,study
taquAmAtnA,mrmr,mA`kalA,tagbAr,yAltataragomu,atena,mrmr,waTEto,HqEndAlu,tanAgaru,mhurAnu,study
Camro,zarfo,mAgaz,HqEndAltacAla,HanxAru,atena,mrmro,mAkAhEd,waTA,ganzab,fta,study
fnCA,skuAr,fAbrikA,bAlu,masmaro,atena,makAhEdu,HadAdisnA,nabAr,masmaro,mAsfAfA,study
guabA,tamA,dawa,kaf,mAdrag,atena,HakAhido,mATanAqaqu,bEtu,lElocu,waradA,study
danbaNo,HqEndAlu,gEtA,Camra,radA,atena,mrmr,takAhEda,mahonu,zonu,gbrnAnA,study
Hadaro,mAsA,Hafar,nAmunA,tasabsbo,atena,takAhidobatAl,warA,Damro,dalE,Hafar,study
Hafar,mrmarA,lAborAtor,kAhEd,qoyawu,atena,mrmr,masarat,talay,qolonA,TEf,study
bEto,dras,mAsfAfA,cAl,mrmrnA,atena,mAkAhEd,matAqadu,yunivarsiti,tafaTro,sAyns,study
katamA,taDamara,gnzAbE,mAsCabaCA,`Awda,atena,Hadis,HababA,katamA,gizEyAwi,bAlAdarA,study
HababA,yunivarstinA,tmhrt,biro,takAhEda,atena,lyu,flAgo,tmhrt,fta,daraDA,study
kors,salTANo,masfartnA,gudAyo,sfA,atena,mangHs,mamhrA,tmhrt,Hadis,HababA,study
mAragAgaT,clu,waTAto,mAfrA,yAscl,atena,masarat,mAdrag,mahonu,mangstAwinA,mangstAwi,study
Hagalglo,galaTu,Hamatu,maDamariyAnA,zrzr,atena,kAhEda,wanzo,wanzo,maDamariyA,TnAtnA,study
Hagalglo,galaTu,Hamatu,maDamariyAnA,zrzr,atena,kAhEda,wanzo,wanzo,maDamariyA,TnAtnA,study
TnA,kAhEda,wanzo,wanzo,maDamariyA,atena,qari,zrzr,TnA,darag,mahonu,study
HakAbAbi,yAlu,wanzo,yAkAtta,yK,atena,miqaTla,war,Hansto,baDa,Hamatu,study
dras,mikanAwa,gEtna,Hama,zrzr,atena,takAhido,dizAy,tazagADalA,masno,proDakto,study
bag,mAdlab,zamanAwi,tEknoloDi,yAdaraga,atena,wTEtAmA,mahonu,HoromiyA,mAstAwaqiyAnA,.hzb,study
mrmr,qolo,mr,HqEdga,mAdAbariyA,atena,mangad,maTaqa,tadaraga,mrmr,qada,study
marE,mAlmA,yAsclu,masno,proDakto,atena,miyAkAhid,bEtu,plAnnA,progrA,budn,study
HityoPyA,zEnA,galaTu,masno,proDaktocu,atena,kAhEda,guDi,zono,lmA,TnAtu,study
TnA,kAhEda,guDi,zono,lmA,atena,TanAqaq,proDaktocu,yAsfalga,waCi,taTaqso,study
whA,mATarAqa,masno,mAwAl,yAscl,atena,mikAhEd,galTa,srA,wl,gabarE,study
sabl,miyAlamu,tAfasa,masno,proDakto,atena,Hamst,Hamatu,lmA,mar.ha,gbr,study
maTaqa,fta,mr,mAgNa,yAscl,atena,mukarA,srA,takAhEda,bAhlAwi,qafo,study
lTu,bAhlAwi,nb,qafo,HqEndAlu,atena,bEtu,bAhlAwi,mangad,nb,srA,study
HarakA,gbrnA,mrmr,mAHqEkalA,takAhEda,atena,mrtAnatA,taragAgaTa,mahonA,HastabAbAri,mr,study
hagaritu,taDamara,whA,mAsabAsab,tEknoloDi,atena,mrmr,mAgaz,HaTanAkro,maqaTal,miyAsfalg,study
tAya,qaTAyna,lEla,mahonu,srA,atena,mrmr,mAgaz,HaTanAkro,maqaTal,miyAsfalg,study
miliyo,ton,dngAy,kasal,miga,atena,proDaktu,waradA,HaCabo,sAmbo,HakAbAbi,study
nAmunA,tafatSa,wTEtAmAnatA,proDaktu,bAkAhEdA,atena,waradA,sAmbu,tabAla,HakAbAbi,kArE,study
dngAy,kasal,km,miga,mAwaq,atena,nAmunA,qufAro,srA,HityoPyA,DiHoloDikAl,study
Hagalglo,galaxu,yunivarsti,masarata,mrmrnA,atena,gnNuna,masarat,DApAnu,tokuSumA,yunivarsti,study
cgrocnA,snatawAldo,TEnA,zuriyA,mrmrnA,atena,mAkAhEd,mahonu,Darma,hagar,migaNa,study
katamA,qanA,kAhEd,qo,`Awda,atena,mAmSA,TanAqaq,tamarAmAriwocunA,bAlamuyA,tanAgaru,study
taquA,mamaHsra,HqEndAla,hAyqu,saru,atena,mimalakatA,HakAlA,gbHatna,HastamAmA,maraDA,study
yAsclu,taSASAlu,bunA,HazagaDADa,zadE,atena,mamasra,HazagADto,taTaqAmi,stawAwaqa,mahonu,study
yAltakasata,mahonu,fta,hkmnA,bAlamuyA,atena,liyAdargu,migabA,katamA,HqEnssA,TEnA,strengthen
tmhrt,taquAmAtnA,mrmr,mA`kalA,tagaNu,atena,mrmr,wTEto,tagbArAwi,mAdrag,cgr,study
wha,Camro,zarfo,mAgaz,HqEndAltacAla,atena,mrmro,mAkAhEd,waTA,ganzab,fta,study
guabA,tamA,dawa,kaf,mAdrag,atena,HakAhido,mATanAqaqu,bEtu,lElocu,waradA,study
fnCA,skuAr,fAbrikA,bAlu,masmaro,atena,makAhEdu,HadAdisnA,nabAr,masmaro,mAsfAfA,study
yAlawu,mr,maqanas,mAswagad,radA,atena,mrmr,takAhEda,mahonu,zonu,gbrnAnA,study
Hadaro,mAsA,Hafar,nAmunA,tasabsbo,atena,takAhidobatAl,warA,Damro,dalE,Hafar,study
Hafar,mrmarA,lAborAtor,kAhEd,qoyawu,atena,mrmr,masarat,talay,qolonA,TEf,study
bEto,dras,mAsfAfA,cAl,mrmrnA,atena,mAkAhEd,matAqadu,yunivarsiti,tafaTro,sAyns,strengthen
qarabul,maxAhf,tanasA,Hamst,HamatA,atena,snksAr,bAnta,maxAhf,mazmuro,TSA,study
maTaqAqas,mitAwaqa,TnAtAwi,maraDA,mnCocu,atena,zadE,ta`AmAni,Hadis,dmdAmE,yAstawAwq,study
ganzab,gArAnA,CAt,gazA,rtto,atena,smu,TawA,kAlACasa,gAw,mgb,study
HakAhido,hayq,Haso,mgbna,baqA,atena,mrmru,tabaHsACu,HandAnd,glasabo,HqEl,study
maHsaratAwi,fDotA,SaqaTo,DamarA,Trato,atena,miqaTl,ngd,ministEr,HastAwaqa,bAlafu,study
gaxtA,nabarA,galaxu,rEd,laTa,atena,masrA,miyAsfalg,tanAgrawAl,HsrA,`dl,study
malkA,HastadAdar,wTno,taSAla,daraDA,atena,mAsqaTalnA,hbratasabu,taTaqAmi,mAdrag,HamarAru,study
HagaTATmo,mAnbab,gAliliyo,Damara,niwta,atena,gafA,wsbsb,maslu,tafaTro,HqEnqsqAsE,strengthen
mAyAwqa,mAzagADA,bEt,CaguArA,malATu,atena,qaTluAl,bAygarmA,walo,yunivarsiti,rAHsu,study
hagar,Harba,TabAb,Haqmu,HakAl,atena,mAlatu,farDa,fatanA,gaTama,ymaslAl,study
somAliyA,gaNu,HalqAydA,budnoclAy,tamasAsAy,atena,HqErmDA,mawsad,DamrAla,prEzidA,bArAk,study
HadagA,makalAkal,cl,HqErAsu,daraDanA,atena,Sbr,wanDal,makalAkal,ygaNAl,taTarTAri,study
HagaTATmo,mAnbab,gAliliyo,Damara,niwta,atena,gafA,wsbsb,maslu,tafaTro,HqEnqsqAsE,strengthen
dimokrAsi,TyAqE,mAnHsA,Damaru,HqEnqsqAsE,atena,maqaTal,HalaHagbAb,tAsaru,polatikA,HqEsraNo,strengthen
Hamatu,gb,mAsAkA,Damara,HasarAr,atena,qaTl,HqEdl,yfaTrAl,bla,HqEnAmnAla,strengthen
raD,HqEdmE,yAsqoTara,hulatyo,guAdaNnatA,atena,guAdaNAmocu,Tbabu,nuro,wdnatu,ftu,study
mada,saw,salAm,mansA,tagbAru,atena,liqaTl,Haycl,bils,lamA,baqA,study
.hzbAwi,Hamaxu,tanu,nagastAtu,qoyta,atena,nagaru,tAwaqu,HqEngliz,tArik,xa.hafi,study
tarA,kolfE,tAlAlAq,suqocnnA,yzotA,atena,CAmA,suqo,TAqA,suq,wafCo,study
bEto,kAhEda,mamAr,mAstamAr,hida,atena,lAkuA,vidiyo,kAsEto,tmhrt,bEtocu,study
Hamst,HamatA,tazagADa,mrmr,mAHqEkalA,atena,proDak,bAlafu,sost,HamatA,Tru,strengthen
HinformE,kominikE,tEknoloDi,mAdAras,srA,atena,HintarnE,marab,mazargAtnA,mAsfAfA,srA,study
maDamar,HakAbAbi,mikAhEda,Hikonomi,HqEnqsqAsE,atena,HastawAxHo,minora,HabrArta,Hagalglotu,mAgNa,study
mahonu,srA,TnAtnA,mrmr,mAgaz,atena,maqaTal,miyAsfalg,HasganzbawAl,tagbAr,wl,strengthen
msrAq,riD,miliya,br,waCi,atena,mAsfAfAtnA,tamo,srA,maDamaru,HastAwaqa,study
yuriyA,mAdAbaryA,mAmra,yAscla,TnA,atena,maqaTalu,kol,fosfE,mAdAbariyA,komplEks,study
mAsabAsab,tEknoloDi,TnAtnA,mrmr,mAgaz,atena,maqaTal,miyAsfalg,whA,mhndsnA,bAlamuyA,strengthen
Damara,gaTar,slk,mAsfAfA,srA,atena,maqaTal,tAhsAs,war,dras,zonu,strengthen
HinformE,kominikE,tEknoloDi,mAdAras,srA,atena,HintarnE,marab,mazargAtnA,mAsfAfA,srA,study
Hamst,HamatA,tazagADa,mrmr,mAHqEkalA,atena,proDak,bAlafu,sost,HamatA,Tru,strengthen
tamAri,mrmr,HadmAsnA,mrmr,zarfo,atena,miyAsclu,tagbArA,tkura,saTto,manqasAqs,study
miyAkanA,HastAwaqa,mrmru,HarsoHadaro,tasAtfo,atena,taquAmu,sost,zono,nHus,mAHqEkalA,study
Damara,gaTar,slk,mAsfAfA,srA,atena,maqaTal,tAhsAs,war,dras,zonu,strengthen
mAsabAsab,tEknoloDi,TnAtnA,mrmr,mAgaz,atena,maqaTal,miyAsfalg,whA,mhndsnA,bAlamuyA,strengthen
taTaqA,yunivarsti,wha,tEknoloDi,fAkAlti,atena,bAlamuyA,mAsalTa,mahonu,galTa,mhndsnAnA,study
maDamar,HakAbAbi,mikAhEda,Hikonomi,HqEnqsqAsE,atena,HastawAxHo,minora,HabrArta,Hagalglotu,mAgNa,study
HaCr,gzE,mAragAgaT,mtAdarga,Trat,atena,qaTlu,HasganzbawAl,mrmrnA,Habna,Taqas,study
yuriyA,mAdAbaryA,mAmra,yAscla,TnA,atena,maqaTalu,kol,fosfE,mAdAbariyA,komplEks,study
kulA,mangs,proDaktu,TnA,HafATA,atena,srA,Damr,mAdrag,sfrA,nawAri,study
vEktar,walad,StA,HqEndAyTaqA,HakAbAbi,atena,baStA,makalAkalnA,.hkmnA,Hagalglo,tasaTa,study
Harso,Hadaru,yAlamAnA,gabi,mnCu,atena,mAgaznA,muyAnA,mkar,masTa,taTaqAmi,study
drDtu,miyAdarglA,dgAf,srA,tanasASnatA,atena,taTaqAmi,honu,mamTAtA,galTawAl,tantA,study
br,trf,mAgNatA,srA,HaTanAkra,atena,mAstAwaqA,galTuAl,mask,gubNtu,`AlAmA,study
tamAri,mrmr,HadmAsnA,mrmr,zarfo,atena,miyAsclu,tagbArA,tkura,saTto,manqasAqs,study
TEnA,taquAmA,masarata,lmAto,mazargA,atena,srA,makanAwanu,galaTu,HabAy,miqaTlu,study
HawuroplA,kEmikAl,rCtnA,bAhlAwi,zadE,atena,makalAkal,srA,makAhEdu,nawu,grisA,study
sgadada,mAgd,qoytuAl,HqEkuy,tagbAru,atena,gafA,yAla,hAlAfina,godala,nawTa,study
malkA,HastadAdar,wTno,taSAla,daraDA,atena,mAsqaTalnA,hbratasabu,taTaqAmi,mAdrag,HamarAru,study
dhnatnA,qarna,mASanaf,taDamara,Trat,atena,maqaTal,ygabAwAl,`Alu,pAnAl,wyy,strengthen
HityoPyAnA,HafrikA,lmA,yAdarga,dgAf,atena,yqaTlAl,blawAl,l`ukA,budnu,cAynA,study
makalAkal,mankabAkabnA,dgAf,mAdrag,tkuratu,atena,misarA,tanAgrawAl,drDtu,vAyrasu,damA,study
Hadar,Tmra,gbrnA,mrmr,HaHEkstE,atena,mAsqaTal,tkura,HaqTACA,riportu,tamalakata,study
saTu,biro,yAdarga,kttlnA,quTTr,atena,maqaTalu,Hadis,HababA,TEnA,biro,study
salAmnA,xaTtA,saf,yAdarga,HqEnqsqAsE,atena,yqaTlAl,HafrikA,hbra,maqanADa,HqEgr,study
mkr,bEtu,mamasra,taDamara,srA,atena,maqaTal,fta,TaqamEtA,ynorawAl,blawAl,strengthen
fEdErAlnA,kllo,gnzAbE,mAsCabaCA,HsrA,atena,miqaTl,TaqumawAl,HqEskA,kllo,takAhEda,study
Haq,gnbAtAnA,gabayA,tssr,HsrA,atena,maqaTalu,galxawAl,TqAq,Hanasta,srA,study
Hama,HagAmA,Damara,yAzna,Hama,atena,qaTl,hunEtA,yhonAl,drDtA,tamasarata,strengthen
kAhEd,tgl,mahonu,mangs,tglu,atena,liqaTl,ygabAl,maCaraSA,.hgamangstA,glx,study
mtAdargA,Trato,masAkA,mangstAcawu,dgAfu,atena,miqaTl,HambAsAdaru,galxawAl,HambAsAr,donAld,study
yAla,Trat,Hamasgna,qaTAy,dgAfocu,atena,qaTlu,TayqawAl,HambAsAdar,donAld,buz,study
yAgAT,TqomA,masTa,talamada,tbbru,atena,qaTl,TayqawAl,sil,zagaba,HizEHa,strengthen
gudAyo,zuriyA,tkura,saTto,rbrbu,atena,maqaTal,gabA,mahonu,HaTayAyAqi,Haydala,strengthen
HaliyA,magzA,HityoPyA,HakAl,mahonuA,atena,daraDA,tgaNAla,mAyAnsu,HagarA,ngd,study
hdAsE,guzo,dAr,dars,rbrbu,atena,qaTl,Tri,mAqrabA,HEf,bisi,strengthen
b.hEro,bhErasabocnA,hzbo,tafaTara,Handna,atena,mahonu,tanAgrawAl,gubAHE,maqalE,katamA,study
qan,hga,mangstu,b.hEr,b.hErasabo,atena,Handna,mafTarnA,hdAsEyA,mATanAkar,fAydA,study
budn,wadatalayAyu,hagarA,malAk,gnNunatu,atena,maTA,mahonunnA,salAmnA,lmA,wTE,study
hnxAnA,maTaT,wuhA,gnbAtA,HaCr,atena,mAsrakab,Tratu,HaTanAkro,yqaTlAl,blawAl,study
bEt,kll,zonnA,waradA,daraDA,atena,qaTl,mkr,bEtu,HabAlA,mulu,strengthen
pArti,maganA,bzuhA,yAkAhiduA,wyyto,atena,qaTlunA,wyy,bAhlu,dAbr,tasmAmtawAl,study
mATfA,hkmnAnA,slTanA,masTa,migaNnA,atena,maqaTal,migabA,prEzidA,grmA,maglaxA,strengthen
Hamaci,hunEtA,faTara,mahonu,tanAgrawAl,atena,maqaTal,HityoPyA,mangs,tabAbro,masrA,study
mASASAl,danbaNo,HqErkAtA,mAragAgaT,tkuratu,atena,miqaTl,HamalktawAl,talay,Hahunu,waqt,study
HqEwqa,HafrikA,mAkAfal,Damara,gnNuna,atena,maqaTal,HqEndAla,manAgarA,wyytu,takatAtalu,strengthen
HityoPyA,dgAfo,mAdrag,miga,gnNuna,atena,mAsAdag,Trat,madarag,HqEndAla,prEzidAntu,study
HityoPyA,raD,`AmatA,yAla,gnNuna,atena,yqaTlAl,mAlatA,HizEHa,Taqso,wAltA,study
Hagaro,hzb,hzb,tssr,zalAqina,atena,mAsqaTal,mcu,hunEtA,faTr,mahonu,study
tasAtfo,`dl,mAsfA,Damara,tra,atena,yqaTlAl,malA,HityoPyA,hzbo,taTaqAminatA,strengthen
sAynsAwi,HamarAr,Tbab,maganbAtu,hida,atena,qaTluAl,hzbA,taTaqAmina,ybalT,taragAgaTa,study
HagaTATmo,mAnbab,gAliliyo,Damara,niwta,atena,gafA,wsbsb,maslu,tafaTro,HqEnqsqAsE,strengthen
tafaTara,HadagA,galxo,maraDA,HasabAsbonA,atena,Carasa,takatAtAy,maglaCA,qanA,bisaT,study
dkma,tAya,makalAkal,HsrA,`Ama,atena,maqaTal,tAsbuAl,qadmo,HamErikA,prEzidA,strengthen
kompiyutar,mayAz,tadaraga,yAla,Trat,atena,maqaTal,HqEndAla,HasAsbuAl,.hwa.hA,liqamanbar,strengthen
kllu,yAla,taragAgA,salAm,ybalT,atena,taDamaru,lma,srA,dAr,mAdras,study
kllu,Damara,srA,HastadAdarunA,.hbratasabu,atena,miqaTl,yAlhona,viknA,sab`Awi,mabto,study
salAm,lmAtnA,dEmokrAsi,sra`A,gnbAtA,atena,maqaTal,dhna,malAqaq,taDamara,tgl,strengthen
midaraga,Trat,Haq,gnbAtAnA,dgAfo,atena,miqaTl,HastAwaqa,ganzabnA,Hikonomi,lmA,study
kAhEda,HagadAnA,brHqE,sablo,lmA,atena,maqaTal,kAlafu,HamatA,wadi,mrtAmAna,strengthen
HasfalAgi,HsarAtaNocu,mAmuAlA,HaTaqAlAy,Haqmu,atena,fta,Trat,yAdargAl,yAlu,tasfAy,study
waTA,yAdarg,qo,dgAfnA,`gazA,atena,miqaTl,HastAwquAl,HabdEpA,`Ama,`Al,study
mAsAdag,lAlafu,`AmatA,yAdaraga,Trat,atena,qaTlnA,tmhar,lDE,zAf,daDE,study
mAsAdag,lAlafu,`AmatA,yAdaraga,Trat,atena,qaTlnA,tmhar,lDE,zAf,daDE,study
wuTE,tagaNtuAl,dhna,taDamarawu,zamacA,atena,maqaTal,Hadisu,milini,taSAla,hywat,strengthen
malkA,HastadAdarnA,dEmokrAsi,gnbAtAwu,laTa,atena,lmA,mafATa,fta,HastawAxHo,norawu,study
macAl,Damarnawu,Trat,Hadisu,milani,atena,maqaTal,migabA,bxaHqE,Habuna,qErlos,strengthen
bAhl,Damara,lmA,HqEnqsqAsE,miliniyamu,atena,maqaTal,Hala,dabub,walo,bAlafu,strengthen
dEmokrAsi,gnbAtA,hida,Hadisu,milini,atena,maqaTal,dhna,mAswagad,manqasAqas,migabAwu,strengthen
yAlawu,malkA,HastadAdarnA,dEmokrAsi,gnbAtA,atena,Hadisu,milini,dhna,mAswagad,hbra,study
Hala,Hadisu,milini,dEmokrAsinA,lmA,atena,tasaTawu,tkura,zonu,hzb,nqA,study
hAymAno,lyuna,sAyAgdawu,HqEdgatnA,blxganA,atena,sarA,HaCr,wusT,dhna,tArik,study
HastawAxHo,ynorawAl,zonu,hbratasab,salAm,atena,lmA,tasAtfowu,mAsAdag,Damarawu,Trat,study
yhonAl,HamatA,tamazagaba,Hikonomi,HqEdga,atena,hidatu,qaTAyna,mAragAgaT,Hadis,manfas,study
b.hErasabocnA,.hzbo,dEmokrAsiyAwi,tssr,ybalT,atena,dh,mAsawagad,taDamara,Trat,yAgolab,study
kulu,HastawAxHo,mAbarakatu,Hamalkta,HqEnqsqAsE,atena,maqaTal,Hindustri,zarf,salaTana,saw,strengthen
taSAla,HamArAC,ylqu,sda,guzo,atena,talay,HityoPyA,bzA,tAdiyA,Tru,study
`AlAmA,gl,fta,kliniko,Hagalglo,atena,cgrocA,mikatala,HamatA,HqEz,ymarA,study
mahonu,masriyA,bEtu,HsrA,laTa,atena,`Amatu,TaqlAlA,miliyo,br,gabi,study
