Lcontext6,Lcontex5,Lcontext4,Lcontext3,Lcontext2,Lcontext1,target word,Rcontext1,Rcontext2,Rcontext3,Rcontext4,Rcontext5,Rcontext6,class
DagnA,yAzagADa,xhuf,yunivarsiti,mhurA,HakAbAbi,atena,mrmr,gN,mibAla,tagalxa,mAyAwqu,HadAdis,study
HamAr,naqA,byE,mta,tAlAq,wandmE,atena,byE,bunA,sTaTA,bla,maNA,yASofb,study
HityoPyAnA,HafriqA,gmand,froyd,sAyko,HanAlAysis,atena,mrmr,Tqur,hzb,lAyho,nafs,yAla,study
zarf,yAw,tarA,saw,migabA,mangad,atena,muqa,hAyl,tawasana,kfl,frEyAmA,HsrA,study
yAlA,sawu,yto,mAwaq,mtAdargu,kttlnA,atena,tArAmi,fta,CAnA,frhA,tArAmi,mAwAradnA,study
samA`tA,`Ama,matAsabiyA,naga,wadiyA,HityoPyA,atena,mrmr,taquA,HqEndAstAqa,HqElatu,zakru,TnAtAwi,study
dAyrEktaro,sEto,quTr,Hamst,mato,mahonu,atena,Taqu,holiwd,Tqur,fil,bAlamuyA,masrA,study
Hagalglo,sfA,yAlamadAras,hunEtA,mknyAtu,mndna,atena,tamokro,tagaNa,wTE,hkmnA,taquAmA,Hagalglotu,study
zm,bAl,Ha`mro,bAdo,yhonAl,sAynsAwi,atena,bAynor,zArE,SmAglE,mazabAraqu,yAw,sAraD,study
yzotA,liz,Hsr`A,qayaru,hunEtA,zrzr,atena,tadargua,`Ama,tagbArAwi,miho,magalaxu,`awADu,study
minibAsu,guzo,Damr,gugu,taTabAbaqku,sm,atena,guanu,tadaradaru,Hawtobso,maqnA,zamanAwi,HawtobsocmAskabar,study
HsrA,taTanAquAl,yAlu,gdbu,HsrA,liguAta,atena,dizAy,waqt,yAlnabara,rsa,mdr,cgr,study
HsrA,manAgar,cAl,tanasu,hasAbo,brhAnu,atena,tagaNu,r`yota,`Ala,mAsAyA,honu,Cmq,study
tgA,mamasga,yunivarsiti,fta,halAfi,bAhl,atena,masfAfA,yAdaragu,trgu,yAla,wsAnEnA,tagbAr,study
SihnA,mato,zamanA,Tabaq,nora,hxAn,atena,tamaHsarata,kAlhona,qar,maHsaratu,HiyaHsuHs,krstos,study
mAsqamaTnA,`Ala,hab,mAdrag,mahonu,qrs,atena,TbaqA,bAlaslTA,?,?,dAyrEktar,yonAs,study
pAkis,tAnnA,nAyDariyA,migaNu,bEtasabo,takA.hEda,atena,TnAtu,hida,taTayaqu,bEtasabo,sdst,mgb,study
mAwTA,miyAsclA,mangado,gnbAtA,dizAy,HanA,atena,HsrA,miwla,miliyo,br,miliyo,yAhlu,study
bAkAhEdu,TnA,maTaqomA,maTqas,zagAbi,xhufu,atena,Harso,Hadaru,gbrnA,mr,gabi,mato,study
sAyns,tmhrt,takatAtalunA,HagarA,pArlAmAnA,mrmrnA,atena,kfl,dAyrEktar,taSuAmi,tripoli,taquAquAma,biro,study
tEknoloDi,tayAyAza,.hbratasabu,maraDA,mAgNa,micl,atena,tadaraga,mahonu,hAb,mAsAwaqnA,mzgabA,srA,study
Hinstityu,sarA,waTA,HasafA,wddr,yAqaraba,atena,HEc,Hay,vi,bgrna,malakiyA,HityoPyAwi,study
tantANna,qrbu,mangs,magalbaT,mil,bAstalAlafa,atena,tab,gax,xhuf,bAqaraba,wdAsE,ngusAwi,study
Hinstityu,hagaritu,HqEdgatnA,trAnsformE,HqEqd,tagbArA,atena,mrmr,madagafnA,Haq,gnbAtA,HsrA,lyu,study
biro,matabAbar,tazagADa,Hsos,qanA,`Awda,atena,stiyA,HadAmA,katamA,HEDansi,?,?,study
gubA`E,Halam,hagarA,maTu,tamarAmAri,TnAtocnnA,atena,wTEto,yAqarbu,mahonA,doktar,ygaramu,Hamst,study
ngd,HindistrinA,trAnspor,x.hfa,bEt,gabayA,atena,bAlamuyA,wbitu,bada,kulA,tadaraga,TnA,study
qafo,maTaqa,fta,mr,mAgNa,yAscl,atena,mukarA,srA,takAhEda,bAhlAwi,qafo,`Amatu,study
qabalE,lTu,bAhlAwi,nb,qafo,HqEndAlu,atena,bEtu,bAhlAwi,mangad,nb,srA,tasamAru,study
mATanAkar,micAl,hunEtA,tawayA,qanA,Hawda,atena,Damar,tanAgaru,naTb,mato,StA,srC,study
tamarAmAri,tasAtafu,Halam,Haqaf,Hawuda,TnA,atena,mrmr,xhufo,qarabu,Hawuda,TnAtu,fta,study
zEnA,Hagalglo,galaTu,Hamatu,maDamariyAnA,zrzr,atena,kAhEda,wanzo,wanzo,maDamariyA,TnAtnA,qari,study
wanzo,wanzo,maDamariyA,TnAtnA,qari,zrzr,atena,darag,mahonu,yAlu,wanzo,Tq,wlu,study
zrzr,TnA,kAhEda,wanzo,wanzo,maDamariyA,atena,qari,zrzr,TnA,darag,mahonu,yAlu,study
TAbiyA,HakAbAbi,yAlu,wanzo,yAkAtta,yK,atena,miqaTla,war,Hansto,baDa,Hamatu,maTanAqaqiyA,study
maTanAqaqiyA,dras,mikanAwa,gEtna,Hama,zrzr,atena,takAhido,dizAy,tazagADalA,masno,proDakto,gnbAtA,study
HaTaqAqa,mrmr,qolo,mr,HqEdga,mAdAbariyA,atena,mangad,maTaqa,tadaraga,mrmr,qada,sil,study
mAragAgaT,bag,mAdlab,zamanAwi,tEknoloDi,yAdaraga,atena,wTEtAmA,mahonu,HoromiyA,mAstAwaqiyAnA,.hzb,gnNuna,study
zryA,HarakA,gbrnA,mrmr,mAHqEkalA,takAhEda,atena,mrtAnatA,taragAgaTa,mahonA,HastabAbAri,mr,darsa,study
mkr,bEt,masarata,lmA,quAmi,komitE,atena,?,?,dAyrEktar,doktar,xadaqa,HabAta,study
mazrA,clu,kuntAl,zar,dgAf,miyAsfalg,atena,matAwaqu,TnA,masarat,zar,dgAf,wl,study
kuntAl,zar,dgAf,miyAsfalg,TnA,matAwaqu,atena,masarat,zar,dgAf,wl,br,yAsfalg,study
maTalayA,Tql,plAstik,mazagADatu,HastAwuqawAl,gudA,atena,qaTAy,liwasad,gabAwu,HqErmDA,yATanA,bAlamuyA,study
tanAgrawAl,budnu,HsfrAwu,tagaNto,miyAdargawu,HadagA,atena,wuTE,mamaHsra,fEdErAl,HadagA,makalAkalnA,zgDuna,study
qdma,mAsTanqaqiyA,budn,waradAwu,manqasAqas,bAdaragawu,atena,kttl,HidAbAronA,diHadu,tabAlu,qabalE,nawAri,study
x.hfa,bEt,hAlAfi,dastA,yosEf,bAlamuyA,atena,maHsara,mAdrag,galaxu,kllu,kAhu,Damro,study
Harso,Hadaru,tamaTACaCA,wAgA,yAga,yAscl,atena,maTanAqaqu,drDtA,zar,bAnk,mAquAquA,mrT,study
HastadAdAri,hAbtAmu,hAylamikAHEl,kulA,mangs,proDaktu,atena,HafATA,taTanAqo,srA,Damr,mAdrag,sfrA,study
cAl,hagaritu,taDamara,whA,mAsabAsab,tEknoloDi,atena,mrmr,mAgaz,HaTanAkro,maqaTal,miyAsfalg,whA,study
talAku,nAmunA,tafatSa,wTEtAmAnatA,proDaktu,bAkAhEdA,atena,waradA,sAmbu,tabAla,HakAbAbi,kArE,kilomEtr,study
zEnA,Hagalglo,galaxu,yunivarsti,masarata,mrmrnA,atena,gnNuna,masarat,DApAnu,tokuSumA,yunivarsti,matabAbar,study
lD,zaramal,zuriyA,mrmr,HaDandA,mAzagADa,atena,mAkAhEd,miga,HastAwqawAl,profEsar,yArEd,HamErikA,study
mabalASatA,taquAmu,biquAquA,Hadis,HasarAr,zargto,atena,tAwaq,hunEtA,mifaTr,yAzagADa,kllu,marE,study
dAr,katamA,qanA,kAhEd,qo,`Awda,atena,mAmSA,TanAqaq,tamarAmAriwocunA,bAlamuyA,tanAgaru,wsAnE,study
galalta,taquA,mamaHsra,HqEndAla,hAyqu,saru,atena,mimalakatA,HakAlA,gbHatna,HastamAmA,maraDA,masTatnA,study
hEktAr,marE,mAlmA,yAsclu,masno,proDakto,atena,miyAkAhid,bEtu,plAnnA,progrA,budn,mari,study
HandArgE,HityoPyA,zEnA,galaTu,masno,proDaktocu,atena,kAhEda,guDi,zono,lmA,TnAtu,TanAqaq,study
gorf,whA,mATarAqa,masno,mAwAl,yAscl,atena,mikAhEd,galTa,srA,wl,gabarE,gorf,study
HaTarAqma,sabl,miyAlamu,tAfasa,masno,proDakto,atena,Hamst,Hamatu,lmA,mar.ha,gbr,HakAl,study
maTabaq,yAsclu,taSASAlu,bunA,HazagaDADa,zadE,atena,mamasra,HazagADto,taTaqAmi,stawAwaqa,mahonu,bunA,study
fta,tmhrt,taquAmAtnA,mrmr,mA`kalA,tagaNu,atena,mrmr,wTEto,tagbArAwi,mAdrag,cgr,fta,study
tmhrt,taquAmAtnA,mrmr,mA`kalA,tagbAr,yAltataragomu,atena,mrmr,waTEto,HqEndAlu,tanAgaru,mhurAnu,HasfaxAmi,study
wha,Camro,zarfo,mAgaz,HqEndAltacAla,HanxAru,atena,mrmro,mAkAhEd,waTA,ganzab,fta,mahonu,study
gEdo,fnCA,skuAr,fAbrikA,bAlu,masmaro,atena,makAhEdu,HadAdisnA,nabAr,masmaro,mAsfAfA,srA,study
masmar,guabA,tamA,dawa,kaf,mAdrag,atena,HakAhido,mATanAqaqu,bEtu,lElocu,waradA,slk,study
slk,danbaNo,HqEndAlu,gEtA,Camra,radA,atena,mrmr,takAhEda,mahonu,zonu,gbrnAnA,gaTar,study
Harso,Hadaro,mAsA,Hafar,nAmunA,tasabsbo,atena,takAhidobatAl,warA,Damro,dalE,Hafar,mrmarA,study
dalE,Hafar,mrmarA,lAborAtor,kAhEd,qoyawu,atena,mrmr,masarat,talay,qolonA,TEf,sablo,study
tmhrt,bEto,dras,mAsfAfA,cAl,mrmrnA,atena,mAkAhEd,matAqadu,yunivarsiti,tafaTro,sAyns,kolED,study
HadAmA,katamA,taDamara,gnzAbE,mAsCabaCA,`Awda,atena,Hadis,HababA,katamA,gizEyAwi,bAlAdarA,bord,study
Hadis,HababA,yunivarstinA,tmhrt,biro,takAhEda,atena,lyu,flAgo,tmhrt,fta,daraDA,miyAsfalg,study
srHata,kors,salTANo,masfartnA,gudAyo,sfA,atena,mangHs,mamhrA,tmhrt,Hadis,HababA,gl,study
lmA,mAragAgaT,clu,waTAto,mAfrA,yAscl,atena,masarat,mAdrag,mahonu,mangstAwinA,mangstAwi,kAlhonu,study
zEnA,Hagalglo,galaTu,Hamatu,maDamariyAnA,zrzr,atena,kAhEda,wanzo,wanzo,maDamariyA,TnAtnA,qari,study
zEnA,Hagalglo,galaTu,Hamatu,maDamariyAnA,zrzr,atena,kAhEda,wanzo,wanzo,maDamariyA,TnAtnA,qari,study
zrzr,TnA,kAhEda,wanzo,wanzo,maDamariyA,atena,qari,zrzr,TnA,darag,mahonu,yAlu,study
TAbiyA,HakAbAbi,yAlu,wanzo,yAkAtta,yK,atena,miqaTla,war,Hansto,baDa,Hamatu,maTanAqaqiyA,study
maTanAqaqiyA,dras,mikanAwa,gEtna,Hama,zrzr,atena,takAhido,dizAy,tazagADalA,masno,proDakto,gnbAtA,study
mAragAgaT,bag,mAdlab,zamanAwi,tEknoloDi,yAdaraga,atena,wTEtAmA,mahonu,HoromiyA,mAstAwaqiyAnA,.hzb,gnNuna,study
HaTaqAqa,mrmr,qolo,mr,HqEdga,mAdAbariyA,atena,mangad,maTaqa,tadaraga,mrmr,qada,sil,study
hEktAr,marE,mAlmA,yAsclu,masno,proDakto,atena,miyAkAhid,bEtu,plAnnA,progrA,budn,mari,study
HandArgE,HityoPyA,zEnA,galaTu,masno,proDaktocu,atena,kAhEda,guDi,zono,lmA,TnAtu,TanAqaq,study
proDaktocu,TnA,kAhEda,guDi,zono,lmA,atena,TanAqaq,proDaktocu,yAsfalga,waCi,taTaqso,mimalakata,study
gorf,whA,mATarAqa,masno,mAwAl,yAscl,atena,mikAhEd,galTa,srA,wl,gabarE,gorf,study
HaTarAqma,sabl,miyAlamu,tAfasa,masno,proDakto,atena,Hamst,Hamatu,lmA,mar.ha,gbr,HakAl,study
qafo,maTaqa,fta,mr,mAgNa,yAscl,atena,mukarA,srA,takAhEda,bAhlAwi,qafo,`Amatu,study
qabalE,lTu,bAhlAwi,nb,qafo,HqEndAlu,atena,bEtu,bAhlAwi,mangad,nb,srA,tasamAru,study
zryA,HarakA,gbrnA,mrmr,mAHqEkalA,takAhEda,atena,mrtAnatA,taragAgaTa,mahonA,HastabAbAri,mr,darsa,study
cAl,hagaritu,taDamara,whA,mAsabAsab,tEknoloDi,atena,mrmr,mAgaz,HaTanAkro,maqaTal,miyAsfalg,whA,study
wT,tAya,qaTAyna,lEla,mahonu,srA,atena,mrmr,mAgaz,HaTanAkro,maqaTal,miyAsfalg,tagbAr,study
HakAbAbi,miliyo,ton,dngAy,kasal,miga,atena,proDaktu,waradA,HaCabo,sAmbo,HakAbAbi,hAlAfi,study
talAku,nAmunA,tafatSa,wTEtAmAnatA,proDaktu,bAkAhEdA,atena,waradA,sAmbu,tabAla,HakAbAbi,kArE,kilomEtr,study
yAhl,dngAy,kasal,km,miga,mAwaq,atena,nAmunA,qufAro,srA,HityoPyA,DiHoloDikAl,sarviy,study
zEnA,Hagalglo,galaxu,yunivarsti,masarata,mrmrnA,atena,gnNuna,masarat,DApAnu,tokuSumA,yunivarsti,matabAbar,study
TEnA,cgrocnA,snatawAldo,TEnA,zuriyA,mrmrnA,atena,mAkAhEd,mahonu,Darma,hagar,migaNa,lAytask,study
dAr,katamA,qanA,kAhEd,qo,`Awda,atena,mAmSA,TanAqaq,tamarAmAriwocunA,bAlamuyA,tanAgaru,wsAnE,study
galalta,taquA,mamaHsra,HqEndAla,hAyqu,saru,atena,mimalakatA,HakAlA,gbHatna,HastamAmA,maraDA,masTatnA,study
maTabaq,yAsclu,taSASAlu,bunA,HazagaDADa,zadE,atena,mamasra,HazagADto,taTaqAmi,stawAwaqa,mahonu,bunA,study
HqEskA,yAltakasata,mahonu,fta,hkmnA,bAlamuyA,atena,liyAdargu,migabA,katamA,HqEnssA,TEnA,TbaqA,strengthen
fta,tmhrt,taquAmAtnA,mrmr,mA`kalA,tagaNu,atena,mrmr,wTEto,tagbArAwi,mAdrag,cgr,fta,study
bAlamasTatA,wha,Camro,zarfo,mAgaz,HqEndAltacAla,atena,mrmro,mAkAhEd,waTA,ganzab,fta,mahonu,study
masmar,guabA,tamA,dawa,kaf,mAdrag,atena,HakAhido,mATanAqaqu,bEtu,lElocu,waradA,slk,study
gEdo,fnCA,skuAr,fAbrikA,bAlu,masmaro,atena,makAhEdu,HadAdisnA,nabAr,masmaro,mAsfAfA,srA,study
darasa,yAlawu,mr,maqanas,mAswagad,radA,atena,mrmr,takAhEda,mahonu,zonu,gbrnAnA,gaTar,study
Harso,Hadaro,mAsA,Hafar,nAmunA,tasabsbo,atena,takAhidobatAl,warA,Damro,dalE,Hafar,mrmarA,study
dalE,Hafar,mrmarA,lAborAtor,kAhEd,qoyawu,atena,mrmr,masarat,talay,qolonA,TEf,sablo,study
tmhrt,bEto,dras,mAsfAfA,cAl,mrmrnA,atena,mAkAhEd,matAqadu,yunivarsiti,tafaTro,sAyns,kolED,strengthen
kAnta,qarabul,maxAhf,tanasA,Hamst,HamatA,atena,snksAr,bAnta,maxAhf,mazmuro,TSA,HawrEnA,study
naTbo,maTaqAqas,mitAwaqa,TnAtAwi,maraDA,mnCocu,atena,zadE,ta`AmAni,Hadis,dmdAmE,yAstawAwq,maho,study
HsAyAmra,ganzab,gArAnA,CAt,gazA,rtto,atena,smu,TawA,kAlACasa,gAw,mgb,lto,study
mrmr,HakAhido,hayq,Haso,mgbna,baqA,atena,mrmru,tabaHsACu,HandAnd,glasabo,HqEl,HaHsA,study
dras,maHsaratAwi,fDotA,SaqaTo,DamarA,Trato,atena,miqaTl,ngd,ministEr,HastAwaqa,bAlafu,smnt,study
Tru,gaxtA,nabarA,galaxu,rEd,laTa,atena,masrA,miyAsfalg,tanAgrawAl,HsrA,`dl,mafTar,study
lmAtnA,malkA,HastadAdar,wTno,taSAla,daraDA,atena,mAsqaTalnA,hbratasabu,taTaqAmi,mAdrag,HamarAru,nqA,study
fidalA,HagaTATmo,mAnbab,gAliliyo,Damara,niwta,atena,gafA,wsbsb,maslu,tafaTro,HqEnqsqAsE,hidato,strengthen
moltola,mAyAwqa,mAzagADA,bEt,CaguArA,malATu,atena,qaTluAl,bAygarmA,walo,yunivarsiti,rAHsu,cgru,study
safi,hagar,Harba,TabAb,Haqmu,HakAl,atena,mAlatu,farDa,fatanA,gaTama,ymaslAl,maraDAnA,study
mannA,somAliyA,gaNu,HalqAydA,budnoclAy,tamasAsAy,atena,HqErmDA,mawsad,DamrAla,prEzidA,bArAk,HobAmA,study
Hasqadmo,HadagA,makalAkal,cl,HqErAsu,daraDanA,atena,Sbr,wanDal,makalAkal,ygaNAl,taTarTAri,tayAzu,study
fidalA,HagaTATmo,mAnbab,gAliliyo,Damara,niwta,atena,gafA,wsbsb,maslu,tafaTro,HqEnqsqAsE,hidato,strengthen
ft,dimokrAsi,TyAqE,mAnHsA,Damaru,HqEnqsqAsE,atena,maqaTal,HalaHagbAb,tAsaru,polatikA,HqEsraNo,fatu,strengthen
mHqEta,Hamatu,gb,mAsAkA,Damara,HasarAr,atena,qaTl,HqEdl,yfaTrAl,bla,HqEnAmnAla,tgrAy,strengthen
mamasAsalA,raD,HqEdmE,yAsqoTara,hulatyo,guAdaNnatA,atena,guAdaNAmocu,Tbabu,nuro,wdnatu,ftu,madhani,study
nagar,mada,saw,salAm,mansA,tagbAru,atena,liqaTl,Haycl,bils,lamA,baqA,lam,study
maqomA,.hzbAwi,Hamaxu,tanu,nagastAtu,qoyta,atena,nagaru,tAwaqu,HqEngliz,tArik,xa.hafi,galxa,study
militErinA,tarA,kolfE,tAlAlAq,suqocnnA,yzotA,atena,CAmA,suqo,TAqA,suq,wafCo,quAt,study
tmhrt,bEto,kAhEda,mamAr,mAstamAr,hida,atena,lAkuA,vidiyo,kAsEto,tmhrt,bEtocu,tasaTtawAl,study
kulA,Hamst,HamatA,tazagADa,mrmr,mAHqEkalA,atena,proDak,bAlafu,sost,HamatA,Tru,wTE,strengthen
taDamarawu,HinformE,kominikE,tEknoloDi,mAdAras,srA,atena,HintarnE,marab,mazargAtnA,mAsfAfA,srA,takanAwana,study
Hagalglotu,maDamar,HakAbAbi,mikAhEda,Hikonomi,HqEnqsqAsE,atena,HastawAxHo,minora,HabrArta,Hagalglotu,mAgNa,TyAqE,study
lEla,mahonu,srA,TnAtnA,mrmr,mAgaz,atena,maqaTal,miyAsfalg,HasganzbawAl,tagbAr,wl,botA,strengthen
samE,msrAq,riD,miliya,br,waCi,atena,mAsfAfAtnA,tamo,srA,maDamaru,HastAwaqa,riDnu,study
kasal,yuriyA,mAdAbaryA,mAmra,yAscla,TnA,atena,maqaTalu,kol,fosfE,mAdAbariyA,komplEks,proDak,study
whA,mAsabAsab,tEknoloDi,TnAtnA,mrmr,mAgaz,atena,maqaTal,miyAsfalg,whA,mhndsnA,bAlamuyA,Hasganazabu,strengthen
DamrawAl,Damara,gaTar,slk,mAsfAfA,srA,atena,maqaTal,tAhsAs,war,dras,zonu,waradA,strengthen
taDamarawu,HinformE,kominikE,tEknoloDi,mAdAras,srA,atena,HintarnE,marab,mazargAtnA,mAsfAfA,srA,takanAwana,study
kulA,Hamst,HamatA,tazagADa,mrmr,mAHqEkalA,atena,proDak,bAlafu,sost,HamatA,Tru,wTE,strengthen
mamhrAnnA,tamAri,mrmr,HadmAsnA,mrmr,zarfo,atena,miyAsclu,tagbArA,tkura,saTto,manqasAqs,mahonu,study
proDakto,miyAkanA,HastAwaqa,mrmru,HarsoHadaro,tasAtfo,atena,taquAmu,sost,zono,nHus,mAHqEkalA,HqEkaftAla,study
DamrawAl,Damara,gaTar,slk,mAsfAfA,srA,atena,maqaTal,tAhsAs,war,dras,zonu,waradA,strengthen
whA,mAsabAsab,tEknoloDi,TnAtnA,mrmr,mAgaz,atena,maqaTal,miyAsfalg,whA,mhndsnA,bAlamuyA,Hasganazabu,strengthen
HqETra,taTaqA,yunivarsti,wha,tEknoloDi,fAkAlti,atena,bAlamuyA,mAsalTa,mahonu,galTa,mhndsnAnA,wha,study
Hagalglotu,maDamar,HakAbAbi,mikAhEda,Hikonomi,HqEnqsqAsE,atena,HastawAxHo,minora,HabrArta,Hagalglotu,mAgNa,TyAqE,study
wAstnA,HaCr,gzE,mAragAgaT,mtAdarga,Trat,atena,qaTlu,HasganzbawAl,mrmrnA,Habna,Taqas,blawAl,study
kasal,yuriyA,mAdAbaryA,mAmra,yAscla,TnA,atena,maqaTalu,kol,fosfE,mAdAbariyA,komplEks,proDak,study
hAylamikAHEl,kulA,mangs,proDaktu,TnA,HafATA,atena,srA,Damr,mAdrag,sfrA,nawAri,makfalnA,study
wabAnA,vEktar,walad,StA,HqEndAyTaqA,HakAbAbi,atena,baStA,makalAkalnA,.hkmnA,Hagalglo,tasaTa,mahonu,study
mAsmaTA,Harso,Hadaru,yAlamAnA,gabi,mnCu,atena,mAgaznA,muyAnA,mkar,masTa,taTaqAmi,daraga,study
mahonu,drDtu,miyAdarglA,dgAf,srA,tanasASnatA,atena,taTaqAmi,honu,mamTAtA,galTawAl,tantA,waradA,study
br,br,trf,mAgNatA,srA,HaTanAkra,atena,mAstAwaqA,galTuAl,mask,gubNtu,`AlAmA,Harso,study
mamhrAnnA,tamAri,mrmr,HadmAsnA,mrmr,zarfo,atena,miyAsclu,tagbArA,tkura,saTto,manqasAqs,mahonu,study
tmhrtnA,TEnA,taquAmA,masarata,lmAto,mazargA,atena,srA,makanAwanu,galaTu,HabAy,miqaTlu,HamatA,study
HakAbAbiwu,HawuroplA,kEmikAl,rCtnA,bAhlAwi,zadE,atena,makalAkal,srA,makAhEdu,nawu,grisA,wafo,study
Torna,sgadada,mAgd,qoytuAl,HqEkuy,tagbAru,atena,gafA,yAla,hAlAfina,godala,nawTa,HamarAr,study
lmAtnA,malkA,HastadAdar,wTno,taSAla,daraDA,atena,mAsqaTalnA,hbratasabu,taTaqAmi,mAdrag,HamarAru,nqA,study
mAgol,dhnatnA,qarna,mASanaf,taDamara,Trat,atena,maqaTal,ygabAwAl,`Alu,pAnAl,wyy,gT,strengthen
mangs,HityoPyAnA,HafrikA,lmA,yAdarga,dgAf,atena,yqaTlAl,blawAl,l`ukA,budnu,cAynA,mangs,study
dras,makalAkal,mankabAkabnA,dgAf,mAdrag,tkuratu,atena,misarA,tanAgrawAl,drDtu,vAyrasu,damA,yAlabA,study
Harso,Hadar,Tmra,gbrnA,mrmr,HaHEkstE,atena,mAsqaTal,tkura,HaqTACA,riportu,tamalakata,Hsosta,study
Hagalglo,saTu,biro,yAdarga,kttlnA,quTTr,atena,maqaTalu,Hadis,HababA,TEnA,biro,HastAwquAl,study
HafrikA,salAmnA,xaTtA,saf,yAdarga,HqEnqsqAsE,atena,yqaTlAl,HafrikA,hbra,maqanADa,HqEgr,kuAs,study
maqoyatu,mkr,bEtu,mamasra,taDamara,srA,atena,maqaTal,fta,TaqamEtA,ynorawAl,blawAl,Hadis,strengthen
HEDansi,fEdErAlnA,kllo,gnzAbE,mAsCabaCA,HsrA,atena,miqaTl,TaqumawAl,HqEskA,kllo,takAhEda,mzgabAnA,study
mafTar,Haq,gnbAtAnA,gabayA,tssr,HsrA,atena,maqaTalu,galxawAl,TqAq,Hanasta,srA,masko,study
bAlafa,Hama,HagAmA,Damara,yAzna,Hama,atena,qaTl,hunEtA,yhonAl,drDtA,tamasarata,Hama,strengthen
mahakal,kAhEd,tgl,mahonu,mangs,tglu,atena,liqaTl,ygabAl,maCaraSA,.hgamangstA,glx,tamalakata,study
mAsAkA,mtAdargA,Trato,masAkA,mangstAcawu,dgAfu,atena,miqaTl,HambAsAdaru,galxawAl,HambAsAr,donAld,buz,study
daraga,yAla,Trat,Hamasgna,qaTAy,dgAfocu,atena,qaTlu,TayqawAl,HambAsAdar,donAld,buz,kllu,study
zwwr,yAgAT,TqomA,masTa,talamada,tbbru,atena,qaTl,TayqawAl,sil,zagaba,HizEHa,drEdA,strengthen
minorA,gudAyo,zuriyA,tkura,saTto,rbrbu,atena,maqaTal,gabA,mahonu,HaTayAyAqi,Haydala,xhuf,strengthen
maSaT,HaliyA,magzA,HityoPyA,HakAl,mahonuA,atena,daraDA,tgaNAla,mAyAnsu,HagarA,ngd,lwwT,study
taTanAqaqa,hdAsE,guzo,dAr,dars,rbrbu,atena,qaTl,Tri,mAqrabA,HEf,bisi,zagbuAl,strengthen
`latu,b.hEro,bhErasabocnA,hzbo,tafaTara,Handna,atena,mahonu,tanAgrawAl,gubAHE,maqalE,katamA,takabara,study
hzbo,qan,hga,mangstu,b.hEr,b.hErasabo,atena,Handna,mafTarnA,hdAsEyA,mATanAkar,fAydA,golA,study
lHukA,budn,wadatalayAyu,hagarA,malAk,gnNunatu,atena,maTA,mahonunnA,salAmnA,lmA,wTE,tAya,study
fAbrikA,hnxAnA,maTaT,wuhA,gnbAtA,HaCr,atena,mAsrakab,Tratu,HaTanAkro,yqaTlAl,blawAl,mkr,study
mkr,bEt,kll,zonnA,waradA,daraDA,atena,qaTl,mkr,bEtu,HabAlA,mulu,dmx,strengthen
yAdaragu,pArti,maganA,bzuhA,yAkAhiduA,wyyto,atena,qaTlunA,wyy,bAhlu,dAbr,tasmAmtawAl,zArE,study
trAkomA,mATfA,hkmnAnA,slTanA,masTa,migaNnA,atena,maqaTal,migabA,prEzidA,grmA,maglaxA,wyytu,strengthen
mangHs,Hamaci,hunEtA,faTara,mahonu,tanAgrawAl,atena,maqaTal,HityoPyA,mangs,tabAbro,masrA,flAgo,study
TrA,mASASAl,danbaNo,HqErkAtA,mAragAgaT,tkuratu,atena,miqaTl,HamalktawAl,talay,Hahunu,waqt,HasAsAbi,study
yAla,HqEwqa,HafrikA,mAkAfal,Damara,gnNuna,atena,maqaTal,HqEndAla,manAgarA,wyytu,takatAtalu,gudAy,strengthen
mAhbaru,HityoPyA,dgAfo,mAdrag,miga,gnNuna,atena,mAsAdag,Trat,madarag,HqEndAla,prEzidAntu,HasAsbawAl,study
mAhbaru,HityoPyA,raD,`AmatA,yAla,gnNuna,atena,yqaTlAl,mAlatA,HizEHa,Taqso,wAltA,HinformE,study
makAhEdu,Hagaro,hzb,hzb,tssr,zalAqina,atena,mAsqaTal,mcu,hunEtA,faTr,mahonu,tanAgrawAl,study
mamakAkarnA,tasAtfo,`dl,mAsfA,Damara,tra,atena,yqaTlAl,malA,HityoPyA,hzbo,taTaqAminatA,mAragAgaT,strengthen
yAmak,sAynsAwi,HamarAr,Tbab,maganbAtu,hida,atena,qaTluAl,hzbA,taTaqAmina,ybalT,taragAgaTa,ygaNAl,study
fidalA,HagaTATmo,mAnbab,gAliliyo,Damara,niwta,atena,gafA,wsbsb,maslu,tafaTro,HqEnqsqAsE,hidato,strengthen
`la,tafaTara,HadagA,galxo,maraDA,HasabAsbonA,atena,Carasa,takatAtAy,maglaCA,qanA,bisaT,noro,study
HanxAr,dkma,tAya,makalAkal,HsrA,`Ama,atena,maqaTal,tAsbuAl,qadmo,HamErikA,prEzidA,DorD,strengthen
mAsabAsabnA,kompiyutar,mayAz,tadaraga,yAla,Trat,atena,maqaTal,HqEndAla,HasAsbuAl,.hwa.hA,liqamanbar,malas,strengthen
.hbratasabu,kllu,yAla,taragAgA,salAm,ybalT,atena,taDamaru,lma,srA,dAr,mAdras,manqasAqas,study
draDtu,kllu,Damara,srA,HastadAdarunA,.hbratasabu,atena,miqaTl,yAlhona,viknA,sab`Awi,mabto,mrmrnA,study
takanAwanu,salAm,lmAtnA,dEmokrAsi,sra`A,gnbAtA,atena,maqaTal,dhna,malAqaq,taDamara,tgl,dl,strengthen
matagbar,midaraga,Trat,Haq,gnbAtAnA,dgAfo,atena,miqaTl,HastAwaqa,ganzabnA,Hikonomi,lmA,ministr,study
NarogrAmo,kAhEda,HagadAnA,brHqE,sablo,lmA,atena,maqaTal,kAlafu,HamatA,wadi,mrtAmAna,maCamar,strengthen
bEtu,HasfalAgi,HsarAtaNocu,mAmuAlA,HaTaqAlAy,Haqmu,atena,fta,Trat,yAdargAl,yAlu,tasfAy,hiHsAb,study
drSA,waTA,yAdarg,qo,dgAfnA,`gazA,atena,miqaTl,HastAwquAl,HabdEpA,`Ama,`Al,HabAlAtu,study
quAnquA,mAsAdag,lAlafu,`AmatA,yAdaraga,Trat,atena,qaTlnA,tmhar,lDE,zAf,daDE,kllu,study
quAnquA,mAsAdag,lAlafu,`AmatA,yAdaraga,Trat,atena,qaTlnA,tmhar,lDE,zAf,daDE,kllu,study
mAynAq,wuTE,tagaNtuAl,dhna,taDamarawu,zamacA,atena,maqaTal,Hadisu,milini,taSAla,hywat,mamrA,strengthen
HasganzbawAl,malkA,HastadAdarnA,dEmokrAsi,gnbAtAwu,laTa,atena,lmA,mafATa,fta,HastawAxHo,norawu,kulu,study
maTaqa,macAl,Damarnawu,Trat,Hadisu,milani,atena,maqaTal,migabA,bxaHqE,Habuna,qErlos,Hasganazabu,strengthen
srA,bAhl,Damara,lmA,HqEnqsqAsE,miliniyamu,atena,maqaTal,Hala,dabub,walo,bAlafu,`AmatA,strengthen
HastadAdarnA,dEmokrAsi,gnbAtA,hida,Hadisu,milini,atena,maqaTal,dhna,mAswagad,manqasAqas,migabAwu,zonu,strengthen
takAhEda,yAlawu,malkA,HastadAdarnA,dEmokrAsi,gnbAtA,atena,Hadisu,milini,dhna,mAswagad,hbra,manqasAqas,study
manqasAqas,Hala,Hadisu,milini,dEmokrAsinA,lmA,atena,tasaTawu,tkura,zonu,hzb,nqA,masAtaf,study
HamalakAkatnA,hAymAno,lyuna,sAyAgdawu,HqEdgatnA,blxganA,atena,sarA,HaCr,wusT,dhna,tArik,Hadrgo,study
fta,HastawAxHo,ynorawAl,zonu,hbratasab,salAm,atena,lmA,tasAtfowu,mAsAdag,Damarawu,Trat,zalAqi,study
TanAkr,yhonAl,HamatA,tamazagaba,Hikonomi,HqEdga,atena,hidatu,qaTAyna,mAragAgaT,Hadis,manfas,HqEnqsqasE,study
b.hEr,b.hErasabocnA,.hzbo,dEmokrAsiyAwi,tssr,ybalT,atena,dh,mAsawagad,taDamara,Trat,yAgolab,zaman,study
mAfrA,kulu,HastawAxHo,mAbarakatu,Hamalkta,HqEnqsqAsE,atena,maqaTal,Hindustri,zarf,salaTana,saw,hayl,strengthen
sda,taSAla,HamArAC,ylqu,sda,guzo,atena,talay,HityoPyA,bzA,tAdiyA,Tru,HaqabAbal,study
xu.hufE,`AlAmA,gl,fta,kliniko,Hagalglo,atena,cgrocA,mikatala,HamatA,HqEz,ymarA,hAgarA,study
gabi,mahonu,masriyA,bEtu,HsrA,laTa,atena,`Amatu,TaqlAlA,miliyo,br,gabi,masabsab,study
