Lcontext7,Lcontext6,Lcontex5,Lcontext4,Lcontext3,Lcontext2,Lcontext1,target word,Rcontext1,Rcontext2,Rcontext3,Rcontext4,Rcontext5,Rcontext6,Rcontext7,class
HityoPyA,DagnA,yAzagADa,xhuf,yunivarsiti,mhurA,HakAbAbi,atena,mrmr,gN,mibAla,tagalxa,mAyAwqu,HadAdis,HqEwnato,study
mta,HamAr,naqA,byE,mta,tAlAq,wandmE,atena,byE,bunA,sTaTA,bla,maNA,yASofb,mknyAtu,study
ft,HityoPyAnA,HafriqA,gmand,froyd,sAyko,HanAlAysis,atena,mrmr,Tqur,hzb,lAyho,nafs,yAla,saw,study
fiziks,zarf,yAw,tarA,saw,migabA,mangad,atena,muqa,hAyl,tawasana,kfl,frEyAmA,HsrA,maTaqa,study
bAhry,yAlA,sawu,yto,mAwaq,mtAdargu,kttlnA,atena,tArAmi,fta,CAnA,frhA,tArAmi,mAwAradnA,madabdab,study
yAlaqu,samA`tA,`Ama,matAsabiyA,naga,wadiyA,HityoPyA,atena,mrmr,taquA,HqEndAstAqa,HqElatu,zakru,TnAtAwi,mrmr,study
fil,dAyrEktaro,sEto,quTr,Hamst,mato,mahonu,atena,Taqu,holiwd,Tqur,fil,bAlamuyA,masrA,HqEdl,study
HqEruCA,Hagalglo,sfA,yAlamadAras,hunEtA,mknyAtu,mndna,atena,tamokro,tagaNa,wTE,hkmnA,taquAmA,Hagalglotu,HalamasTatAcawHa`mro,study
zm,zm,bAl,Ha`mro,bAdo,yhonAl,sAynsAwi,atena,bAynor,zArE,SmAglE,mazabAraqu,yAw,sAraD,lzabArq,study
nabAr,yzotA,liz,Hsr`A,qayaru,hunEtA,zrzr,atena,tadargua,`Ama,tagbArAwi,miho,magalaxu,`awADu,mawTAtu,study
baqi,minibAsu,guzo,Damr,gugu,taTabAbaqku,sm,atena,guanu,tadaradaru,Hawtobso,maqnA,zamanAwi,HawtobsocmAskabar,Hsos,study
HabzA,HsrA,taTanAquAl,yAlu,gdbu,HsrA,liguAta,atena,dizAy,waqt,yAlnabara,rsa,mdr,cgr,gdbu,study
lAqa,HsrA,manAgar,cAl,tanasu,hasAbo,brhAnu,atena,tagaNu,r`yota,`Ala,mAsAyA,honu,Cmq,flsfnA,study
bAdaraga,tgA,mamasga,yunivarsiti,fta,halAfi,bAhl,atena,masfAfA,yAdaragu,trgu,yAla,wsAnEnA,tagbAr,ybal,study
HayAlE,SihnA,mato,zamanA,Tabaq,nora,hxAn,atena,tamaHsarata,kAlhona,qar,maHsaratu,HiyaHsuHs,krstos,tawalada,study
hunEtA,mAsqamaTnA,`Ala,hab,mAdrag,mahonu,qrs,atena,TbaqA,bAlaslTA,?,?,dAyrEktar,yonAs,dastA,study
bAng,pAkis,tAnnA,nAyDariyA,migaNu,bEtasabo,takA.hEda,atena,TnAtu,hida,taTayaqu,bEtasabo,sdst,mgb,mAgNa,study
gabayA,mAwTA,miyAsclA,mangado,gnbAtA,dizAy,HanA,atena,HsrA,miwla,miliyo,br,miliyo,yAhlu,fEdarAl,study
bAnk,bAkAhEdu,TnA,maTaqomA,maTqas,zagAbi,xhufu,atena,Harso,Hadaru,gbrnA,mr,gabi,mato,maCamar,study
polatikA,sAyns,tmhrt,takatAtalunA,HagarA,pArlAmAnA,mrmrnA,atena,kfl,dAyrEktar,taSuAmi,tripoli,taquAquAma,biro,mamrA,study
kompiwtar,tEknoloDi,tayAyAza,.hbratasabu,maraDA,mAgNa,micl,atena,tadaraga,mahonu,hAb,mAsAwaqnA,mzgabA,srA,Hagaritu,study
mrmr,Hinstityu,sarA,waTA,HasafA,wddr,yAqaraba,atena,HEc,Hay,vi,bgrna,malakiyA,HityoPyAwi,HababA,study
polatikA,tantANna,qrbu,mangs,magalbaT,mil,bAstalAlafa,atena,tab,gax,xhuf,bAqaraba,wdAsE,ngusAwi,mangs,study
Halam`Aqaf,Hinstityu,hagaritu,HqEdgatnA,trAnsformE,HqEqd,tagbArA,atena,mrmr,madagafnA,Haq,gnbAtA,HsrA,lyu,tkura,study
TEnA,biro,matabAbar,tazagADa,Hsos,qanA,`Awda,atena,stiyA,HadAmA,katamA,HEDansi,?,?,dAyrEktar,study
ygaramu,gubA`E,Halam,hagarA,maTu,tamarAmAri,TnAtocnnA,atena,wTEto,yAqarbu,mahonA,doktar,ygaramu,Hamst,qanA,study
zon,ngd,HindistrinA,trAnspor,x.hfa,bEt,gabayA,atena,bAlamuyA,wbitu,bada,kulA,tadaraga,TnA,mrto,study
zamanAwi,qafo,maTaqa,fta,mr,mAgNa,yAscl,atena,mukarA,srA,takAhEda,bAhlAwi,qafo,`Amatu,kuntAl,study
gaTar,qabalE,lTu,bAhlAwi,nb,qafo,HqEndAlu,atena,bEtu,bAhlAwi,mangad,nb,srA,tasamAru,Hamst,study
makalAkal,mATanAkar,micAl,hunEtA,tawayA,qanA,Hawda,atena,Damar,tanAgaru,naTb,mato,StA,srC,Hahunu,study
maTu,tamarAmAri,tasAtafu,Halam,Haqaf,Hawuda,TnA,atena,mrmr,xhufo,qarabu,Hawuda,TnAtu,fta,lmd,study
HityoPyA,zEnA,Hagalglo,galaTu,Hamatu,maDamariyAnA,zrzr,atena,kAhEda,wanzo,wanzo,maDamariyA,TnAtnA,qari,zrzr,study
kAhEda,wanzo,wanzo,maDamariyA,TnAtnA,qari,zrzr,atena,darag,mahonu,yAlu,wanzo,Tq,wlu,hEktAr,study
maDamariyAnA,zrzr,TnA,kAhEda,wanzo,wanzo,maDamariyA,atena,qari,zrzr,TnA,darag,mahonu,yAlu,wanzo,study
yAdargu,TAbiyA,HakAbAbi,yAlu,wanzo,yAkAtta,yK,atena,miqaTla,war,Hansto,baDa,Hamatu,maTanAqaqiyA,dras,study
Hamatu,maTanAqaqiyA,dras,mikanAwa,gEtna,Hama,zrzr,atena,takAhido,dizAy,tazagADalA,masno,proDakto,gnbAtA,qrbu,study
mAdAbariyA,HaTaqAqa,mrmr,qolo,mr,HqEdga,mAdAbariyA,atena,mangad,maTaqa,tadaraga,mrmr,qada,sil,hEktAr,study
wAstnA,mAragAgaT,bag,mAdlab,zamanAwi,tEknoloDi,yAdaraga,atena,wTEtAmA,mahonu,HoromiyA,mAstAwaqiyAnA,.hzb,gnNuna,biro,study
sbl,zryA,HarakA,gbrnA,mrmr,mAHqEkalA,takAhEda,atena,mrtAnatA,taragAgaTa,mahonA,HastabAbAri,mr,darsa,sabu,study
tawakAyo,mkr,bEt,masarata,lmA,quAmi,komitE,atena,?,?,dAyrEktar,doktar,xadaqa,HabAta,DmA,study
sablo,mazrA,clu,kuntAl,zar,dgAf,miyAsfalg,atena,matAwaqu,TnA,masarat,zar,dgAf,wl,br,study
clu,kuntAl,zar,dgAf,miyAsfalg,TnA,matAwaqu,atena,masarat,zar,dgAf,wl,br,yAsfalg,mahonulakllu,study
yAlawunA,maTalayA,Tql,plAstik,mazagADatu,HastAwuqawAl,gudA,atena,qaTAy,liwasad,gabAwu,HqErmDA,yATanA,bAlamuyA,budn,study
minqasAqas,tanAgrawAl,budnu,HsfrAwu,tagaNto,miyAdargawu,HadagA,atena,wuTE,mamaHsra,fEdErAl,HadagA,makalAkalnA,zgDuna,HEDansi,study
nawu,qdma,mAsTanqaqiyA,budn,waradAwu,manqasAqas,bAdaragawu,atena,kttl,HidAbAronA,diHadu,tabAlu,qabalE,nawAri,mulu,study
qrnCAf,x.hfa,bEt,hAlAfi,dastA,yosEf,bAlamuyA,atena,maHsara,mAdrag,galaxu,kllu,kAhu,Damro,miqaTlu,study
HanxAr,Harso,Hadaru,tamaTACaCA,wAgA,yAga,yAscl,atena,maTanAqaqu,drDtA,zar,bAnk,mAquAquA,mrT,zryA,study
waradA,HastadAdAri,hAbtAmu,hAylamikAHEl,kulA,mangs,proDaktu,atena,HafATA,taTanAqo,srA,Damr,mAdrag,sfrA,nawAri,study
mAragAgaT,cAl,hagaritu,taDamara,whA,mAsabAsab,tEknoloDi,atena,mrmr,mAgaz,HaTanAkro,maqaTal,miyAsfalg,whA,mhndsnA,study
tadagAgAmi,talAku,nAmunA,tafatSa,wTEtAmAnatA,proDaktu,bAkAhEdA,atena,waradA,sAmbu,tabAla,HakAbAbi,kArE,kilomEtr,botA,study
HityoPayA,zEnA,Hagalglo,galaxu,yunivarsti,masarata,mrmrnA,atena,gnNuna,masarat,DApAnu,tokuSumA,yunivarsti,matabAbar,HEc,study
saw,lD,zaramal,zuriyA,mrmr,HaDandA,mAzagADa,atena,mAkAhEd,miga,HastAwqawAl,profEsar,yArEd,HamErikA,hagar,study
qoTAri,mabalASatA,taquAmu,biquAquA,Hadis,HasarAr,zargto,atena,tAwaq,hunEtA,mifaTr,yAzagADa,kllu,marE,HastadAdarnA,study
bAhr,dAr,katamA,qanA,kAhEd,qo,`Awda,atena,mAmSA,TanAqaq,tamarAmAriwocunA,bAlamuyA,tanAgaru,wsAnE,hAsAbu,study
yAscal,galalta,taquA,mamaHsra,HqEndAla,hAyqu,saru,atena,mimalakatA,HakAlA,gbHatna,HastamAmA,maraDA,masTatnA,hAyqu,study
Hama,hEktAr,marE,mAlmA,yAsclu,masno,proDakto,atena,miyAkAhid,bEtu,plAnnA,progrA,budn,mari,tAfasa,study
tAfasa,HandArgE,HityoPyA,zEnA,galaTu,masno,proDaktocu,atena,kAhEda,guDi,zono,lmA,TnAtu,TanAqaq,proDaktocu,study
waradA,gorf,whA,mATarAqa,masno,mAwAl,yAscl,atena,mikAhEd,galTa,srA,wl,gabarE,gorf,whA,study
whA,HaTarAqma,sabl,miyAlamu,tAfasa,masno,proDakto,atena,Hamst,Hamatu,lmA,mar.ha,gbr,HakAl,honu,study
TrA,maTabaq,yAsclu,taSASAlu,bunA,HazagaDADa,zadE,atena,mamasra,HazagADto,taTaqAmi,stawAwaqa,mahonu,bunA,HazagaDADa,study
HakAlA,fta,tmhrt,taquAmAtnA,mrmr,mA`kalA,tagaNu,atena,mrmr,wTEto,tagbArAwi,mAdrag,cgr,fta,tmhrt,study
fta,tmhrt,taquAmAtnA,mrmr,mA`kalA,tagbAr,yAltataragomu,atena,mrmr,waTEto,HqEndAlu,tanAgaru,mhurAnu,HasfaxAmi,HakAlA,study
bAlamasTatA,wha,Camro,zarfo,mAgaz,HqEndAltacAla,HanxAru,atena,mrmro,mAkAhEd,waTA,ganzab,fta,mahonu,malakatA,study
bAko,gEdo,fnCA,skuAr,fAbrikA,bAlu,masmaro,atena,makAhEdu,HadAdisnA,nabAr,masmaro,mAsfAfA,srA,TanAqaq,study
slk,masmar,guabA,tamA,dawa,kaf,mAdrag,atena,HakAhido,mATanAqaqu,bEtu,lElocu,waradA,slk,mAsfAfA,study
madaba,slk,danbaNo,HqEndAlu,gEtA,Camra,radA,atena,mrmr,takAhEda,mahonu,zonu,gbrnAnA,gaTar,lmA,study
waradA,Harso,Hadaro,mAsA,Hafar,nAmunA,tasabsbo,atena,takAhidobatAl,warA,Damro,dalE,Hafar,mrmarA,lAborAtor,study
Damro,dalE,Hafar,mrmarA,lAborAtor,kAhEd,qoyawu,atena,mrmr,masarat,talay,qolonA,TEf,sablo,Hasidu,study
migaNu,tmhrt,bEto,dras,mAsfAfA,cAl,mrmrnA,atena,mAkAhEd,matAqadu,yunivarsiti,tafaTro,sAyns,kolED,din,study
zArE,HadAmA,katamA,taDamara,gnzAbE,mAsCabaCA,`Awda,atena,Hadis,HababA,katamA,gizEyAwi,bAlAdarA,bord,HastadAdar,study
biqoy,Hadis,HababA,yunivarstinA,tmhrt,biro,takAhEda,atena,lyu,flAgo,tmhrt,fta,daraDA,miyAsfalg,maragAgaTunnA,study
tazagADa,srHata,kors,salTANo,masfartnA,gudAyo,sfA,atena,mangHs,mamhrA,tmhrt,Hadis,HababA,gl,fta,study
zalAqi,lmA,mAragAgaT,clu,waTAto,mAfrA,yAscl,atena,masarat,mAdrag,mahonu,mangstAwinA,mangstAwi,kAlhonu,drDto,study
HityoPyA,zEnA,Hagalglo,galaTu,Hamatu,maDamariyAnA,zrzr,atena,kAhEda,wanzo,wanzo,maDamariyA,TnAtnA,qari,zrzr,study
HityoPyA,zEnA,Hagalglo,galaTu,Hamatu,maDamariyAnA,zrzr,atena,kAhEda,wanzo,wanzo,maDamariyA,TnAtnA,qari,zrzr,study
maDamariyAnA,zrzr,TnA,kAhEda,wanzo,wanzo,maDamariyA,atena,qari,zrzr,TnA,darag,mahonu,yAlu,wanzo,study
yAdargu,TAbiyA,HakAbAbi,yAlu,wanzo,yAkAtta,yK,atena,miqaTla,war,Hansto,baDa,Hamatu,maTanAqaqiyA,dras,study
Hamatu,maTanAqaqiyA,dras,mikanAwa,gEtna,Hama,zrzr,atena,takAhido,dizAy,tazagADalA,masno,proDakto,gnbAtA,qrbu,study
wAstnA,mAragAgaT,bag,mAdlab,zamanAwi,tEknoloDi,yAdaraga,atena,wTEtAmA,mahonu,HoromiyA,mAstAwaqiyAnA,.hzb,gnNuna,biro,study
mAdAbariyA,HaTaqAqa,mrmr,qolo,mr,HqEdga,mAdAbariyA,atena,mangad,maTaqa,tadaraga,mrmr,qada,sil,hEktAr,study
Hama,hEktAr,marE,mAlmA,yAsclu,masno,proDakto,atena,miyAkAhid,bEtu,plAnnA,progrA,budn,mari,tAfasa,study
tAfasa,HandArgE,HityoPyA,zEnA,galaTu,masno,proDaktocu,atena,kAhEda,guDi,zono,lmA,TnAtu,TanAqaq,proDaktocu,study
masno,proDaktocu,TnA,kAhEda,guDi,zono,lmA,atena,TanAqaq,proDaktocu,yAsfalga,waCi,taTaqso,mimalakata,HakAl,study
waradA,gorf,whA,mATarAqa,masno,mAwAl,yAscl,atena,mikAhEd,galTa,srA,wl,gabarE,gorf,whA,study
whA,HaTarAqma,sabl,miyAlamu,tAfasa,masno,proDakto,atena,Hamst,Hamatu,lmA,mar.ha,gbr,HakAl,honu,study
zamanAwi,qafo,maTaqa,fta,mr,mAgNa,yAscl,atena,mukarA,srA,takAhEda,bAhlAwi,qafo,`Amatu,kuntAl,study
gaTar,qabalE,lTu,bAhlAwi,nb,qafo,HqEndAlu,atena,bEtu,bAhlAwi,mangad,nb,srA,tasamAru,Hamst,study
sbl,zryA,HarakA,gbrnA,mrmr,mAHqEkalA,takAhEda,atena,mrtAnatA,taragAgaTa,mahonA,HastabAbAri,mr,darsa,sabu,study
mAragAgaT,cAl,hagaritu,taDamara,whA,mAsabAsab,tEknoloDi,atena,mrmr,mAgaz,HaTanAkro,maqaTal,miyAsfalg,whA,mhndsnA,study
HabaratA,wT,tAya,qaTAyna,lEla,mahonu,srA,atena,mrmr,mAgaz,HaTanAkro,maqaTal,miyAsfalg,tagbAr,wl,study
proDak,HakAbAbi,miliyo,ton,dngAy,kasal,miga,atena,proDaktu,waradA,HaCabo,sAmbo,HakAbAbi,hAlAfi,bzuHaya,study
tadagAgAmi,talAku,nAmunA,tafatSa,wTEtAmAnatA,proDaktu,bAkAhEdA,atena,waradA,sAmbu,tabAla,HakAbAbi,kArE,kilomEtr,botA,study
ton,yAhl,dngAy,kasal,km,miga,mAwaq,atena,nAmunA,qufAro,srA,HityoPyA,DiHoloDikAl,sarviy,bAlamuyAwocnA,study
HityoPayA,zEnA,Hagalglo,galaxu,yunivarsti,masarata,mrmrnA,atena,gnNuna,masarat,DApAnu,tokuSumA,yunivarsti,matabAbar,HEc,study
darsu,TEnA,cgrocnA,snatawAldo,TEnA,zuriyA,mrmrnA,atena,mAkAhEd,mahonu,Darma,hagar,migaNa,lAytask,yunivarsti,study
bAhr,dAr,katamA,qanA,kAhEd,qo,`Awda,atena,mAmSA,TanAqaq,tamarAmAriwocunA,bAlamuyA,tanAgaru,wsAnE,hAsAbu,study
yAscal,galalta,taquA,mamaHsra,HqEndAla,hAyqu,saru,atena,mimalakatA,HakAlA,gbHatna,HastamAmA,maraDA,masTatnA,hAyqu,study
TrA,maTabaq,yAsclu,taSASAlu,bunA,HazagaDADa,zadE,atena,mamasra,HazagADto,taTaqAmi,stawAwaqa,mahonu,bunA,HazagaDADa,study
mawlad,HqEskA,yAltakasata,mahonu,fta,hkmnA,bAlamuyA,atena,liyAdargu,migabA,katamA,HqEnssA,TEnA,TbaqA,lAborAtori,strengthen
HakAlA,fta,tmhrt,taquAmAtnA,mrmr,mA`kalA,tagaNu,atena,mrmr,wTEto,tagbArAwi,mAdrag,cgr,fta,tmhrt,study
tkura,bAlamasTatA,wha,Camro,zarfo,mAgaz,HqEndAltacAla,atena,mrmro,mAkAhEd,waTA,ganzab,fta,mahonu,malakatA,study
slk,masmar,guabA,tamA,dawa,kaf,mAdrag,atena,HakAhido,mATanAqaqu,bEtu,lElocu,waradA,slk,mAsfAfA,study
bAko,gEdo,fnCA,skuAr,fAbrikA,bAlu,masmaro,atena,makAhEdu,HadAdisnA,nabAr,masmaro,mAsfAfA,srA,TanAqaq,study
Hafar,darasa,yAlawu,mr,maqanas,mAswagad,radA,atena,mrmr,takAhEda,mahonu,zonu,gbrnAnA,gaTar,lmA,study
waradA,Harso,Hadaro,mAsA,Hafar,nAmunA,tasabsbo,atena,takAhidobatAl,warA,Damro,dalE,Hafar,mrmarA,lAborAtor,study
Damro,dalE,Hafar,mrmarA,lAborAtor,kAhEd,qoyawu,atena,mrmr,masarat,talay,qolonA,TEf,sablo,Hasidu,study
migaNu,tmhrt,bEto,dras,mAsfAfA,cAl,mrmrnA,atena,mAkAhEd,matAqadu,yunivarsiti,tafaTro,sAyns,kolED,din,strengthen
nagaro,kAnta,qarabul,maxAhf,tanasA,Hamst,HamatA,atena,snksAr,bAnta,maxAhf,mazmuro,TSA,HawrEnA,HagAza,study
zrzr,naTbo,maTaqAqas,mitAwaqa,TnAtAwi,maraDA,mnCocu,atena,zadE,ta`AmAni,Hadis,dmdAmE,yAstawAwq,maho,yhunnA,study
maznAnA,HsAyAmra,ganzab,gArAnA,CAt,gazA,rtto,atena,smu,TawA,kAlACasa,gAw,mgb,lto,kAlACasa,study
TnAtnA,mrmr,HakAhido,hayq,Haso,mgbna,baqA,atena,mrmru,tabaHsACu,HandAnd,glasabo,HqEl,HaHsA,Tamadu,study
ragAgA,dras,maHsaratAwi,fDotA,SaqaTo,DamarA,Trato,atena,miqaTl,ngd,ministEr,HastAwaqa,bAlafu,smnt,warA,study
HqEnqsqAsE,Tru,gaxtA,nabarA,galaxu,rEd,laTa,atena,masrA,miyAsfalg,tanAgrawAl,HsrA,`dl,mafTar,ngdnA,study
yAla,lmAtnA,malkA,HastadAdar,wTno,taSAla,daraDA,atena,mAsqaTalnA,hbratasabu,taTaqAmi,mAdrag,HamarAru,nqA,manqasAqas,study
yAlu,fidalA,HagaTATmo,mAnbab,gAliliyo,Damara,niwta,atena,gafA,wsbsb,maslu,tafaTro,HqEnqsqAsE,hidato,qalAl,strengthen
gabtuAcawAl,moltola,mAyAwqa,mAzagADA,bEt,CaguArA,malATu,atena,qaTluAl,bAygarmA,walo,yunivarsiti,rAHsu,cgru,salabA,study
Harba,safi,hagar,Harba,TabAb,Haqmu,HakAl,atena,mAlatu,farDa,fatanA,gaTama,ymaslAl,maraDAnA,mAsraDA,study
HamErikA,mannA,somAliyA,gaNu,HalqAydA,budnoclAy,tamasAsAy,atena,HqErmDA,mawsad,DamrAla,prEzidA,bArAk,HobAmA,bilAda,study
hAylu,Hasqadmo,HadagA,makalAkal,cl,HqErAsu,daraDanA,atena,Sbr,wanDal,makalAkal,ygaNAl,taTarTAri,tayAzu,taqAwAmi,study
yAlu,fidalA,HagaTATmo,mAnbab,gAliliyo,Damara,niwta,atena,gafA,wsbsb,maslu,tafaTro,HqEnqsqAsE,hidato,qalAl,strengthen
naxAnatnA,ft,dimokrAsi,TyAqE,mAnHsA,Damaru,HqEnqsqAsE,atena,maqaTal,HalaHagbAb,tAsaru,polatikA,HqEsraNo,fatu,maTayaq,strengthen
manasA,mHqEta,Hamatu,gb,mAsAkA,Damara,HasarAr,atena,qaTl,HqEdl,yfaTrAl,bla,HqEnAmnAla,tgrAy,HqEnAto,strengthen
mATA,mamasAsalA,raD,HqEdmE,yAsqoTara,hulatyo,guAdaNnatA,atena,guAdaNAmocu,Tbabu,nuro,wdnatu,ftu,madhani,falsmanAl,study
takAda,nagar,mada,saw,salAm,mansA,tagbAru,atena,liqaTl,Haycl,bils,lamA,baqA,lam,hgamangstA,study
tAmA,maqomA,.hzbAwi,Hamaxu,tanu,nagastAtu,qoyta,atena,nagaru,tAwaqu,HqEngliz,tArik,xa.hafi,galxa,tArik,study
habtA,militErinA,tarA,kolfE,tAlAlAq,suqocnnA,yzotA,atena,CAmA,suqo,TAqA,suq,wafCo,quAt,maSaCA,study
daraDA,tmhrt,bEto,kAhEda,mamAr,mAstamAr,hida,atena,lAkuA,vidiyo,kAsEto,tmhrt,bEtocu,tasaTtawAl,tmhrt,study
sEyto,kulA,Hamst,HamatA,tazagADa,mrmr,mAHqEkalA,atena,proDak,bAlafu,sost,HamatA,Tru,wTE,mAsAyatu,strengthen
kllocu,taDamarawu,HinformE,kominikE,tEknoloDi,mAdAras,srA,atena,HintarnE,marab,mazargAtnA,mAsfAfA,srA,takanAwana,mahonu,study
galTawAl,Hagalglotu,maDamar,HakAbAbi,mikAhEda,Hikonomi,HqEnqsqAsE,atena,HastawAxHo,minora,HabrArta,Hagalglotu,mAgNa,TyAqE,yAqarbu,study
qaTAyna,lEla,mahonu,srA,TnAtnA,mrmr,mAgaz,atena,maqaTal,miyAsfalg,HasganzbawAl,tagbAr,wl,botA,mAzagADatnA,strengthen
korparE,samE,msrAq,riD,miliya,br,waCi,atena,mAsfAfAtnA,tamo,srA,maDamaru,HastAwaqa,riDnu,srA,study
dngAy,kasal,yuriyA,mAdAbaryA,mAmra,yAscla,TnA,atena,maqaTalu,kol,fosfE,mAdAbariyA,komplEks,proDak,HastAwaqa,study
taDamara,whA,mAsabAsab,tEknoloDi,TnAtnA,mrmr,mAgaz,atena,maqaTal,miyAsfalg,whA,mhndsnA,bAlamuyA,Hasganazabu,HarbAmnC,strengthen
maTaqa,DamrawAl,Damara,gaTar,slk,mAsfAfA,srA,atena,maqaTal,tAhsAs,war,dras,zonu,waradA,gaTar,strengthen
kllocu,taDamarawu,HinformE,kominikE,tEknoloDi,mAdAras,srA,atena,HintarnE,marab,mazargAtnA,mAsfAfA,srA,takanAwana,mahonu,study
sEyto,kulA,Hamst,HamatA,tazagADa,mrmr,mAHqEkalA,atena,proDak,bAlafu,sost,HamatA,Tru,wTE,mAsAyatu,strengthen
mamadab,mamhrAnnA,tamAri,mrmr,HadmAsnA,mrmr,zarfo,atena,miyAsclu,tagbArA,tkura,saTto,manqasAqs,mahonu,profEsar,study
mrmr,proDakto,miyAkanA,HastAwaqa,mrmru,HarsoHadaro,tasAtfo,atena,taquAmu,sost,zono,nHus,mAHqEkalA,HqEkaftAla,Hala,study
maTaqa,DamrawAl,Damara,gaTar,slk,mAsfAfA,srA,atena,maqaTal,tAhsAs,war,dras,zonu,waradA,gaTar,strengthen
taDamara,whA,mAsabAsab,tEknoloDi,TnAtnA,mrmr,mAgaz,atena,maqaTal,miyAsfalg,whA,mhndsnA,bAlamuyA,Hasganazabu,HarbAmnC,strengthen
hAyl,HqETra,taTaqA,yunivarsti,wha,tEknoloDi,fAkAlti,atena,bAlamuyA,mAsalTa,mahonu,galTa,mhndsnAnA,wha,tEknoloDi,study
galTawAl,Hagalglotu,maDamar,HakAbAbi,mikAhEda,Hikonomi,HqEnqsqAsE,atena,HastawAxHo,minora,HabrArta,Hagalglotu,mAgNa,TyAqE,yAqarbu,study
mgb,wAstnA,HaCr,gzE,mAragAgaT,mtAdarga,Trat,atena,qaTlu,HasganzbawAl,mrmrnA,Habna,Taqas,blawAl,mahonu,study
dngAy,kasal,yuriyA,mAdAbaryA,mAmra,yAscla,TnA,atena,maqaTalu,kol,fosfE,mAdAbariyA,komplEks,proDak,HastAwaqa,study
hAbtAmu,hAylamikAHEl,kulA,mangs,proDaktu,TnA,HafATA,atena,srA,Damr,mAdrag,sfrA,nawAri,makfalnA,mAsnasA,study
.hzb,wabAnA,vEktar,walad,StA,HqEndAyTaqA,HakAbAbi,atena,baStA,makalAkalnA,.hkmnA,Hagalglo,tasaTa,mahonu,kllu,study
HakAbAbi,mAsmaTA,Harso,Hadaru,yAlamAnA,gabi,mnCu,atena,mAgaznA,muyAnA,mkar,masTa,taTaqAmi,daraga,mahonu,study
yAla,mahonu,drDtu,miyAdarglA,dgAf,srA,tanasASnatA,atena,taTaqAmi,honu,mamTAtA,galTawAl,tantA,waradA,gbarnAnA,study
goc,br,br,trf,mAgNatA,srA,HaTanAkra,atena,mAstAwaqA,galTuAl,mask,gubNtu,`AlAmA,Harso,HadarunA,study
mamadab,mamhrAnnA,tamAri,mrmr,HadmAsnA,mrmr,zarfo,atena,miyAsclu,tagbArA,tkura,saTto,manqasAqs,mahonu,profEsar,study
wT,tmhrtnA,TEnA,taquAmA,masarata,lmAto,mazargA,atena,srA,makanAwanu,galaTu,HabAy,miqaTlu,HamatA,mAgol,study
tacAlawu,HakAbAbiwu,HawuroplA,kEmikAl,rCtnA,bAhlAwi,zadE,atena,makalAkal,srA,makAhEdu,nawu,grisA,wafo,darasawu,study
waTAto,Torna,sgadada,mAgd,qoytuAl,HqEkuy,tagbAru,atena,gafA,yAla,hAlAfina,godala,nawTa,HamarAr,HErtrA,study
yAla,lmAtnA,malkA,HastadAdar,wTno,taSAla,daraDA,atena,mAsqaTalnA,hbratasabu,taTaqAmi,mAdrag,HamarAru,nqA,manqasAqas,study
dEmokrAsi,mAgol,dhnatnA,qarna,mASanaf,taDamara,Trat,atena,maqaTal,ygabAwAl,`Alu,pAnAl,wyy,gT,tglu,strengthen
cAynA,mangs,HityoPyAnA,HafrikA,lmA,yAdarga,dgAf,atena,yqaTlAl,blawAl,l`ukA,budnu,cAynA,mangs,fta,study
zEro,dras,makalAkal,mankabAkabnA,dgAf,mAdrag,tkuratu,atena,misarA,tanAgrawAl,drDtu,vAyrasu,damA,yAlabA,wagano,study
taDamara,Harso,Hadar,Tmra,gbrnA,mrmr,HaHEkstE,atena,mAsqaTal,tkura,HaqTACA,riportu,tamalakata,Hsosta,tkura,study
taqalATafa,Hagalglo,saTu,biro,yAdarga,kttlnA,quTTr,atena,maqaTalu,Hadis,HababA,TEnA,biro,HastAwquAl,tagalgAyucu,study
konfEdErESnu,HafrikA,salAmnA,xaTtA,saf,yAdarga,HqEnqsqAsE,atena,yqaTlAl,HafrikA,hbra,maqanADa,HqEgr,kuAs,HamAkAyna,study
sarA,maqoyatu,mkr,bEtu,mamasra,taDamara,srA,atena,maqaTal,fta,TaqamEtA,ynorawAl,blawAl,Hadis,HababA,strengthen
maftA,HEDansi,fEdErAlnA,kllo,gnzAbE,mAsCabaCA,HsrA,atena,miqaTl,TaqumawAl,HqEskA,kllo,takAhEda,mzgabAnA,mawACo,study
`dl,mafTar,Haq,gnbAtAnA,gabayA,tssr,HsrA,atena,maqaTalu,galxawAl,TqAq,Hanasta,srA,masko,tasamArta,study
HqEnqsqAsE,bAlafa,Hama,HagAmA,Damara,yAzna,Hama,atena,qaTl,hunEtA,yhonAl,drDtA,tamasarata,Hama,mnAkabr,strengthen
manAd,mahakal,kAhEd,tgl,mahonu,mangs,tglu,atena,liqaTl,ygabAl,maCaraSA,.hgamangstA,glx,tamalakata,marE,study
gbo,mAsAkA,mtAdargA,Trato,masAkA,mangstAcawu,dgAfu,atena,miqaTl,HambAsAdaru,galxawAl,HambAsAr,donAld,buz,gAmbElA,study
mangs,daraga,yAla,Trat,Hamasgna,qaTAy,dgAfocu,atena,qaTlu,TayqawAl,HambAsAdar,donAld,buz,kllu,HamErikA,study
madhAni,zwwr,yAgAT,TqomA,masTa,talamada,tbbru,atena,qaTl,TayqawAl,sil,zagaba,HizEHa,drEdA,.harar,strengthen
drSA,minorA,gudAyo,zuriyA,tkura,saTto,rbrbu,atena,maqaTal,gabA,mahonu,HaTayAyAqi,Haydala,xhuf,HanbAbi,strengthen
mr,maSaT,HaliyA,magzA,HityoPyA,HakAl,mahonuA,atena,daraDA,tgaNAla,mAyAnsu,HagarA,ngd,lwwT,mAdrag,study
dl,taTanAqaqa,hdAsE,guzo,dAr,dars,rbrbu,atena,qaTl,Tri,mAqrabA,HEf,bisi,zagbuAl,bhEr,strengthen
taklabrhA,`latu,b.hEro,bhErasabocnA,hzbo,tafaTara,Handna,atena,mahonu,tanAgrawAl,gubAHE,maqalE,katamA,takabara,bAla,study
bhErasabocnA,hzbo,qan,hga,mangstu,b.hEr,b.hErasabo,atena,Handna,mafTarnA,hdAsEyA,mATanAkar,fAydA,golA,blawAl,study
xhufA,lHukA,budn,wadatalayAyu,hagarA,malAk,gnNunatu,atena,maTA,mahonunnA,salAmnA,lmA,wTE,tAya,mamTAtu,study
skuAr,fAbrikA,hnxAnA,maTaT,wuhA,gnbAtA,HaCr,atena,mAsrakab,Tratu,HaTanAkro,yqaTlAl,blawAl,mkr,bEtu,study
pArti,mkr,bEt,kll,zonnA,waradA,daraDA,atena,qaTl,mkr,bEtu,HabAlA,mulu,dmx,tasmAmtawAl,strengthen
mkkr,yAdaragu,pArti,maganA,bzuhA,yAkAhiduA,wyyto,atena,qaTlunA,wyy,bAhlu,dAbr,tasmAmtawAl,zArE,takAhEda,study
yunivarsti,trAkomA,mATfA,hkmnAnA,slTanA,masTa,migaNnA,atena,maqaTal,migabA,prEzidA,grmA,maglaxA,wyytu,takatAtalu,strengthen
HityoPyA,mangHs,Hamaci,hunEtA,faTara,mahonu,tanAgrawAl,atena,maqaTal,HityoPyA,mangs,tabAbro,masrA,flAgo,HqEndAla,study
Hagalglo,TrA,mASASAl,danbaNo,HqErkAtA,mAragAgaT,tkuratu,atena,miqaTl,HamalktawAl,talay,Hahunu,waqt,HasAsAbi,daraDA,study
mAhbaru,yAla,HqEwqa,HafrikA,mAkAfal,Damara,gnNuna,atena,maqaTal,HqEndAla,manAgarA,wyytu,takatAtalu,gudAy,ministEr,strengthen
galxawAl,mAhbaru,HityoPyA,dgAfo,mAdrag,miga,gnNuna,atena,mAsAdag,Trat,madarag,HqEndAla,prEzidAntu,HasAsbawAl,mAhbaru,study
dEvis,mAhbaru,HityoPyA,raD,`AmatA,yAla,gnNuna,atena,yqaTlAl,mAlatA,HizEHa,Taqso,wAltA,HinformE,mA`kal,study
trHi,makAhEdu,Hagaro,hzb,hzb,tssr,zalAqina,atena,mAsqaTal,mcu,hunEtA,faTr,mahonu,tanAgrawAl,HityoPyA,study
taDamara,mamakAkarnA,tasAtfo,`dl,mAsfA,Damara,tra,atena,yqaTlAl,malA,HityoPyA,hzbo,taTaqAminatA,mAragAgaT,HityoPyA,strengthen
tAgalnA,yAmak,sAynsAwi,HamarAr,Tbab,maganbAtu,hida,atena,qaTluAl,hzbA,taTaqAmina,ybalT,taragAgaTa,ygaNAl,HihHadEg,study
yAlu,fidalA,HagaTATmo,mAnbab,gAliliyo,Damara,niwta,atena,gafA,wsbsb,maslu,tafaTro,HqEnqsqAsE,hidato,qalAl,strengthen
tafaxama,`la,tafaTara,HadagA,galxo,maraDA,HasabAsbonA,atena,Carasa,takatAtAy,maglaCA,qanA,bisaT,noro,ta`AmAninatu,study
tacluAl,HanxAr,dkma,tAya,makalAkal,HsrA,`Ama,atena,maqaTal,tAsbuAl,qadmo,HamErikA,prEzidA,DorD,dabli,strengthen
mAsraDA,mAsabAsabnA,kompiyutar,mayAz,tadaraga,yAla,Trat,atena,maqaTal,HqEndAla,HasAsbuAl,.hwa.hA,liqamanbar,malas,zEnAwi,strengthen
HqEndAstAwaqu,.hbratasabu,kllu,yAla,taragAgA,salAm,ybalT,atena,taDamaru,lma,srA,dAr,mAdras,manqasAqas,Hala,study
HasAsba,draDtu,kllu,Damara,srA,HastadAdarunA,.hbratasabu,atena,miqaTl,yAlhona,viknA,sab`Awi,mabto,mrmrnA,tmhar,study
kllu,takanAwanu,salAm,lmAtnA,dEmokrAsi,sra`A,gnbAtA,atena,maqaTal,dhna,malAqaq,taDamara,tgl,dl,mATanAqaq,strengthen
progrAmo,matagbar,midaraga,Trat,Haq,gnbAtAnA,dgAfo,atena,miqaTl,HastAwaqa,ganzabnA,Hikonomi,lmA,ministr,dHEtA,study
madaba,NarogrAmo,kAhEda,HagadAnA,brHqE,sablo,lmA,atena,maqaTal,kAlafu,HamatA,wadi,mrtAmAna,maCamar,qaTAyna,strengthen
xhfa,bEtu,HasfalAgi,HsarAtaNocu,mAmuAlA,HaTaqAlAy,Haqmu,atena,fta,Trat,yAdargAl,yAlu,tasfAy,hiHsAb,bAlamuyAwocnA,study
tadarADto,drSA,waTA,yAdarg,qo,dgAfnA,`gazA,atena,miqaTl,HastAwquAl,HabdEpA,`Ama,`Al,HabAlAtu,dagAfi,study
maHsrA,quAnquA,mAsAdag,lAlafu,`AmatA,yAdaraga,Trat,atena,qaTlnA,tmhar,lDE,zAf,daDE,kllu,mar,study
maHsrA,quAnquA,mAsAdag,lAlafu,`AmatA,yAdaraga,Trat,atena,qaTlnA,tmhar,lDE,zAf,daDE,kllu,mar,study
zarfu,mAynAq,wuTE,tagaNtuAl,dhna,taDamarawu,zamacA,atena,maqaTal,Hadisu,milini,taSAla,hywat,mamrA,tayAyzo,strengthen
migabA,HasganzbawAl,malkA,HastadAdarnA,dEmokrAsi,gnbAtAwu,laTa,atena,lmA,mafATa,fta,HastawAxHo,norawu,kulu,HastawAxHo,study
HagbAbu,maTaqa,macAl,Damarnawu,Trat,Hadisu,milani,atena,maqaTal,migabA,bxaHqE,Habuna,qErlos,Hasganazabu,samE,strengthen
Hadis,srA,bAhl,Damara,lmA,HqEnqsqAsE,miliniyamu,atena,maqaTal,Hala,dabub,walo,bAlafu,`AmatA,tamazagabu,strengthen
malkA,HastadAdarnA,dEmokrAsi,gnbAtA,hida,Hadisu,milini,atena,maqaTal,dhna,mAswagad,manqasAqas,migabAwu,zonu,?,strengthen
hzbu,takAhEda,yAlawu,malkA,HastadAdarnA,dEmokrAsi,gnbAtA,atena,Hadisu,milini,dhna,mAswagad,hbra,manqasAqas,Hala,study
hbra,manqasAqas,Hala,Hadisu,milini,dEmokrAsinA,lmA,atena,tasaTawu,tkura,zonu,hzb,nqA,masAtaf,HqEndAla,study
polatikA,HamalakAkatnA,hAymAno,lyuna,sAyAgdawu,HqEdgatnA,blxganA,atena,sarA,HaCr,wusT,dhna,tArik,Hadrgo,mAsqara,study
ragad,fta,HastawAxHo,ynorawAl,zonu,hbratasab,salAm,atena,lmA,tasAtfowu,mAsAdag,Damarawu,Trat,zalAqi,HqEdga,study
ybalT,TanAkr,yhonAl,HamatA,tamazagaba,Hikonomi,HqEdga,atena,hidatu,qaTAyna,mAragAgaT,Hadis,manfas,HqEnqsqasE,darag,study
milinya,b.hEr,b.hErasabocnA,.hzbo,dEmokrAsiyAwi,tssr,ybalT,atena,dh,mAsawagad,taDamara,Trat,yAgolab,zaman,miho,study
hAyl,mAfrA,kulu,HastawAxHo,mAbarakatu,Hamalkta,HqEnqsqAsE,atena,maqaTal,Hindustri,zarf,salaTana,saw,hayl,HqETra,strengthen
HErtrA,sda,taSAla,HamArAC,ylqu,sda,guzo,atena,talay,HityoPyA,bzA,tAdiyA,Tru,HaqabAbal,tagabi,study
kAsqANahuA,xu.hufE,`AlAmA,gl,fta,kliniko,Hagalglo,atena,cgrocA,mikatala,HamatA,HqEz,ymarA,hAgarA,Hikonomi,study
tasabasaba,gabi,mahonu,masriyA,bEtu,HsrA,laTa,atena,`Amatu,TaqlAlA,miliyo,br,gabi,masabsab,Haqdo,study
