Lcontext8,Lcontext7,Lcontext6,Lcontex5,Lcontext4,Lcontext3,Lcontext2,Lcontext1,target word,Rcontext1,Rcontext2,Rcontext3,Rcontext4,Rcontext5,Rcontext6,Rcontext7,Rcontext8,class
HqENyA,HityoPyA,DagnA,yAzagADa,xhuf,yunivarsiti,mhurA,HakAbAbi,atena,mrmr,gN,mibAla,tagalxa,mAyAwqu,HadAdis,HqEwnato,yAza,study
hoNE,mta,HamAr,naqA,byE,mta,tAlAq,wandmE,atena,byE,bunA,sTaTA,bla,maNA,yASofb,mknyAtu,TnA,study
HqEwnatnA,ft,HityoPyAnA,HafriqA,gmand,froyd,sAyko,HanAlAysis,atena,mrmr,Tqur,hzb,lAyho,nafs,yAla,saw,saw,study
yATanu,fiziks,zarf,yAw,tarA,saw,migabA,mangad,atena,muqa,hAyl,tawasana,kfl,frEyAmA,HsrA,maTaqa,makinA,study
HawAki,bAhry,yAlA,sawu,yto,mAwaq,mtAdargu,kttlnA,atena,tArAmi,fta,CAnA,frhA,tArAmi,mAwAradnA,madabdab,darsu,study
CfCafA,yAlaqu,samA`tA,`Ama,matAsabiyA,naga,wadiyA,HityoPyA,atena,mrmr,taquA,HqEndAstAqa,HqElatu,zakru,TnAtAwi,mrmr,HsrA,study
misaru,fil,dAyrEktaro,sEto,quTr,Hamst,mato,mahonu,atena,Taqu,holiwd,Tqur,fil,bAlamuyA,masrA,HqEdl,bAlaslTAnAtnA,study
fta,HqEruCA,Hagalglo,sfA,yAlamadAras,hunEtA,mknyAtu,mndna,atena,tamokro,tagaNa,wTE,hkmnA,taquAmA,Hagalglotu,HalamasTatAcawHa`mro,hAsAb,study
falaku,zm,zm,bAl,Ha`mro,bAdo,yhonAl,sAynsAwi,atena,bAynor,zArE,SmAglE,mazabAraqu,yAw,sAraD,lzabArq,wadafitu,study
tarata,nabAr,yzotA,liz,Hsr`A,qayaru,hunEtA,zrzr,atena,tadargua,`Ama,tagbArAwi,miho,magalaxu,`awADu,mawTAtu,tagabi,study
TnA,baqi,minibAsu,guzo,Damr,gugu,taTabAbaqku,sm,atena,guanu,tadaradaru,Hawtobso,maqnA,zamanAwi,HawtobsocmAskabar,Hsos,`Ama,study
staqar,HabzA,HsrA,taTanAquAl,yAlu,gdbu,HsrA,liguAta,atena,dizAy,waqt,yAlnabara,rsa,mdr,cgr,gdbu,maHsara,study
gabA,lAqa,HsrA,manAgar,cAl,tanasu,hasAbo,brhAnu,atena,tagaNu,r`yota,`Ala,mAsAyA,honu,Cmq,flsfnA,taratocu,study
mAsAkA,bAdaraga,tgA,mamasga,yunivarsiti,fta,halAfi,bAhl,atena,masfAfA,yAdaragu,trgu,yAla,wsAnEnA,tagbAr,ybal,yAsa,study
tablo,HayAlE,SihnA,mato,zamanA,Tabaq,nora,hxAn,atena,tamaHsarata,kAlhona,qar,maHsaratu,HiyaHsuHs,krstos,tawalada,tkkla,study
Tru,hunEtA,mAsqamaTnA,`Ala,hab,mAdrag,mahonu,qrs,atena,TbaqA,bAlaslTA,?,?,dAyrEktar,yonAs,dastA,galaxu,study
tacAla,bAng,pAkis,tAnnA,nAyDariyA,migaNu,bEtasabo,takA.hEda,atena,TnAtu,hida,taTayaqu,bEtasabo,sdst,mgb,mAgNa,lDu,study
mrtocA,gabayA,mAwTA,miyAsclA,mangado,gnbAtA,dizAy,HanA,atena,HsrA,miwla,miliyo,br,miliyo,yAhlu,fEdarAl,mangHs,study
Halam,bAnk,bAkAhEdu,TnA,maTaqomA,maTqas,zagAbi,xhufu,atena,Harso,Hadaru,gbrnA,mr,gabi,mato,maCamar,tacAla,study
rAyzugi,polatikA,sAyns,tmhrt,takatAtalunA,HagarA,pArlAmAnA,mrmrnA,atena,kfl,dAyrEktar,taSuAmi,tripoli,taquAquAma,biro,mamrA,tabAbaru,study
Taquma,kompiwtar,tEknoloDi,tayAyAza,.hbratasabu,maraDA,mAgNa,micl,atena,tadaraga,mahonu,hAb,mAsAwaqnA,mzgabA,srA,Hagaritu,maDamariyA,study
mgb,mrmr,Hinstityu,sarA,waTA,HasafA,wddr,yAqaraba,atena,HEc,Hay,vi,bgrna,malakiyA,HityoPyAwi,HababA,darba,study
dnq,polatikA,tantANna,qrbu,mangs,magalbaT,mil,bAstalAlafa,atena,tab,gax,xhuf,bAqaraba,wdAsE,ngusAwi,mangs,sr`A,study
lmA,Halam`Aqaf,Hinstityu,hagaritu,HqEdgatnA,trAnsformE,HqEqd,tagbArA,atena,mrmr,madagafnA,Haq,gnbAtA,HsrA,lyu,tkura,masTatu,study
HababA,TEnA,biro,matabAbar,tazagADa,Hsos,qanA,`Awda,atena,stiyA,HadAmA,katamA,HEDansi,?,?,dAyrEktar,hAyla,study
doktar,ygaramu,gubA`E,Halam,hagarA,maTu,tamarAmAri,TnAtocnnA,atena,wTEto,yAqarbu,mahonA,doktar,ygaramu,Hamst,qanA,kAhEda,study
walagA,zon,ngd,HindistrinA,trAnspor,x.hfa,bEt,gabayA,atena,bAlamuyA,wbitu,bada,kulA,tadaraga,TnA,mrto,wAgA,study
mr,zamanAwi,qafo,maTaqa,fta,mr,mAgNa,yAscl,atena,mukarA,srA,takAhEda,bAhlAwi,qafo,`Amatu,kuntAl,mAr,study
Hadar,gaTar,qabalE,lTu,bAhlAwi,nb,qafo,HqEndAlu,atena,bEtu,bAhlAwi,mangad,nb,srA,tasamAru,Hamst,Harbto,study
Hay,makalAkal,mATanAkar,micAl,hunEtA,tawayA,qanA,Hawda,atena,Damar,tanAgaru,naTb,mato,StA,srC,Hahunu,waqt,study
HagarA,maTu,tamarAmAri,tasAtafu,Halam,Haqaf,Hawuda,TnA,atena,mrmr,xhufo,qarabu,Hawuda,TnAtu,fta,lmd,magaNatu,study
tamasga,HityoPyA,zEnA,Hagalglo,galaTu,Hamatu,maDamariyAnA,zrzr,atena,kAhEda,wanzo,wanzo,maDamariyA,TnAtnA,qari,zrzr,TnA,study
TnA,kAhEda,wanzo,wanzo,maDamariyA,TnAtnA,qari,zrzr,atena,darag,mahonu,yAlu,wanzo,Tq,wlu,hEktAr,marE,study
Hamatu,maDamariyAnA,zrzr,TnA,kAhEda,wanzo,wanzo,maDamariyA,atena,qari,zrzr,TnA,darag,mahonu,yAlu,wanzo,Tq,study
taTaqAmi,yAdargu,TAbiyA,HakAbAbi,yAlu,wanzo,yAkAtta,yK,atena,miqaTla,war,Hansto,baDa,Hamatu,maTanAqaqiyA,dras,mikanAwa,study
baDa,Hamatu,maTanAqaqiyA,dras,mikanAwa,gEtna,Hama,zrzr,atena,takAhido,dizAy,tazagADalA,masno,proDakto,gnbAtA,qrbu,maDamar,study
takAhEda,mAdAbariyA,HaTaqAqa,mrmr,qolo,mr,HqEdga,mAdAbariyA,atena,mangad,maTaqa,tadaraga,mrmr,qada,sil,hEktAr,gaNa,study
mgb,wAstnA,mAragAgaT,bag,mAdlab,zamanAwi,tEknoloDi,yAdaraga,atena,wTEtAmA,mahonu,HoromiyA,mAstAwaqiyAnA,.hzb,gnNuna,biro,mAHqEkalu,study
zut,sbl,zryA,HarakA,gbrnA,mrmr,mAHqEkalA,takAhEda,atena,mrtAnatA,taragAgaTa,mahonA,HastabAbAri,mr,darsa,sabu,waradA,study
hzb,tawakAyo,mkr,bEt,masarata,lmA,quAmi,komitE,atena,?,?,dAyrEktar,doktar,xadaqa,HabAta,DmA,zon,study
darsu,sablo,mazrA,clu,kuntAl,zar,dgAf,miyAsfalg,atena,matAwaqu,TnA,masarat,zar,dgAf,wl,br,yAsfalg,study
mazrA,clu,kuntAl,zar,dgAf,miyAsfalg,TnA,matAwaqu,atena,masarat,zar,dgAf,wl,br,yAsfalg,mahonulakllu,mgb,study
maTa,yAlawunA,maTalayA,Tql,plAstik,mazagADatu,HastAwuqawAl,gudA,atena,qaTAy,liwasad,gabAwu,HqErmDA,yATanA,bAlamuyA,budn,nagawu,study
HsfrAwu,minqasAqas,tanAgrawAl,budnu,HsfrAwu,tagaNto,miyAdargawu,HadagA,atena,wuTE,mamaHsra,fEdErAl,HadagA,makalAkalnA,zgDuna,HEDansi,takatAtAy,study
mafsasu,nawu,qdma,mAsTanqaqiyA,budn,waradAwu,manqasAqas,bAdaragawu,atena,kttl,HidAbAronA,diHadu,tabAlu,qabalE,nawAri,mulu,mulu,study
DDgA,qrnCAf,x.hfa,bEt,hAlAfi,dastA,yosEf,bAlamuyA,atena,maHsara,mAdrag,galaxu,kllu,kAhu,Damro,miqaTlu,Hsos,study
tafalAgina,HanxAr,Harso,Hadaru,tamaTACaCA,wAgA,yAga,yAscl,atena,maTanAqaqu,drDtA,zar,bAnk,mAquAquA,mrT,zryA,takatAtAy,study
mifaTr,waradA,HastadAdAri,hAbtAmu,hAylamikAHEl,kulA,mangs,proDaktu,atena,HafATA,taTanAqo,srA,Damr,mAdrag,sfrA,nawAri,makfalnA,study
HaCr,mAragAgaT,cAl,hagaritu,taDamara,whA,mAsabAsab,tEknoloDi,atena,mrmr,mAgaz,HaTanAkro,maqaTal,miyAsfalg,whA,mhndsnA,bAlamuyA,study
cAynA,tadagAgAmi,talAku,nAmunA,tafatSa,wTEtAmAnatA,proDaktu,bAkAhEdA,atena,waradA,sAmbu,tabAla,HakAbAbi,kArE,kilomEtr,botA,miliyo,study
wandmku,HityoPayA,zEnA,Hagalglo,galaxu,yunivarsti,masarata,mrmrnA,atena,gnNuna,masarat,DApAnu,tokuSumA,yunivarsti,matabAbar,HEc,Hayvi,study
matabAbar,saw,lD,zaramal,zuriyA,mrmr,HaDandA,mAzagADa,atena,mAkAhEd,miga,HastAwqawAl,profEsar,yArEd,HamErikA,hagar,migaNutnA,study
maTa,qoTAri,mabalASatA,taquAmu,biquAquA,Hadis,HasarAr,zargto,atena,tAwaq,hunEtA,mifaTr,yAzagADa,kllu,marE,HastadAdarnA,HaTaqAqa,study
mimalaka,bAhr,dAr,katamA,qanA,kAhEd,qo,`Awda,atena,mAmSA,TanAqaq,tamarAmAriwocunA,bAlamuyA,tanAgaru,wsAnE,hAsAbu,mAqrab,study
mAdrag,yAscal,galalta,taquA,mamaHsra,HqEndAla,hAyqu,saru,atena,mimalakatA,HakAlA,gbHatna,HastamAmA,maraDA,masTatnA,hAyqu,bklato,study
bEt,Hama,hEktAr,marE,mAlmA,yAsclu,masno,proDakto,atena,miyAkAhid,bEtu,plAnnA,progrA,budn,mari,tAfasa,HandArgE,study
mari,tAfasa,HandArgE,HityoPyA,zEnA,galaTu,masno,proDaktocu,atena,kAhEda,guDi,zono,lmA,TnAtu,TanAqaq,proDaktocu,yAsfalga,study
zonocu,waradA,gorf,whA,mATarAqa,masno,mAwAl,yAscl,atena,mikAhEd,galTa,srA,wl,gabarE,gorf,whA,HaTarAqma,study
gorf,whA,HaTarAqma,sabl,miyAlamu,tAfasa,masno,proDakto,atena,Hamst,Hamatu,lmA,mar.ha,gbr,HakAl,honu,galaTu,study
TAHqEmnA,TrA,maTabaq,yAsclu,taSASAlu,bunA,HazagaDADa,zadE,atena,mamasra,HazagADto,taTaqAmi,stawAwaqa,mahonu,bunA,HazagaDADa,zadE,study
HasfaxAmi,HakAlA,fta,tmhrt,taquAmAtnA,mrmr,mA`kalA,tagaNu,atena,mrmr,wTEto,tagbArAwi,mAdrag,cgr,fta,tmhrt,taquAmAtnA,study
cgr,fta,tmhrt,taquAmAtnA,mrmr,mA`kalA,tagbAr,yAltataragomu,atena,mrmr,waTEto,HqEndAlu,tanAgaru,mhurAnu,HasfaxAmi,HakAlA,tkura,study
tkura,bAlamasTatA,wha,Camro,zarfo,mAgaz,HqEndAltacAla,HanxAru,atena,mrmro,mAkAhEd,waTA,ganzab,fta,mahonu,malakatA,HakAlA,study
dambi,bAko,gEdo,fnCA,skuAr,fAbrikA,bAlu,masmaro,atena,makAhEdu,HadAdisnA,nabAr,masmaro,mAsfAfA,srA,TanAqaq,riDnu,study
katamA,slk,masmar,guabA,tamA,dawa,kaf,mAdrag,atena,HakAhido,mATanAqaqu,bEtu,lElocu,waradA,slk,mAsfAfA,TnA,study
tamo,madaba,slk,danbaNo,HqEndAlu,gEtA,Camra,radA,atena,mrmr,takAhEda,mahonu,zonu,gbrnAnA,gaTar,lmA,xhfa,study
zonu,waradA,Harso,Hadaro,mAsA,Hafar,nAmunA,tasabsbo,atena,takAhidobatAl,warA,Damro,dalE,Hafar,mrmarA,lAborAtor,kAhEd,study
warA,Damro,dalE,Hafar,mrmarA,lAborAtor,kAhEd,qoyawu,atena,mrmr,masarat,talay,qolonA,TEf,sablo,Hasidu,maTa,study
kllu,migaNu,tmhrt,bEto,dras,mAsfAfA,cAl,mrmrnA,atena,mAkAhEd,matAqadu,yunivarsiti,tafaTro,sAyns,kolED,din,doktar,study
Hasmalkto,zArE,HadAmA,katamA,taDamara,gnzAbE,mAsCabaCA,`Awda,atena,Hadis,HababA,katamA,gizEyAwi,bAlAdarA,bord,HastadAdar,tmhrt,study
saT,biqoy,Hadis,HababA,yunivarstinA,tmhrt,biro,takAhEda,atena,lyu,flAgo,tmhrt,fta,daraDA,miyAsfalg,maragAgaTunnA,masku,study
masku,tazagADa,srHata,kors,salTANo,masfartnA,gudAyo,sfA,atena,mangHs,mamhrA,tmhrt,Hadis,HababA,gl,fta,tmhrt,study
molunA,zalAqi,lmA,mAragAgaT,clu,waTAto,mAfrA,yAscl,atena,masarat,mAdrag,mahonu,mangstAwinA,mangstAwi,kAlhonu,drDto,maho,study
tamasga,HityoPyA,zEnA,Hagalglo,galaTu,Hamatu,maDamariyAnA,zrzr,atena,kAhEda,wanzo,wanzo,maDamariyA,TnAtnA,qari,zrzr,TnA,study
tamasga,HityoPyA,zEnA,Hagalglo,galaTu,Hamatu,maDamariyAnA,zrzr,atena,kAhEda,wanzo,wanzo,maDamariyA,TnAtnA,qari,zrzr,TnA,study
Hamatu,maDamariyAnA,zrzr,TnA,kAhEda,wanzo,wanzo,maDamariyA,atena,qari,zrzr,TnA,darag,mahonu,yAlu,wanzo,Tq,study
taTaqAmi,yAdargu,TAbiyA,HakAbAbi,yAlu,wanzo,yAkAtta,yK,atena,miqaTla,war,Hansto,baDa,Hamatu,maTanAqaqiyA,dras,mikanAwa,study
baDa,Hamatu,maTanAqaqiyA,dras,mikanAwa,gEtna,Hama,zrzr,atena,takAhido,dizAy,tazagADalA,masno,proDakto,gnbAtA,qrbu,maDamar,study
mgb,wAstnA,mAragAgaT,bag,mAdlab,zamanAwi,tEknoloDi,yAdaraga,atena,wTEtAmA,mahonu,HoromiyA,mAstAwaqiyAnA,.hzb,gnNuna,biro,mAHqEkalu,study
takAhEda,mAdAbariyA,HaTaqAqa,mrmr,qolo,mr,HqEdga,mAdAbariyA,atena,mangad,maTaqa,tadaraga,mrmr,qada,sil,hEktAr,gaNa,study
bEt,Hama,hEktAr,marE,mAlmA,yAsclu,masno,proDakto,atena,miyAkAhid,bEtu,plAnnA,progrA,budn,mari,tAfasa,HandArgE,study
mari,tAfasa,HandArgE,HityoPyA,zEnA,galaTu,masno,proDaktocu,atena,kAhEda,guDi,zono,lmA,TnAtu,TanAqaq,proDaktocu,yAsfalga,study
galaTu,masno,proDaktocu,TnA,kAhEda,guDi,zono,lmA,atena,TanAqaq,proDaktocu,yAsfalga,waCi,taTaqso,mimalakata,HakAl,miqarb,study
zonocu,waradA,gorf,whA,mATarAqa,masno,mAwAl,yAscl,atena,mikAhEd,galTa,srA,wl,gabarE,gorf,whA,HaTarAqma,study
gorf,whA,HaTarAqma,sabl,miyAlamu,tAfasa,masno,proDakto,atena,Hamst,Hamatu,lmA,mar.ha,gbr,HakAl,honu,galaTu,study
mr,zamanAwi,qafo,maTaqa,fta,mr,mAgNa,yAscl,atena,mukarA,srA,takAhEda,bAhlAwi,qafo,`Amatu,kuntAl,mAr,study
Hadar,gaTar,qabalE,lTu,bAhlAwi,nb,qafo,HqEndAlu,atena,bEtu,bAhlAwi,mangad,nb,srA,tasamAru,Hamst,Harbto,study
zut,sbl,zryA,HarakA,gbrnA,mrmr,mAHqEkalA,takAhEda,atena,mrtAnatA,taragAgaTa,mahonA,HastabAbAri,mr,darsa,sabu,waradA,study
HaCr,mAragAgaT,cAl,hagaritu,taDamara,whA,mAsabAsab,tEknoloDi,atena,mrmr,mAgaz,HaTanAkro,maqaTal,miyAsfalg,whA,mhndsnA,bAlamuyA,study
HakAbAbi,HabaratA,wT,tAya,qaTAyna,lEla,mahonu,srA,atena,mrmr,mAgaz,HaTanAkro,maqaTal,miyAsfalg,tagbAr,wl,botA,study
komplEks,proDak,HakAbAbi,miliyo,ton,dngAy,kasal,miga,atena,proDaktu,waradA,HaCabo,sAmbo,HakAbAbi,hAlAfi,bzuHaya,zalaqa,study
cAynA,tadagAgAmi,talAku,nAmunA,tafatSa,wTEtAmAnatA,proDaktu,bAkAhEdA,atena,waradA,sAmbu,tabAla,HakAbAbi,kArE,kilomEtr,botA,miliyo,study
miliyo,ton,yAhl,dngAy,kasal,km,miga,mAwaq,atena,nAmunA,qufAro,srA,HityoPyA,DiHoloDikAl,sarviy,bAlamuyAwocnA,tabAla,study
wandmku,HityoPayA,zEnA,Hagalglo,galaxu,yunivarsti,masarata,mrmrnA,atena,gnNuna,masarat,DApAnu,tokuSumA,yunivarsti,matabAbar,HEc,Hayvi,study
hxAnA,darsu,TEnA,cgrocnA,snatawAldo,TEnA,zuriyA,mrmrnA,atena,mAkAhEd,mahonu,Darma,hagar,migaNa,lAytask,yunivarsti,matabAbar,study
mimalaka,bAhr,dAr,katamA,qanA,kAhEd,qo,`Awda,atena,mAmSA,TanAqaq,tamarAmAriwocunA,bAlamuyA,tanAgaru,wsAnE,hAsAbu,mAqrab,study
mAdrag,yAscal,galalta,taquA,mamaHsra,HqEndAla,hAyqu,saru,atena,mimalakatA,HakAlA,gbHatna,HastamAmA,maraDA,masTatnA,hAyqu,bklato,study
TAHqEmnA,TrA,maTabaq,yAsclu,taSASAlu,bunA,HazagaDADa,zadE,atena,mamasra,HazagADto,taTaqAmi,stawAwaqa,mahonu,bunA,HazagaDADa,zadE,study
binor,mawlad,HqEskA,yAltakasata,mahonu,fta,hkmnA,bAlamuyA,atena,liyAdargu,migabA,katamA,HqEnssA,TEnA,TbaqA,lAborAtori,hAlAfi,strengthen
HasfaxAmi,HakAlA,fta,tmhrt,taquAmAtnA,mrmr,mA`kalA,tagaNu,atena,mrmr,wTEto,tagbArAwi,mAdrag,cgr,fta,tmhrt,taquAmAtnA,study
HakAlA,tkura,bAlamasTatA,wha,Camro,zarfo,mAgaz,HqEndAltacAla,atena,mrmro,mAkAhEd,waTA,ganzab,fta,mahonu,malakatA,HakAlA,study
katamA,slk,masmar,guabA,tamA,dawa,kaf,mAdrag,atena,HakAhido,mATanAqaqu,bEtu,lElocu,waradA,slk,mAsfAfA,TnA,study
dambi,bAko,gEdo,fnCA,skuAr,fAbrikA,bAlu,masmaro,atena,makAhEdu,HadAdisnA,nabAr,masmaro,mAsfAfA,srA,TanAqaq,riDnu,study
HasidAmA,Hafar,darasa,yAlawu,mr,maqanas,mAswagad,radA,atena,mrmr,takAhEda,mahonu,zonu,gbrnAnA,gaTar,lmA,xhfa,study
zonu,waradA,Harso,Hadaro,mAsA,Hafar,nAmunA,tasabsbo,atena,takAhidobatAl,warA,Damro,dalE,Hafar,mrmarA,lAborAtor,kAhEd,study
warA,Damro,dalE,Hafar,mrmarA,lAborAtor,kAhEd,qoyawu,atena,mrmr,masarat,talay,qolonA,TEf,sablo,Hasidu,maTa,study
kllu,migaNu,tmhrt,bEto,dras,mAsfAfA,cAl,mrmrnA,atena,mAkAhEd,matAqadu,yunivarsiti,tafaTro,sAyns,kolED,din,doktar,strengthen
tabAlu,nagaro,kAnta,qarabul,maxAhf,tanasA,Hamst,HamatA,atena,snksAr,bAnta,maxAhf,mazmuro,TSA,HawrEnA,HagAza,wb,study
tawasanu,zrzr,naTbo,maTaqAqas,mitAwaqa,TnAtAwi,maraDA,mnCocu,atena,zadE,ta`AmAni,Hadis,dmdAmE,yAstawAwq,maho,yhunnA,doktaru,study
tmhrtu,maznAnA,HsAyAmra,ganzab,gArAnA,CAt,gazA,rtto,atena,smu,TawA,kAlACasa,gAw,mgb,lto,kAlACasa,trf,study
profEHsar,TnAtnA,mrmr,HakAhido,hayq,Haso,mgbna,baqA,atena,mrmru,tabaHsACu,HandAnd,glasabo,HqEl,HaHsA,Tamadu,TrE,study
hunEtA,ragAgA,dras,maHsaratAwi,fDotA,SaqaTo,DamarA,Trato,atena,miqaTl,ngd,ministEr,HastAwaqa,bAlafu,smnt,warA,mangs,study
tadaragu,HqEnqsqAsE,Tru,gaxtA,nabarA,galaxu,rEd,laTa,atena,masrA,miyAsfalg,tanAgrawAl,HsrA,`dl,mafTar,ngdnA,gbr,study
tastawAla,yAla,lmAtnA,malkA,HastadAdar,wTno,taSAla,daraDA,atena,mAsqaTalnA,hbratasabu,taTaqAmi,mAdrag,HamarAru,nqA,manqasAqas,migabA,study
max.haf,yAlu,fidalA,HagaTATmo,mAnbab,gAliliyo,Damara,niwta,atena,gafA,wsbsb,maslu,tafaTro,HqEnqsqAsE,hidato,qalAl,hgua,strengthen
haHsAb,gabtuAcawAl,moltola,mAyAwqa,mAzagADA,bEt,CaguArA,malATu,atena,qaTluAl,bAygarmA,walo,yunivarsiti,rAHsu,cgru,salabA,boru,study
mtAhl,Harba,safi,hagar,Harba,TabAb,Haqmu,HakAl,atena,mAlatu,farDa,fatanA,gaTama,ymaslAl,maraDAnA,mAsraDA,HqETo,study
komAndowockatagadala,HamErikA,mannA,somAliyA,gaNu,HalqAydA,budnoclAy,tamasAsAy,atena,HqErmDA,mawsad,DamrAla,prEzidA,bArAk,HobAmA,bilAda,yAgaNu,study
gbra,hAylu,Hasqadmo,HadagA,makalAkal,cl,HqErAsu,daraDanA,atena,Sbr,wanDal,makalAkal,ygaNAl,taTarTAri,tayAzu,taqAwAmi,pArti,study
max.haf,yAlu,fidalA,HagaTATmo,mAnbab,gAliliyo,Damara,niwta,atena,gafA,wsbsb,maslu,tafaTro,HqEnqsqAsE,hidato,qalAl,hgua,strengthen
Hagaritu,naxAnatnA,ft,dimokrAsi,TyAqE,mAnHsA,Damaru,HqEnqsqAsE,atena,maqaTal,HalaHagbAb,tAsaru,polatikA,HqEsraNo,fatu,maTayaq,Damaru,strengthen
hasAb,manasA,mHqEta,Hamatu,gb,mAsAkA,Damara,HasarAr,atena,qaTl,HqEdl,yfaTrAl,bla,HqEnAmnAla,tgrAy,HqEnAto,TEnA,strengthen
srA,mATA,mamasAsalA,raD,HqEdmE,yAsqoTara,hulatyo,guAdaNnatA,atena,guAdaNAmocu,Tbabu,nuro,wdnatu,ftu,madhani,falsmanAl,madhanitu,study
hlwnA,takAda,nagar,mada,saw,salAm,mansA,tagbAru,atena,liqaTl,Haycl,bils,lamA,baqA,lam,hgamangstA,Hanqax,study
ngusAwiyAnu,tAmA,maqomA,.hzbAwi,Hamaxu,tanu,nagastAtu,qoyta,atena,nagaru,tAwaqu,HqEngliz,tArik,xa.hafi,galxa,tArik,mangadu,study
t`gstu,habtA,militErinA,tarA,kolfE,tAlAlAq,suqocnnA,yzotA,atena,CAmA,suqo,TAqA,suq,wafCo,quAt,maSaCA,suqo,study
`Ad,daraDA,tmhrt,bEto,kAhEda,mamAr,mAstamAr,hida,atena,lAkuA,vidiyo,kAsEto,tmhrt,bEtocu,tasaTtawAl,tmhrt,tagbAr,study
nAHako,sEyto,kulA,Hamst,HamatA,tazagADa,mrmr,mAHqEkalA,atena,proDak,bAlafu,sost,HamatA,Tru,wTE,mAsAyatu,tagamgmo,strengthen
HastAwqawAl,kllocu,taDamarawu,HinformE,kominikE,tEknoloDi,mAdAras,srA,atena,HintarnE,marab,mazargAtnA,mAsfAfA,srA,takanAwana,mahonu,srA,study
.hadgu,galTawAl,Hagalglotu,maDamar,HakAbAbi,mikAhEda,Hikonomi,HqEnqsqAsE,atena,HastawAxHo,minora,HabrArta,Hagalglotu,mAgNa,TyAqE,yAqarbu,qoyu,study
tAya,qaTAyna,lEla,mahonu,srA,TnAtnA,mrmr,mAgaz,atena,maqaTal,miyAsfalg,HasganzbawAl,tagbAr,wl,botA,mAzagADatnA,HasfalAgi,strengthen
kominikE,korparE,samE,msrAq,riD,miliya,br,waCi,atena,mAsfAfAtnA,tamo,srA,maDamaru,HastAwaqa,riDnu,srA,HaskayAD,study
waradA,dngAy,kasal,yuriyA,mAdAbaryA,mAmra,yAscla,TnA,atena,maqaTalu,kol,fosfE,mAdAbariyA,komplEks,proDak,HastAwaqa,HakAbAbi,study
hagaritu,taDamara,whA,mAsabAsab,tEknoloDi,TnAtnA,mrmr,mAgaz,atena,maqaTal,miyAsfalg,whA,mhndsnA,bAlamuyA,Hasganazabu,HarbAmnC,yunivarsiti,strengthen
Hagalglo,maTaqa,DamrawAl,Damara,gaTar,slk,mAsfAfA,srA,atena,maqaTal,tAhsAs,war,dras,zonu,waradA,gaTar,qabalE,strengthen
HastAwqawAl,kllocu,taDamarawu,HinformE,kominikE,tEknoloDi,mAdAras,srA,atena,HintarnE,marab,mazargAtnA,mAsfAfA,srA,takanAwana,mahonu,srA,study
nAHako,sEyto,kulA,Hamst,HamatA,tazagADa,mrmr,mAHqEkalA,atena,proDak,bAlafu,sost,HamatA,Tru,wTE,mAsAyatu,tagamgmo,strengthen
br,mamadab,mamhrAnnA,tamAri,mrmr,HadmAsnA,mrmr,zarfo,atena,miyAsclu,tagbArA,tkura,saTto,manqasAqs,mahonu,profEsar,yArEd,study
HadAdis,mrmr,proDakto,miyAkanA,HastAwaqa,mrmru,HarsoHadaro,tasAtfo,atena,taquAmu,sost,zono,nHus,mAHqEkalA,HqEkaftAla,Hala,taquAmu,study
Hagalglo,maTaqa,DamrawAl,Damara,gaTar,slk,mAsfAfA,srA,atena,maqaTal,tAhsAs,war,dras,zonu,waradA,gaTar,qabalE,strengthen
hagaritu,taDamara,whA,mAsabAsab,tEknoloDi,TnAtnA,mrmr,mAgaz,atena,maqaTal,miyAsfalg,whA,mhndsnA,bAlamuyA,Hasganazabu,HarbAmnC,yunivarsiti,strengthen
saw,hAyl,HqETra,taTaqA,yunivarsti,wha,tEknoloDi,fAkAlti,atena,bAlamuyA,mAsalTa,mahonu,galTa,mhndsnAnA,wha,tEknoloDi,zarfo,study
.hadgu,galTawAl,Hagalglotu,maDamar,HakAbAbi,mikAhEda,Hikonomi,HqEnqsqAsE,atena,HastawAxHo,minora,HabrArta,Hagalglotu,mAgNa,TyAqE,yAqarbu,qoyu,study
hAgaritu,mgb,wAstnA,HaCr,gzE,mAragAgaT,mtAdarga,Trat,atena,qaTlu,HasganzbawAl,mrmrnA,Habna,Taqas,blawAl,mahonu,bAladrSA,study
waradA,dngAy,kasal,yuriyA,mAdAbaryA,mAmra,yAscla,TnA,atena,maqaTalu,kol,fosfE,mAdAbariyA,komplEks,proDak,HastAwaqa,HakAbAbi,study
HastadAdAri,hAbtAmu,hAylamikAHEl,kulA,mangs,proDaktu,TnA,HafATA,atena,srA,Damr,mAdrag,sfrA,nawAri,makfalnA,mAsnasA,HasfalAgi,study
gaN,.hzb,wabAnA,vEktar,walad,StA,HqEndAyTaqA,HakAbAbi,atena,baStA,makalAkalnA,.hkmnA,Hagalglo,tasaTa,mahonu,kllu,TEnA,study
cgNo,HakAbAbi,mAsmaTA,Harso,Hadaru,yAlamAnA,gabi,mnCu,atena,mAgaznA,muyAnA,mkar,masTa,taTaqAmi,daraga,mahonu,TaqumawAl,study
cgr,yAla,mahonu,drDtu,miyAdarglA,dgAf,srA,tanasASnatA,atena,taTaqAmi,honu,mamTAtA,galTawAl,tantA,waradA,gbarnAnA,gaTar,study
kAdalabuA,goc,br,br,trf,mAgNatA,srA,HaTanAkra,atena,mAstAwaqA,galTuAl,mask,gubNtu,`AlAmA,Harso,HadarunA,bAlamuyA,study
br,mamadab,mamhrAnnA,tamAri,mrmr,HadmAsnA,mrmr,zarfo,atena,miyAsclu,tagbArA,tkura,saTto,manqasAqs,mahonu,profEsar,yArEd,study
tamazagaba,wT,tmhrtnA,TEnA,taquAmA,masarata,lmAto,mazargA,atena,srA,makanAwanu,galaTu,HabAy,miqaTlu,HamatA,mAgol,waTAtocnA,study
maqoTATar,tacAlawu,HakAbAbiwu,HawuroplA,kEmikAl,rCtnA,bAhlAwi,zadE,atena,makalAkal,srA,makAhEdu,nawu,grisA,wafo,darasawu,qolo,study
HErtrA,waTAto,Torna,sgadada,mAgd,qoytuAl,HqEkuy,tagbAru,atena,gafA,yAla,hAlAfina,godala,nawTa,HamarAr,HErtrA,waTAto,study
tastawAla,yAla,lmAtnA,malkA,HastadAdar,wTno,taSAla,daraDA,atena,mAsqaTalnA,hbratasabu,taTaqAmi,mAdrag,HamarAru,nqA,manqasAqas,migabA,study
lmAtnA,dEmokrAsi,mAgol,dhnatnA,qarna,mASanaf,taDamara,Trat,atena,maqaTal,ygabAwAl,`Alu,pAnAl,wyy,gT,tglu,tasawu,strengthen
kuwingli,cAynA,mangs,HityoPyAnA,HafrikA,lmA,yAdarga,dgAf,atena,yqaTlAl,blawAl,l`ukA,budnu,cAynA,mangs,fta,bAlaslTAnA,study
srC,zEro,dras,makalAkal,mankabAkabnA,dgAf,mAdrag,tkuratu,atena,misarA,tanAgrawAl,drDtu,vAyrasu,damA,yAlabA,wagano,yAquAquAmuA,study
mAdrag,taDamara,Harso,Hadar,Tmra,gbrnA,mrmr,HaHEkstE,atena,mAsqaTal,tkura,HaqTACA,riportu,tamalakata,Hsosta,tkura,HaqTACAnA,study
faTAnnA,taqalATafa,Hagalglo,saTu,biro,yAdarga,kttlnA,quTTr,atena,maqaTalu,Hadis,HababA,TEnA,biro,HastAwquAl,tagalgAyucu,galaxu,study
tanAgaru,konfEdErESnu,HafrikA,salAmnA,xaTtA,saf,yAdarga,HqEnqsqAsE,atena,yqaTlAl,HafrikA,hbra,maqanADa,HqEgr,kuAs,HamAkAyna,dahnnatuAnA,study
srA,sarA,maqoyatu,mkr,bEtu,mamasra,taDamara,srA,atena,maqaTal,fta,TaqamEtA,ynorawAl,blawAl,Hadis,HababA,katamA,strengthen
cgr,maftA,HEDansi,fEdErAlnA,kllo,gnzAbE,mAsCabaCA,HsrA,atena,miqaTl,TaqumawAl,HqEskA,kllo,takAhEda,mzgabAnA,mawACo,mAsabAsab,study
HsrA,`dl,mafTar,Haq,gnbAtAnA,gabayA,tssr,HsrA,atena,maqaTalu,galxawAl,TqAq,Hanasta,srA,masko,tasamArta,wTEtAmA,study
yAmnAl,HqEnqsqAsE,bAlafa,Hama,HagAmA,Damara,yAzna,Hama,atena,qaTl,hunEtA,yhonAl,drDtA,tamasarata,Hama,mnAkabr,waqt,strengthen
Hikonomi,manAd,mahakal,kAhEd,tgl,mahonu,mangs,tglu,atena,liqaTl,ygabAl,maCaraSA,.hgamangstA,glx,tamalakata,marE,hzbnA,study
lmA,gbo,mAsAkA,mtAdargA,Trato,masAkA,mangstAcawu,dgAfu,atena,miqaTl,HambAsAdaru,galxawAl,HambAsAr,donAld,buz,gAmbElA,kll,study
HamErikA,mangs,daraga,yAla,Trat,Hamasgna,qaTAy,dgAfocu,atena,qaTlu,TayqawAl,HambAsAdar,donAld,buz,kllu,HamErikA,mangs,study
.hgawaT,madhAni,zwwr,yAgAT,TqomA,masTa,talamada,tbbru,atena,qaTl,TayqawAl,sil,zagaba,HizEHa,drEdA,.harar,dasE,strengthen
fta,drSA,minorA,gudAyo,zuriyA,tkura,saTto,rbrbu,atena,maqaTal,gabA,mahonu,HaTayAyAqi,Haydala,xhuf,HanbAbi,lmA,strengthen
yAkAttAl,mr,maSaT,HaliyA,magzA,HityoPyA,HakAl,mahonuA,atena,daraDA,tgaNAla,mAyAnsu,HagarA,ngd,lwwT,mAdrag,gabayA,study
tgl,dl,taTanAqaqa,hdAsE,guzo,dAr,dars,rbrbu,atena,qaTl,Tri,mAqrabA,HEf,bisi,zagbuAl,bhEr,bhErasabo,strengthen
kAsA,taklabrhA,`latu,b.hEro,bhErasabocnA,hzbo,tafaTara,Handna,atena,mahonu,tanAgrawAl,gubAHE,maqalE,katamA,takabara,bAla,HityoPyA,study
bhEro,bhErasabocnA,hzbo,qan,hga,mangstu,b.hEr,b.hErasabo,atena,Handna,mafTarnA,hdAsEyA,mATanAkar,fAydA,golA,blawAl,wAstnA,study
dinA,xhufA,lHukA,budn,wadatalayAyu,hagarA,malAk,gnNunatu,atena,maTA,mahonunnA,salAmnA,lmA,wTE,tAya,mamTAtu,TaqumawAl,study
tandAho,skuAr,fAbrikA,hnxAnA,maTaT,wuhA,gnbAtA,HaCr,atena,mAsrakab,Tratu,HaTanAkro,yqaTlAl,blawAl,mkr,bEtu,bAkAhEda,study
polatikA,pArti,mkr,bEt,kll,zonnA,waradA,daraDA,atena,qaTl,mkr,bEtu,HabAlA,mulu,dmx,tasmAmtawAl,qaTAy,strengthen
safi,mkkr,yAdaragu,pArti,maganA,bzuhA,yAkAhiduA,wyyto,atena,qaTlunA,wyy,bAhlu,dAbr,tasmAmtawAl,zArE,takAhEda,polatikA,study
HawAsA,yunivarsti,trAkomA,mATfA,hkmnAnA,slTanA,masTa,migaNnA,atena,maqaTal,migabA,prEzidA,grmA,maglaxA,wyytu,takatAtalu,mangHs,strengthen
HqEnqsqAsE,HityoPyA,mangHs,Hamaci,hunEtA,faTara,mahonu,tanAgrawAl,atena,maqaTal,HityoPyA,mangs,tabAbro,masrA,flAgo,HqEndAla,galxawAl,study
qaTAy,Hagalglo,TrA,mASASAl,danbaNo,HqErkAtA,mAragAgaT,tkuratu,atena,miqaTl,HamalktawAl,talay,Hahunu,waqt,HasAsAbi,daraDA,darasawnnA,study
wyytu,mAhbaru,yAla,HqEwqa,HafrikA,mAkAfal,Damara,gnNuna,atena,maqaTal,HqEndAla,manAgarA,wyytu,takatAtalu,gudAy,ministEr,HamErikA,strengthen
HaxqaslAsE,galxawAl,mAhbaru,HityoPyA,dgAfo,mAdrag,miga,gnNuna,atena,mAsAdag,Trat,madarag,HqEndAla,prEzidAntu,HasAsbawAl,mAhbaru,TAliyA,study
HEl,dEvis,mAhbaru,HityoPyA,raD,`AmatA,yAla,gnNuna,atena,yqaTlAl,mAlatA,HizEHa,Taqso,wAltA,HinformE,mA`kal,zagbuAl,study
bAhl,trHi,makAhEdu,Hagaro,hzb,hzb,tssr,zalAqina,atena,mAsqaTal,mcu,hunEtA,faTr,mahonu,tanAgrawAl,HityoPyA,tagabara,study
HqEncl,taDamara,mamakAkarnA,tasAtfo,`dl,mAsfA,Damara,tra,atena,yqaTlAl,malA,HityoPyA,hzbo,taTaqAminatA,mAragAgaT,HityoPyA,hdAsE,strengthen
Hamrro,tAgalnA,yAmak,sAynsAwi,HamarAr,Tbab,maganbAtu,hida,atena,qaTluAl,hzbA,taTaqAmina,ybalT,taragAgaTa,ygaNAl,HihHadEg,lmAtAwi,study
max.haf,yAlu,fidalA,HagaTATmo,mAnbab,gAliliyo,Damara,niwta,atena,gafA,wsbsb,maslu,tafaTro,HqEnqsqAsE,hidato,qalAl,hgua,strengthen
TqAtu,tafaxama,`la,tafaTara,HadagA,galxo,maraDA,HasabAsbonA,atena,Carasa,takatAtAy,maglaCA,qanA,bisaT,noro,ta`AmAninatu,yAragAgTlatAl,study
mAgNa,tacluAl,HanxAr,dkma,tAya,makalAkal,HsrA,`Ama,atena,maqaTal,tAsbuAl,qadmo,HamErikA,prEzidA,DorD,dabli,buS,strengthen
msl,mAsraDA,mAsabAsabnA,kompiyutar,mayAz,tadaraga,yAla,Trat,atena,maqaTal,HqEndAla,HasAsbuAl,.hwa.hA,liqamanbar,malas,zEnAwi,qaraba,strengthen
konfrAnsu,HqEndAstAwaqu,.hbratasabu,kllu,yAla,taragAgA,salAm,ybalT,atena,taDamaru,lma,srA,dAr,mAdras,manqasAqas,Hala,malkA,study
migabA,HasAsba,draDtu,kllu,Damara,srA,HastadAdarunA,.hbratasabu,atena,miqaTl,yAlhona,viknA,sab`Awi,mabto,mrmrnA,tmhar,mAHqEkal,study
`AmatA,kllu,takanAwanu,salAm,lmAtnA,dEmokrAsi,sra`A,gnbAtA,atena,maqaTal,dhna,malAqaq,taDamara,tgl,dl,mATanAqaq,TankrawHqEndamisaru,strengthen
mASASAyA,progrAmo,matagbar,midaraga,Trat,Haq,gnbAtAnA,dgAfo,atena,miqaTl,HastAwaqa,ganzabnA,Hikonomi,lmA,ministr,dHEtA,mAmo,study
HEkstEnSnnA,madaba,NarogrAmo,kAhEda,HagadAnA,brHqE,sablo,lmA,atena,maqaTal,kAlafu,HamatA,wadi,mrtAmAna,maCamar,qaTAyna,nora,strengthen
yAkAhidAl,xhfa,bEtu,HasfalAgi,HsarAtaNocu,mAmuAlA,HaTaqAlAy,Haqmu,atena,fta,Trat,yAdargAl,yAlu,tasfAy,hiHsAb,bAlamuyAwocnA,gl,study
flAgo,tadarADto,drSA,waTA,yAdarg,qo,dgAfnA,`gazA,atena,miqaTl,HastAwquAl,HabdEpA,`Ama,`Al,HabAlAtu,dagAfi,Tri,study
tabAbro,maHsrA,quAnquA,mAsAdag,lAlafu,`AmatA,yAdaraga,Trat,atena,qaTlnA,tmhar,lDE,zAf,daDE,kllu,mar,tagbArAwi,study
tabAbro,maHsrA,quAnquA,mAsAdag,lAlafu,`AmatA,yAdaraga,Trat,atena,qaTlnA,tmhar,lDE,zAf,daDE,kllu,mar,tagbArAwi,study
masrAtAcawu,zarfu,mAynAq,wuTE,tagaNtuAl,dhna,taDamarawu,zamacA,atena,maqaTal,Hadisu,milini,taSAla,hywat,mamrA,tayAyzo,masrA,strengthen
masrA,migabA,HasganzbawAl,malkA,HastadAdarnA,dEmokrAsi,gnbAtAwu,laTa,atena,lmA,mafATa,fta,HastawAxHo,norawu,kulu,HastawAxHo,yAbaraka,study
habtA,HagbAbu,maTaqa,macAl,Damarnawu,Trat,Hadisu,milani,atena,maqaTal,migabA,bxaHqE,Habuna,qErlos,Hasganazabu,samE,walo,strengthen
talAqo,Hadis,srA,bAhl,Damara,lmA,HqEnqsqAsE,miliniyamu,atena,maqaTal,Hala,dabub,walo,bAlafu,`AmatA,tamazagabu,lmA,strengthen
taDamarawu,malkA,HastadAdarnA,dEmokrAsi,gnbAtA,hida,Hadisu,milini,atena,maqaTal,dhna,mAswagad,manqasAqas,migabAwu,zonu,?,?,strengthen
tanAgaru,hzbu,takAhEda,yAlawu,malkA,HastadAdarnA,dEmokrAsi,gnbAtA,atena,Hadisu,milini,dhna,mAswagad,hbra,manqasAqas,Hala,Hadisu,study
mAswagad,hbra,manqasAqas,Hala,Hadisu,milini,dEmokrAsinA,lmA,atena,tasaTawu,tkura,zonu,hzb,nqA,masAtaf,HqEndAla,HasganzbawAl,study
hzbu,polatikA,HamalakAkatnA,hAymAno,lyuna,sAyAgdawu,HqEdgatnA,blxganA,atena,sarA,HaCr,wusT,dhna,tArik,Hadrgo,mAsqara,micl,study
mAfATa,ragad,fta,HastawAxHo,ynorawAl,zonu,hbratasab,salAm,atena,lmA,tasAtfowu,mAsAdag,Damarawu,Trat,zalAqi,HqEdga,HastamAmA,study
tssr,ybalT,TanAkr,yhonAl,HamatA,tamazagaba,Hikonomi,HqEdga,atena,hidatu,qaTAyna,mAragAgaT,Hadis,manfas,HqEnqsqasE,darag,mahonu,study
mahonu,milinya,b.hEr,b.hErasabocnA,.hzbo,dEmokrAsiyAwi,tssr,ybalT,atena,dh,mAsawagad,taDamara,Trat,yAgolab,zaman,miho,HandAnd,study
saw,hAyl,mAfrA,kulu,HastawAxHo,mAbarakatu,Hamalkta,HqEnqsqAsE,atena,maqaTal,Hindustri,zarf,salaTana,saw,hayl,HqETra,mAswagad,strengthen
tanasA,HErtrA,sda,taSAla,HamArAC,ylqu,sda,guzo,atena,talay,HityoPyA,bzA,tAdiyA,Tru,HaqabAbal,tagabi,HayAyAz,study
tgbarA,kAsqANahuA,xu.hufE,`AlAmA,gl,fta,kliniko,Hagalglo,atena,cgrocA,mikatala,HamatA,HqEz,ymarA,hAgarA,Hikonomi,polisi,study
bEt,tasabasaba,gabi,mahonu,masriyA,bEtu,HsrA,laTa,atena,`Amatu,TaqlAlA,miliyo,br,gabi,masabsab,Haqdo,HsarA,study
