Lcontext9,Lcontext8,Lcontext7,Lcontext6,Lcontex5,Lcontext4,Lcontext3,Lcontext2,Lcontext1,target word,Rcontext1,Rcontext2,Rcontext3,Rcontext4,Rcontext5,Rcontext6,Rcontext7,Rcontext8,Rcontext9,class
malas,HqENyA,HityoPyA,DagnA,yAzagADa,xhuf,yunivarsiti,mhurA,HakAbAbi,atena,mrmr,gN,mibAla,tagalxa,mAyAwqu,HadAdis,HqEwnato,yAza,mahonu,study
lb,hoNE,mta,HamAr,naqA,byE,mta,tAlAq,wandmE,atena,byE,bunA,sTaTA,bla,maNA,yASofb,mknyAtu,TnA,byE,study
bla,HqEwnatnA,ft,HityoPyAnA,HafriqA,gmand,froyd,sAyko,HanAlAysis,atena,mrmr,Tqur,hzb,lAyho,nafs,yAla,saw,saw,saw,study
HqErso,yATanu,fiziks,zarf,yAw,tarA,saw,migabA,mangad,atena,muqa,hAyl,tawasana,kfl,frEyAmA,HsrA,maTaqa,makinA,HEnDi,study
xaba,HawAki,bAhry,yAlA,sawu,yto,mAwaq,mtAdargu,kttlnA,atena,tArAmi,fta,CAnA,frhA,tArAmi,mAwAradnA,madabdab,darsu,tArAmi,study
zEgua,CfCafA,yAlaqu,samA`tA,`Ama,matAsabiyA,naga,wadiyA,HityoPyA,atena,mrmr,taquA,HqEndAstAqa,HqElatu,zakru,TnAtAwi,mrmr,HsrA,mhurA,study
holiwd,misaru,fil,dAyrEktaro,sEto,quTr,Hamst,mato,mahonu,atena,Taqu,holiwd,Tqur,fil,bAlamuyA,masrA,HqEdl,bAlaslTAnAtnA,fil,study
mAdras,fta,HqEruCA,Hagalglo,sfA,yAlamadAras,hunEtA,mknyAtu,mndna,atena,tamokro,tagaNa,wTE,hkmnA,taquAmA,Hagalglotu,HalamasTatAcawHa`mro,hAsAb,naxA,study
mAwTA,falaku,zm,zm,bAl,Ha`mro,bAdo,yhonAl,sAynsAwi,atena,bAynor,zArE,SmAglE,mazabAraqu,yAw,sAraD,lzabArq,wadafitu,HqEko,study
sil,tarata,nabAr,yzotA,liz,Hsr`A,qayaru,hunEtA,zrzr,atena,tadargua,`Ama,tagbArAwi,miho,magalaxu,`awADu,mawTAtu,tagabi,TnA,study
mAdrag,TnA,baqi,minibAsu,guzo,Damr,gugu,taTabAbaqku,sm,atena,guanu,tadaradaru,Hawtobso,maqnA,zamanAwi,HawtobsocmAskabar,Hsos,`Ama,mazagyatu,study
gdbu,staqar,HabzA,HsrA,taTanAquAl,yAlu,gdbu,HsrA,liguAta,atena,dizAy,waqt,yAlnabara,rsa,mdr,cgr,gdbu,maHsara,qofar,study
lifata,gabA,lAqa,HsrA,manAgar,cAl,tanasu,hasAbo,brhAnu,atena,tagaNu,r`yota,`Ala,mAsAyA,honu,Cmq,flsfnA,taratocu,yAzuA,study
zgDtu,mAsAkA,bAdaraga,tgA,mamasga,yunivarsiti,fta,halAfi,bAhl,atena,masfAfA,yAdaragu,trgu,yAla,wsAnEnA,tagbAr,ybal,yAsa,rka,study
ymaTAl,tablo,HayAlE,SihnA,mato,zamanA,Tabaq,nora,hxAn,atena,tamaHsarata,kAlhona,qar,maHsaratu,HiyaHsuHs,krstos,tawalada,tkkla,qan,study
HakAl,Tru,hunEtA,mAsqamaTnA,`Ala,hab,mAdrag,mahonu,qrs,atena,TbaqA,bAlaslTA,?,?,dAyrEktar,yonAs,dastA,galaxu,DApA,study
maganzab,tacAla,bAng,pAkis,tAnnA,nAyDariyA,migaNu,bEtasabo,takA.hEda,atena,TnAtu,hida,taTayaqu,bEtasabo,sdst,mgb,mAgNa,lDu,tmhrt,study
mAsgabAtnA,mrtocA,gabayA,mAwTA,miyAsclA,mangado,gnbAtA,dizAy,HanA,atena,HsrA,miwla,miliyo,br,miliyo,yAhlu,fEdarAl,mangHs,HamAkANna,study
taquAmnA,Halam,bAnk,bAkAhEdu,TnA,maTaqomA,maTqas,zagAbi,xhufu,atena,Harso,Hadaru,gbrnA,mr,gabi,mato,maCamar,tacAla,kafA,study
mistar,rAyzugi,polatikA,sAyns,tmhrt,takatAtalunA,HagarA,pArlAmAnA,mrmrnA,atena,kfl,dAyrEktar,taSuAmi,tripoli,taquAquAma,biro,mamrA,tabAbaru,mangHstA,study
masTatA,Taquma,kompiwtar,tEknoloDi,tayAyAza,.hbratasabu,maraDA,mAgNa,micl,atena,tadaraga,mahonu,hAb,mAsAwaqnA,mzgabA,srA,Hagaritu,maDamariyA,mahonu,study
sna,mgb,mrmr,Hinstityu,sarA,waTA,HasafA,wddr,yAqaraba,atena,HEc,Hay,vi,bgrna,malakiyA,HityoPyAwi,HababA,darba,dabub,study
ndr,dnq,polatikA,tantANna,qrbu,mangs,magalbaT,mil,bAstalAlafa,atena,tab,gax,xhuf,bAqaraba,wdAsE,ngusAwi,mangs,sr`A,HityoPyA,study
salAmnA,lmA,Halam`Aqaf,Hinstityu,hagaritu,HqEdgatnA,trAnsformE,HqEqd,tagbArA,atena,mrmr,madagafnA,Haq,gnbAtA,HsrA,lyu,tkura,masTatu,TankArA,study
Hadis,HababA,TEnA,biro,matabAbar,tazagADa,Hsos,qanA,`Awda,atena,stiyA,HadAmA,katamA,HEDansi,?,?,dAyrEktar,hAyla,HslAsE,study
tadaraga,doktar,ygaramu,gubA`E,Halam,hagarA,maTu,tamarAmAri,TnAtocnnA,atena,wTEto,yAqarbu,mahonA,doktar,ygaramu,Hamst,qanA,kAhEda,yKa,study
mamazgabu,walagA,zon,ngd,HindistrinA,trAnspor,x.hfa,bEt,gabayA,atena,bAlamuyA,wbitu,bada,kulA,tadaraga,TnA,mrto,wAgA,qnA,study
mAr,mr,zamanAwi,qafo,maTaqa,fta,mr,mAgNa,yAscl,atena,mukarA,srA,takAhEda,bAhlAwi,qafo,`Amatu,kuntAl,mAr,miga,study
Harbto,Hadar,gaTar,qabalE,lTu,bAhlAwi,nb,qafo,HqEndAlu,atena,bEtu,bAhlAwi,mangad,nb,srA,tasamAru,Hamst,Harbto,Hadaro,study
HEc,Hay,makalAkal,mATanAkar,micAl,hunEtA,tawayA,qanA,Hawda,atena,Damar,tanAgaru,naTb,mato,StA,srC,Hahunu,waqt,mato,study
galTawAl,HagarA,maTu,tamarAmAri,tasAtafu,Halam,Haqaf,Hawuda,TnA,atena,mrmr,xhufo,qarabu,Hawuda,TnAtu,fta,lmd,magaNatu,prAzEdAntu,study
gEtna,tamasga,HityoPyA,zEnA,Hagalglo,galaTu,Hamatu,maDamariyAnA,zrzr,atena,kAhEda,wanzo,wanzo,maDamariyA,TnAtnA,qari,zrzr,TnA,darag,study
zrzr,TnA,kAhEda,wanzo,wanzo,maDamariyA,TnAtnA,qari,zrzr,atena,darag,mahonu,yAlu,wanzo,Tq,wlu,hEktAr,marE,mAlmA,study
galaTu,Hamatu,maDamariyAnA,zrzr,TnA,kAhEda,wanzo,wanzo,maDamariyA,atena,qari,zrzr,TnA,darag,mahonu,yAlu,wanzo,Tq,wlu,study
gabarE,taTaqAmi,yAdargu,TAbiyA,HakAbAbi,yAlu,wanzo,yAkAtta,yK,atena,miqaTla,war,Hansto,baDa,Hamatu,maTanAqaqiyA,dras,mikanAwa,gEtna,study
Hansto,baDa,Hamatu,maTanAqaqiyA,dras,mikanAwa,gEtna,Hama,zrzr,atena,takAhido,dizAy,tazagADalA,masno,proDakto,gnbAtA,qrbu,maDamar,zgD,study
HamatA,takAhEda,mAdAbariyA,HaTaqAqa,mrmr,qolo,mr,HqEdga,mAdAbariyA,atena,mangad,maTaqa,tadaraga,mrmr,qada,sil,hEktAr,gaNa,kuntAl,study
Hadaru,mgb,wAstnA,mAragAgaT,bag,mAdlab,zamanAwi,tEknoloDi,yAdaraga,atena,wTEtAmA,mahonu,HoromiyA,mAstAwaqiyAnA,.hzb,gnNuna,biro,mAHqEkalu,srA,study
mAsA,zut,sbl,zryA,HarakA,gbrnA,mrmr,mAHqEkalA,takAhEda,atena,mrtAnatA,taragAgaTa,mahonA,HastabAbAri,mr,darsa,sabu,waradA,mrT,study
mahonu,hzb,tawakAyo,mkr,bEt,masarata,lmA,quAmi,komitE,atena,?,?,dAyrEktar,doktar,xadaqa,HabAta,DmA,zon,Tiro,study
faTna,darsu,sablo,mazrA,clu,kuntAl,zar,dgAf,miyAsfalg,atena,matAwaqu,TnA,masarat,zar,dgAf,wl,br,yAsfalg,mahonulakllu,study
sablo,mazrA,clu,kuntAl,zar,dgAf,miyAsfalg,TnA,matAwaqu,atena,masarat,zar,dgAf,wl,br,yAsfalg,mahonulakllu,mgb,wAstnAnA,study
mEtr,maTa,yAlawunA,maTalayA,Tql,plAstik,mazagADatu,HastAwuqawAl,gudA,atena,qaTAy,liwasad,gabAwu,HqErmDA,yATanA,bAlamuyA,budn,nagawu,HqEla,study
HqEla,HsfrAwu,minqasAqas,tanAgrawAl,budnu,HsfrAwu,tagaNto,miyAdargawu,HadagA,atena,wuTE,mamaHsra,fEdErAl,HadagA,makalAkalnA,zgDuna,HEDansi,takatAtAy,HqErmDA,study
sabro,mafsasu,nawu,qdma,mAsTanqaqiyA,budn,waradAwu,manqasAqas,bAdaragawu,atena,kttl,HidAbAronA,diHadu,tabAlu,qabalE,nawAri,mulu,mulu,wuha,study
HEDansi,DDgA,qrnCAf,x.hfa,bEt,hAlAfi,dastA,yosEf,bAlamuyA,atena,maHsara,mAdrag,galaxu,kllu,kAhu,Damro,miqaTlu,Hsos,warA,study
kAlA,tafalAgina,HanxAr,Harso,Hadaru,tamaTACaCA,wAgA,yAga,yAscl,atena,maTanAqaqu,drDtA,zar,bAnk,mAquAquA,mrT,zryA,takatAtAy,mrtAmA,study
HqEdl,mifaTr,waradA,HastadAdAri,hAbtAmu,hAylamikAHEl,kulA,mangs,proDaktu,atena,HafATA,taTanAqo,srA,Damr,mAdrag,sfrA,nawAri,makfalnA,mAsnasA,study
wAstnA,HaCr,mAragAgaT,cAl,hagaritu,taDamara,whA,mAsabAsab,tEknoloDi,atena,mrmr,mAgaz,HaTanAkro,maqaTal,miyAsfalg,whA,mhndsnA,bAlamuyA,HarbAmnC,study
Damro,cAynA,tadagAgAmi,talAku,nAmunA,tafatSa,wTEtAmAnatA,proDaktu,bAkAhEdA,atena,waradA,sAmbu,tabAla,HakAbAbi,kArE,kilomEtr,botA,miliyo,ton,study
yArEd,wandmku,HityoPayA,zEnA,Hagalglo,galaxu,yunivarsti,masarata,mrmrnA,atena,gnNuna,masarat,DApAnu,tokuSumA,yunivarsti,matabAbar,HEc,Hayvi,sAnbA,study
yunivarsti,matabAbar,saw,lD,zaramal,zuriyA,mrmr,HaDandA,mAzagADa,atena,mAkAhEd,miga,HastAwqawAl,profEsar,yArEd,HamErikA,hagar,migaNutnA,HorEgannA,study
whA,maTa,qoTAri,mabalASatA,taquAmu,biquAquA,Hadis,HasarAr,zargto,atena,tAwaq,hunEtA,mifaTr,yAzagADa,kllu,marE,HastadAdarnA,HaTaqAqa,tamarAmAriwocnA,study
hAsAb,mimalaka,bAhr,dAr,katamA,qanA,kAhEd,qo,`Awda,atena,mAmSA,TanAqaq,tamarAmAriwocunA,bAlamuyA,tanAgaru,wsAnE,hAsAbu,mAqrab,yAsfalaga,study
nora,mAdrag,yAscal,galalta,taquA,mamaHsra,HqEndAla,hAyqu,saru,atena,mimalakatA,HakAlA,gbHatna,HastamAmA,maraDA,masTatnA,hAyqu,bklato,makalAkal,study
x.hfa,bEt,Hama,hEktAr,marE,mAlmA,yAsclu,masno,proDakto,atena,miyAkAhid,bEtu,plAnnA,progrA,budn,mari,tAfasa,HandArgE,HityoPyA,study
budn,mari,tAfasa,HandArgE,HityoPyA,zEnA,galaTu,masno,proDaktocu,atena,kAhEda,guDi,zono,lmA,TnAtu,TanAqaq,proDaktocu,yAsfalga,waCi,study
mihonu,zonocu,waradA,gorf,whA,mATarAqa,masno,mAwAl,yAscl,atena,mikAhEd,galTa,srA,wl,gabarE,gorf,whA,HaTarAqma,sabl,study
gabarE,gorf,whA,HaTarAqma,sabl,miyAlamu,tAfasa,masno,proDakto,atena,Hamst,Hamatu,lmA,mar.ha,gbr,HakAl,honu,galaTu,madaba,study
bunA,TAHqEmnA,TrA,maTabaq,yAsclu,taSASAlu,bunA,HazagaDADa,zadE,atena,mamasra,HazagADto,taTaqAmi,stawAwaqa,mahonu,bunA,HazagaDADa,zadE,mamariyA,study
mangs,HasfaxAmi,HakAlA,fta,tmhrt,taquAmAtnA,mrmr,mA`kalA,tagaNu,atena,mrmr,wTEto,tagbArAwi,mAdrag,cgr,fta,tmhrt,taquAmAtnA,mrmr,study
mAdrag,cgr,fta,tmhrt,taquAmAtnA,mrmr,mA`kalA,tagbAr,yAltataragomu,atena,mrmr,waTEto,HqEndAlu,tanAgaru,mhurAnu,HasfaxAmi,HakAlA,tkura,bAlamasTatA,study
HakAlA,tkura,bAlamasTatA,wha,Camro,zarfo,mAgaz,HqEndAltacAla,HanxAru,atena,mrmro,mAkAhEd,waTA,ganzab,fta,mahonu,malakatA,HakAlA,gaNu,study
gmbi,dambi,bAko,gEdo,fnCA,skuAr,fAbrikA,bAlu,masmaro,atena,makAhEdu,HadAdisnA,nabAr,masmaro,mAsfAfA,srA,TanAqaq,riDnu,HqEskA,study
robE,katamA,slk,masmar,guabA,tamA,dawa,kaf,mAdrag,atena,HakAhido,mATanAqaqu,bEtu,lElocu,waradA,slk,mAsfAfA,TnA,HayAkAhEda,study
robE,tamo,madaba,slk,danbaNo,HqEndAlu,gEtA,Camra,radA,atena,mrmr,takAhEda,mahonu,zonu,gbrnAnA,gaTar,lmA,xhfa,bEt,study
mAqAlal,zonu,waradA,Harso,Hadaro,mAsA,Hafar,nAmunA,tasabsbo,atena,takAhidobatAl,warA,Damro,dalE,Hafar,mrmarA,lAborAtor,kAhEd,qoyawu,study
takAhidobatAl,warA,Damro,dalE,Hafar,mrmarA,lAborAtor,kAhEd,qoyawu,atena,mrmr,masarat,talay,qolonA,TEf,sablo,Hasidu,maTa,fta,study
zarfu,kllu,migaNu,tmhrt,bEto,dras,mAsfAfA,cAl,mrmrnA,atena,mAkAhEd,matAqadu,yunivarsiti,tafaTro,sAyns,kolED,din,doktar,`Ala,study
slTanA,Hasmalkto,zArE,HadAmA,katamA,taDamara,gnzAbE,mAsCabaCA,`Awda,atena,Hadis,HababA,katamA,gizEyAwi,bAlAdarA,bord,HastadAdar,tmhrt,biro,study
tmhrt,saT,biqoy,Hadis,HababA,yunivarstinA,tmhrt,biro,takAhEda,atena,lyu,flAgo,tmhrt,fta,daraDA,miyAsfalg,maragAgaTunnA,masku,mamhrA,study
TnA,masku,tazagADa,srHata,kors,salTANo,masfartnA,gudAyo,sfA,atena,mangHs,mamhrA,tmhrt,Hadis,HababA,gl,fta,tmhrt,tmhrt,study
kftato,molunA,zalAqi,lmA,mAragAgaT,clu,waTAto,mAfrA,yAscl,atena,masarat,mAdrag,mahonu,mangstAwinA,mangstAwi,kAlhonu,drDto,maho,saTA,study
gEtna,tamasga,HityoPyA,zEnA,Hagalglo,galaTu,Hamatu,maDamariyAnA,zrzr,atena,kAhEda,wanzo,wanzo,maDamariyA,TnAtnA,qari,zrzr,TnA,darag,study
gEtna,tamasga,HityoPyA,zEnA,Hagalglo,galaTu,Hamatu,maDamariyAnA,zrzr,atena,kAhEda,wanzo,wanzo,maDamariyA,TnAtnA,qari,zrzr,TnA,darag,study
galaTu,Hamatu,maDamariyAnA,zrzr,TnA,kAhEda,wanzo,wanzo,maDamariyA,atena,qari,zrzr,TnA,darag,mahonu,yAlu,wanzo,Tq,wlu,study
gabarE,taTaqAmi,yAdargu,TAbiyA,HakAbAbi,yAlu,wanzo,yAkAtta,yK,atena,miqaTla,war,Hansto,baDa,Hamatu,maTanAqaqiyA,dras,mikanAwa,gEtna,study
Hansto,baDa,Hamatu,maTanAqaqiyA,dras,mikanAwa,gEtna,Hama,zrzr,atena,takAhido,dizAy,tazagADalA,masno,proDakto,gnbAtA,qrbu,maDamar,zgD,study
Hadaru,mgb,wAstnA,mAragAgaT,bag,mAdlab,zamanAwi,tEknoloDi,yAdaraga,atena,wTEtAmA,mahonu,HoromiyA,mAstAwaqiyAnA,.hzb,gnNuna,biro,mAHqEkalu,srA,study
HamatA,takAhEda,mAdAbariyA,HaTaqAqa,mrmr,qolo,mr,HqEdga,mAdAbariyA,atena,mangad,maTaqa,tadaraga,mrmr,qada,sil,hEktAr,gaNa,kuntAl,study
x.hfa,bEt,Hama,hEktAr,marE,mAlmA,yAsclu,masno,proDakto,atena,miyAkAhid,bEtu,plAnnA,progrA,budn,mari,tAfasa,HandArgE,HityoPyA,study
budn,mari,tAfasa,HandArgE,HityoPyA,zEnA,galaTu,masno,proDaktocu,atena,kAhEda,guDi,zono,lmA,TnAtu,TanAqaq,proDaktocu,yAsfalga,waCi,study
zEnA,galaTu,masno,proDaktocu,TnA,kAhEda,guDi,zono,lmA,atena,TanAqaq,proDaktocu,yAsfalga,waCi,taTaqso,mimalakata,HakAl,miqarb,Damar,study
mihonu,zonocu,waradA,gorf,whA,mATarAqa,masno,mAwAl,yAscl,atena,mikAhEd,galTa,srA,wl,gabarE,gorf,whA,HaTarAqma,sabl,study
gabarE,gorf,whA,HaTarAqma,sabl,miyAlamu,tAfasa,masno,proDakto,atena,Hamst,Hamatu,lmA,mar.ha,gbr,HakAl,honu,galaTu,madaba,study
mAr,mr,zamanAwi,qafo,maTaqa,fta,mr,mAgNa,yAscl,atena,mukarA,srA,takAhEda,bAhlAwi,qafo,`Amatu,kuntAl,mAr,miga,study
Harbto,Hadar,gaTar,qabalE,lTu,bAhlAwi,nb,qafo,HqEndAlu,atena,bEtu,bAhlAwi,mangad,nb,srA,tasamAru,Hamst,Harbto,Hadaro,study
mAsA,zut,sbl,zryA,HarakA,gbrnA,mrmr,mAHqEkalA,takAhEda,atena,mrtAnatA,taragAgaTa,mahonA,HastabAbAri,mr,darsa,sabu,waradA,mrT,study
wAstnA,HaCr,mAragAgaT,cAl,hagaritu,taDamara,whA,mAsabAsab,tEknoloDi,atena,mrmr,mAgaz,HaTanAkro,maqaTal,miyAsfalg,whA,mhndsnA,bAlamuyA,HarbAmnC,study
HandAnd,HakAbAbi,HabaratA,wT,tAya,qaTAyna,lEla,mahonu,srA,atena,mrmr,mAgaz,HaTanAkro,maqaTal,miyAsfalg,tagbAr,wl,botA,mAzagADatnA,study
mAdAbariyA,komplEks,proDak,HakAbAbi,miliyo,ton,dngAy,kasal,miga,atena,proDaktu,waradA,HaCabo,sAmbo,HakAbAbi,hAlAfi,bzuHaya,zalaqa,sfrA,study
Damro,cAynA,tadagAgAmi,talAku,nAmunA,tafatSa,wTEtAmAnatA,proDaktu,bAkAhEdA,atena,waradA,sAmbu,tabAla,HakAbAbi,kArE,kilomEtr,botA,miliyo,ton,study
botA,miliyo,ton,yAhl,dngAy,kasal,km,miga,mAwaq,atena,nAmunA,qufAro,srA,HityoPyA,DiHoloDikAl,sarviy,bAlamuyAwocnA,tabAla,cAynA,study
yArEd,wandmku,HityoPayA,zEnA,Hagalglo,galaxu,yunivarsti,masarata,mrmrnA,atena,gnNuna,masarat,DApAnu,tokuSumA,yunivarsti,matabAbar,HEc,Hayvi,sAnbA,study
`To,hxAnA,darsu,TEnA,cgrocnA,snatawAldo,TEnA,zuriyA,mrmrnA,atena,mAkAhEd,mahonu,Darma,hagar,migaNa,lAytask,yunivarsti,matabAbar,saw,study
hAsAb,mimalaka,bAhr,dAr,katamA,qanA,kAhEd,qo,`Awda,atena,mAmSA,TanAqaq,tamarAmAriwocunA,bAlamuyA,tanAgaru,wsAnE,hAsAbu,mAqrab,yAsfalaga,study
nora,mAdrag,yAscal,galalta,taquA,mamaHsra,HqEndAla,hAyqu,saru,atena,mimalakatA,HakAlA,gbHatna,HastamAmA,maraDA,masTatnA,hAyqu,bklato,makalAkal,study
bunA,TAHqEmnA,TrA,maTabaq,yAsclu,taSASAlu,bunA,HazagaDADa,zadE,atena,mamasra,HazagADto,taTaqAmi,stawAwaqa,mahonu,bunA,HazagaDADa,zadE,mamariyA,study
HagATAmi,binor,mawlad,HqEskA,yAltakasata,mahonu,fta,hkmnA,bAlamuyA,atena,liyAdargu,migabA,katamA,HqEnssA,TEnA,TbaqA,lAborAtori,hAlAfi,doktar,strengthen
mangs,HasfaxAmi,HakAlA,fta,tmhrt,taquAmAtnA,mrmr,mA`kalA,tagaNu,atena,mrmr,wTEto,tagbArAwi,mAdrag,cgr,fta,tmhrt,taquAmAtnA,mrmr,study
HasfaxAmi,HakAlA,tkura,bAlamasTatA,wha,Camro,zarfo,mAgaz,HqEndAltacAla,atena,mrmro,mAkAhEd,waTA,ganzab,fta,mahonu,malakatA,HakAlA,gaNu,study
robE,katamA,slk,masmar,guabA,tamA,dawa,kaf,mAdrag,atena,HakAhido,mATanAqaqu,bEtu,lElocu,waradA,slk,mAsfAfA,TnA,HayAkAhEda,study
gmbi,dambi,bAko,gEdo,fnCA,skuAr,fAbrikA,bAlu,masmaro,atena,makAhEdu,HadAdisnA,nabAr,masmaro,mAsfAfA,srA,TanAqaq,riDnu,HqEskA,study
waradA,HasidAmA,Hafar,darasa,yAlawu,mr,maqanas,mAswagad,radA,atena,mrmr,takAhEda,mahonu,zonu,gbrnAnA,gaTar,lmA,xhfa,bEt,study
mAqAlal,zonu,waradA,Harso,Hadaro,mAsA,Hafar,nAmunA,tasabsbo,atena,takAhidobatAl,warA,Damro,dalE,Hafar,mrmarA,lAborAtor,kAhEd,qoyawu,study
takAhidobatAl,warA,Damro,dalE,Hafar,mrmarA,lAborAtor,kAhEd,qoyawu,atena,mrmr,masarat,talay,qolonA,TEf,sablo,Hasidu,maTa,fta,study
zarfu,kllu,migaNu,tmhrt,bEto,dras,mAsfAfA,cAl,mrmrnA,atena,mAkAhEd,matAqadu,yunivarsiti,tafaTro,sAyns,kolED,din,doktar,`Ala,strengthen
Tru,tabAlu,nagaro,kAnta,qarabul,maxAhf,tanasA,Hamst,HamatA,atena,snksAr,bAnta,maxAhf,mazmuro,TSA,HawrEnA,HagAza,wb,sEto,study
HatayAy,tawasanu,zrzr,naTbo,maTaqAqas,mitAwaqa,TnAtAwi,maraDA,mnCocu,atena,zadE,ta`AmAni,Hadis,dmdAmE,yAstawAwq,maho,yhunnA,doktaru,mnCu,study
faramanA,tmhrtu,maznAnA,HsAyAmra,ganzab,gArAnA,CAt,gazA,rtto,atena,smu,TawA,kAlACasa,gAw,mgb,lto,kAlACasa,trf,HanDa,study
hayq,profEHsar,TnAtnA,mrmr,HakAhido,hayq,Haso,mgbna,baqA,atena,mrmru,tabaHsACu,HandAnd,glasabo,HqEl,HaHsA,Tamadu,TrE,mablA,study
baqi,hunEtA,ragAgA,dras,maHsaratAwi,fDotA,SaqaTo,DamarA,Trato,atena,miqaTl,ngd,ministEr,HastAwaqa,bAlafu,smnt,warA,mangs,maHsaratAwi,study
mAsfa,tadaragu,HqEnqsqAsE,Tru,gaxtA,nabarA,galaxu,rEd,laTa,atena,masrA,miyAsfalg,tanAgrawAl,HsrA,`dl,mafTar,ngdnA,gbr,Hsr`Atu,study
waqt,tastawAla,yAla,lmAtnA,malkA,HastadAdar,wTno,taSAla,daraDA,atena,mAsqaTalnA,hbratasabu,taTaqAmi,mAdrag,HamarAru,nqA,manqasAqas,migabA,HamarAru,study
tafaTro,max.haf,yAlu,fidalA,HagaTATmo,mAnbab,gAliliyo,Damara,niwta,atena,gafA,wsbsb,maslu,tafaTro,HqEnqsqAsE,hidato,qalAl,hgua,qlbC,strengthen
HqEndAyqarA,haHsAb,gabtuAcawAl,moltola,mAyAwqa,mAzagADA,bEt,CaguArA,malATu,atena,qaTluAl,bAygarmA,walo,yunivarsiti,rAHsu,cgru,salabA,boru,mEdA,study
HityoPyA,mtAhl,Harba,safi,hagar,Harba,TabAb,Haqmu,HakAl,atena,mAlatu,farDa,fatanA,gaTama,ymaslAl,maraDAnA,mAsraDA,HqETo,Hsaqzo,study
lyu,komAndowockatagadala,HamErikA,mannA,somAliyA,gaNu,HalqAydA,budnoclAy,tamasAsAy,atena,HqErmDA,mawsad,DamrAla,prEzidA,bArAk,HobAmA,bilAda,yAgaNu,skE,study
Sbr,gbra,hAylu,Hasqadmo,HadagA,makalAkal,cl,HqErAsu,daraDanA,atena,Sbr,wanDal,makalAkal,ygaNAl,taTarTAri,tayAzu,taqAwAmi,pArti,HabAlA,study
tafaTro,max.haf,yAlu,fidalA,HagaTATmo,mAnbab,gAliliyo,Damara,niwta,atena,gafA,wsbsb,maslu,tafaTro,HqEnqsqAsE,hidato,qalAl,hgua,qlbC,strengthen
tAgadu,Hagaritu,naxAnatnA,ft,dimokrAsi,TyAqE,mAnHsA,Damaru,HqEnqsqAsE,atena,maqaTal,HalaHagbAb,tAsaru,polatikA,HqEsraNo,fatu,maTayaq,Damaru,tabAla,strengthen
manaSA,hasAb,manasA,mHqEta,Hamatu,gb,mAsAkA,Damara,HasarAr,atena,qaTl,HqEdl,yfaTrAl,bla,HqEnAmnAla,tgrAy,HqEnAto,TEnA,hunEtA,strengthen
mamaraqnA,srA,mATA,mamasAsalA,raD,HqEdmE,yAsqoTara,hulatyo,guAdaNnatA,atena,guAdaNAmocu,Tbabu,nuro,wdnatu,ftu,madhani,falsmanAl,madhanitu,mafalsa,study
linasA,hlwnA,takAda,nagar,mada,saw,salAm,mansA,tagbAru,atena,liqaTl,Haycl,bils,lamA,baqA,lam,hgamangstA,Hanqax,saTa,study
HsarAwitu,ngusAwiyAnu,tAmA,maqomA,.hzbAwi,Hamaxu,tanu,nagastAtu,qoyta,atena,nagaru,tAwaqu,HqEngliz,tArik,xa.hafi,galxa,tArik,mangadu,CAf,study
Halafu,t`gstu,habtA,militErinA,tarA,kolfE,tAlAlAq,suqocnnA,yzotA,atena,CAmA,suqo,TAqA,suq,wafCo,quAt,maSaCA,suqo,makfa,study
HaksumnA,`Ad,daraDA,tmhrt,bEto,kAhEda,mamAr,mAstamAr,hida,atena,lAkuA,vidiyo,kAsEto,tmhrt,bEtocu,tasaTtawAl,tmhrt,tagbAr,dagafnA,study
mistar,nAHako,sEyto,kulA,Hamst,HamatA,tazagADa,mrmr,mAHqEkalA,atena,proDak,bAlafu,sost,HamatA,Tru,wTE,mAsAyatu,tagamgmo,taTanAkro,strengthen
HqEnmihonu,HastAwqawAl,kllocu,taDamarawu,HinformE,kominikE,tEknoloDi,mAdAras,srA,atena,HintarnE,marab,mazargAtnA,mAsfAfA,srA,takanAwana,mahonu,srA,HaskayADu,study
HabarA,.hadgu,galTawAl,Hagalglotu,maDamar,HakAbAbi,mikAhEda,Hikonomi,HqEnqsqAsE,atena,HastawAxHo,minora,HabrArta,Hagalglotu,mAgNa,TyAqE,yAqarbu,qoyu,bAlahabatocnA,study
wT,tAya,qaTAyna,lEla,mahonu,srA,TnAtnA,mrmr,mAgaz,atena,maqaTal,miyAsfalg,HasganzbawAl,tagbAr,wl,botA,mAzagADatnA,HasfalAgi,qusAqus,strengthen
tElE,kominikE,korparE,samE,msrAq,riD,miliya,br,waCi,atena,mAsfAfAtnA,tamo,srA,maDamaru,HastAwaqa,riDnu,srA,HaskayAD,hAyla,study
zon,waradA,dngAy,kasal,yuriyA,mAdAbaryA,mAmra,yAscla,TnA,atena,maqaTalu,kol,fosfE,mAdAbariyA,komplEks,proDak,HastAwaqa,HakAbAbi,miliyo,study
cAl,hagaritu,taDamara,whA,mAsabAsab,tEknoloDi,TnAtnA,mrmr,mAgaz,atena,maqaTal,miyAsfalg,whA,mhndsnA,bAlamuyA,Hasganazabu,HarbAmnC,yunivarsiti,takAhEda,strengthen
Tri,Hagalglo,maTaqa,DamrawAl,Damara,gaTar,slk,mAsfAfA,srA,atena,maqaTal,tAhsAs,war,dras,zonu,waradA,gaTar,qabalE,Sbo,strengthen
HqEnmihonu,HastAwqawAl,kllocu,taDamarawu,HinformE,kominikE,tEknoloDi,mAdAras,srA,atena,HintarnE,marab,mazargAtnA,mAsfAfA,srA,takanAwana,mahonu,srA,HaskayADu,study
mistar,nAHako,sEyto,kulA,Hamst,HamatA,tazagADa,mrmr,mAHqEkalA,atena,proDak,bAlafu,sost,HamatA,Tru,wTE,mAsAyatu,tagamgmo,taTanAkro,strengthen
srA,br,mamadab,mamhrAnnA,tamAri,mrmr,HadmAsnA,mrmr,zarfo,atena,miyAsclu,tagbArA,tkura,saTto,manqasAqs,mahonu,profEsar,yArEd,Camra,study
br,HadAdis,mrmr,proDakto,miyAkanA,HastAwaqa,mrmru,HarsoHadaro,tasAtfo,atena,taquAmu,sost,zono,nHus,mAHqEkalA,HqEkaftAla,Hala,taquAmu,plAnnA,study
Tri,Hagalglo,maTaqa,DamrawAl,Damara,gaTar,slk,mAsfAfA,srA,atena,maqaTal,tAhsAs,war,dras,zonu,waradA,gaTar,qabalE,Sbo,strengthen
cAl,hagaritu,taDamara,whA,mAsabAsab,tEknoloDi,TnAtnA,mrmr,mAgaz,atena,maqaTal,miyAsfalg,whA,mhndsnA,bAlamuyA,Hasganazabu,HarbAmnC,yunivarsiti,takAhEda,strengthen
salaTana,saw,hAyl,HqETra,taTaqA,yunivarsti,wha,tEknoloDi,fAkAlti,atena,bAlamuyA,mAsalTa,mahonu,galTa,mhndsnAnA,wha,tEknoloDi,zarfo,qdmanA,study
HabarA,.hadgu,galTawAl,Hagalglotu,maDamar,HakAbAbi,mikAhEda,Hikonomi,HqEnqsqAsE,atena,HastawAxHo,minora,HabrArta,Hagalglotu,mAgNa,TyAqE,yAqarbu,qoyu,bAlahabatocnA,study
Trat,hAgaritu,mgb,wAstnA,HaCr,gzE,mAragAgaT,mtAdarga,Trat,atena,qaTlu,HasganzbawAl,mrmrnA,Habna,Taqas,blawAl,mahonu,bAladrSA,HakAlA,study
zon,waradA,dngAy,kasal,yuriyA,mAdAbaryA,mAmra,yAscla,TnA,atena,maqaTalu,kol,fosfE,mAdAbariyA,komplEks,proDak,HastAwaqa,HakAbAbi,miliyo,study
waradA,HastadAdAri,hAbtAmu,hAylamikAHEl,kulA,mangs,proDaktu,TnA,HafATA,atena,srA,Damr,mAdrag,sfrA,nawAri,makfalnA,mAsnasA,HasfalAgi,tbbr,study
waradA,gaN,.hzb,wabAnA,vEktar,walad,StA,HqEndAyTaqA,HakAbAbi,atena,baStA,makalAkalnA,.hkmnA,Hagalglo,tasaTa,mahonu,kllu,TEnA,biro,study
bunA,cgNo,HakAbAbi,mAsmaTA,Harso,Hadaru,yAlamAnA,gabi,mnCu,atena,mAgaznA,muyAnA,mkar,masTa,taTaqAmi,daraga,mahonu,TaqumawAl,tantA,study
mkanyA,cgr,yAla,mahonu,drDtu,miyAdarglA,dgAf,srA,tanasASnatA,atena,taTaqAmi,honu,mamTAtA,galTawAl,tantA,waradA,gbarnAnA,gaTar,lmA,study
HastayAya,kAdalabuA,goc,br,br,trf,mAgNatA,srA,HaTanAkra,atena,mAstAwaqA,galTuAl,mask,gubNtu,`AlAmA,Harso,HadarunA,bAlamuyA,tEknoloDi,study
srA,br,mamadab,mamhrAnnA,tamAri,mrmr,HadmAsnA,mrmr,zarfo,atena,miyAsclu,tagbArA,tkura,saTto,manqasAqs,mahonu,profEsar,yArEd,Camra,study
zarf,tamazagaba,wT,tmhrtnA,TEnA,taquAmA,masarata,lmAto,mazargA,atena,srA,makanAwanu,galaTu,HabAy,miqaTlu,HamatA,mAgol,waTAtocnA,sEto,study
mangA,maqoTATar,tacAlawu,HakAbAbiwu,HawuroplA,kEmikAl,rCtnA,bAhlAwi,zadE,atena,makalAkal,srA,makAhEdu,nawu,grisA,wafo,darasawu,qolo,frE,study
progrAmu,HErtrA,waTAto,Torna,sgadada,mAgd,qoytuAl,HqEkuy,tagbAru,atena,gafA,yAla,hAlAfina,godala,nawTa,HamarAr,HErtrA,waTAto,Tornatu,study
waqt,tastawAla,yAla,lmAtnA,malkA,HastadAdar,wTno,taSAla,daraDA,atena,mAsqaTalnA,hbratasabu,taTaqAmi,mAdrag,HamarAru,nqA,manqasAqas,migabA,HamarAru,study
salAm,lmAtnA,dEmokrAsi,mAgol,dhnatnA,qarna,mASanaf,taDamara,Trat,atena,maqaTal,ygabAwAl,`Alu,pAnAl,wyy,gT,tglu,tasawu,samA`tA,strengthen
ZA,kuwingli,cAynA,mangs,HityoPyAnA,HafrikA,lmA,yAdarga,dgAf,atena,yqaTlAl,blawAl,l`ukA,budnu,cAynA,mangs,fta,bAlaslTAnA,bAnko,study
vAyrasu,srC,zEro,dras,makalAkal,mankabAkabnA,dgAf,mAdrag,tkuratu,atena,misarA,tanAgrawAl,drDtu,vAyrasu,damA,yAlabA,wagano,yAquAquAmuA,mAhbarA,study
mA`kal,mAdrag,taDamara,Harso,Hadar,Tmra,gbrnA,mrmr,HaHEkstE,atena,mAsqaTal,tkura,HaqTACA,riportu,tamalakata,Hsosta,tkura,HaqTACAnA,warA,study
hbratasabu,faTAnnA,taqalATafa,Hagalglo,saTu,biro,yAdarga,kttlnA,quTTr,atena,maqaTalu,Hadis,HababA,TEnA,biro,HastAwquAl,tagalgAyucu,galaxu,masaratAwi,study
ftu,tanAgaru,konfEdErESnu,HafrikA,salAmnA,xaTtA,saf,yAdarga,HqEnqsqAsE,atena,yqaTlAl,HafrikA,hbra,maqanADa,HqEgr,kuAs,HamAkAyna,dahnnatuAnA,salAmuA,study
mAstawAwaq,srA,sarA,maqoyatu,mkr,bEtu,mamasra,taDamara,srA,atena,maqaTal,fta,TaqamEtA,ynorawAl,blawAl,Hadis,HababA,katamA,HastadAdar,strengthen
gnzAbE,cgr,maftA,HEDansi,fEdErAlnA,kllo,gnzAbE,mAsCabaCA,HsrA,atena,miqaTl,TaqumawAl,HqEskA,kllo,takAhEda,mzgabAnA,mawACo,mAsabAsab,HsrA,study
zEgo,HsrA,`dl,mafTar,Haq,gnbAtAnA,gabayA,tssr,HsrA,atena,maqaTalu,galxawAl,TqAq,Hanasta,srA,masko,tasamArta,wTEtAmA,honu,study
bHadE,yAmnAl,HqEnqsqAsE,bAlafa,Hama,HagAmA,Damara,yAzna,Hama,atena,qaTl,hunEtA,yhonAl,drDtA,tamasarata,Hama,mnAkabr,waqt,lmAtu,strengthen
polatikAl,Hikonomi,manAd,mahakal,kAhEd,tgl,mahonu,mangs,tglu,atena,liqaTl,ygabAl,maCaraSA,.hgamangstA,glx,tamalakata,marE,hzbnA,mangs,study
HityoPyA,lmA,gbo,mAsAkA,mtAdargA,Trato,masAkA,mangstAcawu,dgAfu,atena,miqaTl,HambAsAdaru,galxawAl,HambAsAr,donAld,buz,gAmbElA,kll,gobaNu,study
ragad,HamErikA,mangs,daraga,yAla,Trat,Hamasgna,qaTAy,dgAfocu,atena,qaTlu,TayqawAl,HambAsAdar,donAld,buz,kllu,HamErikA,mangs,dgAf,study
.hbratasabu,.hgawaT,madhAni,zwwr,yAgAT,TqomA,masTa,talamada,tbbru,atena,qaTl,TayqawAl,sil,zagaba,HizEHa,drEdA,.harar,dasE,Hadis,strengthen
mAswagad,fta,drSA,minorA,gudAyo,zuriyA,tkura,saTto,rbrbu,atena,maqaTal,gabA,mahonu,HaTayAyAqi,Haydala,xhuf,HanbAbi,lmA,mafATa,strengthen
HagarA,yAkAttAl,mr,maSaT,HaliyA,magzA,HityoPyA,HakAl,mahonuA,atena,daraDA,tgaNAla,mAyAnsu,HagarA,ngd,lwwT,mAdrag,gabayA,bunA,study
wsbsb,tgl,dl,taTanAqaqa,hdAsE,guzo,dAr,dars,rbrbu,atena,qaTl,Tri,mAqrabA,HEf,bisi,zagbuAl,bhEr,bhErasabo,qan,strengthen
gubAHE,kAsA,taklabrhA,`latu,b.hEro,bhErasabocnA,hzbo,tafaTara,Handna,atena,mahonu,tanAgrawAl,gubAHE,maqalE,katamA,takabara,bAla,HityoPyA,bhEro,study
HityoPyA,bhEro,bhErasabocnA,hzbo,qan,hga,mangstu,b.hEr,b.hErasabo,atena,Handna,mafTarnA,hdAsEyA,mATanAkar,fAydA,golA,blawAl,wAstnA,maTaqa,study
HambAsAdar,dinA,xhufA,lHukA,budn,wadatalayAyu,hagarA,malAk,gnNunatu,atena,maTA,mahonunnA,salAmnA,lmA,wTE,tAya,mamTAtu,TaqumawAl,`Alu,study
wadab,tandAho,skuAr,fAbrikA,hnxAnA,maTaT,wuhA,gnbAtA,HaCr,atena,mAsrakab,Tratu,HaTanAkro,yqaTlAl,blawAl,mkr,bEtu,bAkAhEda,sbsabA,study
HaDandA,polatikA,pArti,mkr,bEt,kll,zonnA,waradA,daraDA,atena,qaTl,mkr,bEtu,HabAlA,mulu,dmx,tasmAmtawAl,qaTAy,tagbArAwi,strengthen
HabAlA,safi,mkkr,yAdaragu,pArti,maganA,bzuhA,yAkAhiduA,wyyto,atena,qaTlunA,wyy,bAhlu,dAbr,tasmAmtawAl,zArE,takAhEda,polatikA,pArti,study
gondarnA,HawAsA,yunivarsti,trAkomA,mATfA,hkmnAnA,slTanA,masTa,migaNnA,atena,maqaTal,migabA,prEzidA,grmA,maglaxA,wyytu,takatAtalu,mangHs,bAlaslTA,strengthen
miyAdarga,HqEnqsqAsE,HityoPyA,mangHs,Hamaci,hunEtA,faTara,mahonu,tanAgrawAl,atena,maqaTal,HityoPyA,mangs,tabAbro,masrA,flAgo,HqEndAla,galxawAl,HityoPyA,study
mahonu,qaTAy,Hagalglo,TrA,mASASAl,danbaNo,HqErkAtA,mAragAgaT,tkuratu,atena,miqaTl,HamalktawAl,talay,Hahunu,waqt,HasAsAbi,daraDA,darasawnnA,HakAbAbi,study
grmA,wyytu,mAhbaru,yAla,HqEwqa,HafrikA,mAkAfal,Damara,gnNuna,atena,maqaTal,HqEndAla,manAgarA,wyytu,takatAtalu,gudAy,ministEr,HamErikA,gudAyo,strengthen
tAyE,HaxqaslAsE,galxawAl,mAhbaru,HityoPyA,dgAfo,mAdrag,miga,gnNuna,atena,mAsAdag,Trat,madarag,HqEndAla,prEzidAntu,HasAsbawAl,mAhbaru,TAliyA,HityoPyA,study
HEf,HEl,dEvis,mAhbaru,HityoPyA,raD,`AmatA,yAla,gnNuna,atena,yqaTlAl,mAlatA,HizEHa,Taqso,wAltA,HinformE,mA`kal,zagbuAl,Halam,study
yunvarsiti,bAhl,trHi,makAhEdu,Hagaro,hzb,hzb,tssr,zalAqina,atena,mAsqaTal,mcu,hunEtA,faTr,mahonu,tanAgrawAl,HityoPyA,tagabara,lAla,study
maga,HqEncl,taDamara,mamakAkarnA,tasAtfo,`dl,mAsfA,Damara,tra,atena,yqaTlAl,malA,HityoPyA,hzbo,taTaqAminatA,mAragAgaT,HityoPyA,hdAsE,HqEwn,strengthen
sabsAbina,Hamrro,tAgalnA,yAmak,sAynsAwi,HamarAr,Tbab,maganbAtu,hida,atena,qaTluAl,hzbA,taTaqAmina,ybalT,taragAgaTa,ygaNAl,HihHadEg,lmAtAwi,dEmokrAsiyAwi,study
tafaTro,max.haf,yAlu,fidalA,HagaTATmo,mAnbab,gAliliyo,Damara,niwta,atena,gafA,wsbsb,maslu,tafaTro,HqEnqsqAsE,hidato,qalAl,hgua,qlbC,strengthen
Sbr,TqAtu,tafaxama,`la,tafaTara,HadagA,galxo,maraDA,HasabAsbonA,atena,Carasa,takatAtAy,maglaCA,qanA,bisaT,noro,ta`AmAninatu,yAragAgTlatAl,gudAyu,study
gubAHE,mAgNa,tacluAl,HanxAr,dkma,tAya,makalAkal,HsrA,`Ama,atena,maqaTal,tAsbuAl,qadmo,HamErikA,prEzidA,DorD,dabli,buS,HaykAsA,strengthen
x.hufnA,msl,mAsraDA,mAsabAsabnA,kompiyutar,mayAz,tadaraga,yAla,Trat,atena,maqaTal,HqEndAla,HasAsbuAl,.hwa.hA,liqamanbar,malas,zEnAwi,qaraba,ripor,strengthen
hurEsA,konfrAnsu,HqEndAstAwaqu,.hbratasabu,kllu,yAla,taragAgA,salAm,ybalT,atena,taDamaru,lma,srA,dAr,mAdras,manqasAqas,Hala,malkA,HastadAdar,study
liqo,migabA,HasAsba,draDtu,kllu,Damara,srA,HastadAdarunA,.hbratasabu,atena,miqaTl,yAlhona,viknA,sab`Awi,mabto,mrmrnA,tmhar,mAHqEkal,qan,study
bAlafu,`AmatA,kllu,takanAwanu,salAm,lmAtnA,dEmokrAsi,sra`A,gnbAtA,atena,maqaTal,dhna,malAqaq,taDamara,tgl,dl,mATanAqaq,TankrawHqEndamisaru,bAwaTu,strengthen
sarvis,mASASAyA,progrAmo,matagbar,midaraga,Trat,Haq,gnbAtAnA,dgAfo,atena,miqaTl,HastAwaqa,ganzabnA,Hikonomi,lmA,ministr,dHEtA,mAmo,gito,study
tanAgrawAl,HEkstEnSnnA,madaba,NarogrAmo,kAhEda,HagadAnA,brHqE,sablo,lmA,atena,maqaTal,kAlafu,HamatA,wadi,mrtAmAna,maCamar,qaTAyna,nora,Handamidarag,strengthen
HqEnqsqAsE,yAkAhidAl,xhfa,bEtu,HasfalAgi,HsarAtaNocu,mAmuAlA,HaTaqAlAy,Haqmu,atena,fta,Trat,yAdargAl,yAlu,tasfAy,hiHsAb,bAlamuyAwocnA,gl,Hoditaro,study
naxA,flAgo,tadarADto,drSA,waTA,yAdarg,qo,dgAfnA,`gazA,atena,miqaTl,HastAwquAl,HabdEpA,`Ama,`Al,HabAlAtu,dagAfi,Tri,tadaragalA,study
hzb,tabAbro,maHsrA,quAnquA,mAsAdag,lAlafu,`AmatA,yAdaraga,Trat,atena,qaTlnA,tmhar,lDE,zAf,daDE,kllu,mar,tagbArAwi,yAdarg,study
hzb,tabAbro,maHsrA,quAnquA,mAsAdag,lAlafu,`AmatA,yAdaraga,Trat,atena,qaTlnA,tmhar,lDE,zAf,daDE,kllu,mar,tagbArAwi,yAdarg,study
taqarArbawu,masrAtAcawu,zarfu,mAynAq,wuTE,tagaNtuAl,dhna,taDamarawu,zamacA,atena,maqaTal,Hadisu,milini,taSAla,hywat,mamrA,tayAyzo,masrA,migabA,strengthen
tayAyzo,masrA,migabA,HasganzbawAl,malkA,HastadAdarnA,dEmokrAsi,gnbAtAwu,laTa,atena,lmA,mafATa,fta,HastawAxHo,norawu,kulu,HastawAxHo,yAbaraka,xagAy,study
tafaTro,habtA,HagbAbu,maTaqa,macAl,Damarnawu,Trat,Hadisu,milani,atena,maqaTal,migabA,bxaHqE,Habuna,qErlos,Hasganazabu,samE,walo,zonnA,strengthen
manfas,talAqo,Hadis,srA,bAhl,Damara,lmA,HqEnqsqAsE,miliniyamu,atena,maqaTal,Hala,dabub,walo,bAlafu,`AmatA,tamazagabu,lmA,wTEto,strengthen
yAlawu,taDamarawu,malkA,HastadAdarnA,dEmokrAsi,gnbAtA,hida,Hadisu,milini,atena,maqaTal,dhna,mAswagad,manqasAqas,migabAwu,zonu,?,?,HastadAdAri,strengthen
SfarAwu,tanAgaru,hzbu,takAhEda,yAlawu,malkA,HastadAdarnA,dEmokrAsi,gnbAtA,atena,Hadisu,milini,dhna,mAswagad,hbra,manqasAqas,Hala,Hadisu,milini,study
dhna,mAswagad,hbra,manqasAqas,Hala,Hadisu,milini,dEmokrAsinA,lmA,atena,tasaTawu,tkura,zonu,hzb,nqA,masAtaf,HqEndAla,HasganzbawAl,hzbu,study
HasganzbawAl,hzbu,polatikA,HamalakAkatnA,hAymAno,lyuna,sAyAgdawu,HqEdgatnA,blxganA,atena,sarA,HaCr,wusT,dhna,tArik,Hadrgo,mAsqara,micl,HqEmnatAcawu,study
lmA,mAfATa,ragad,fta,HastawAxHo,ynorawAl,zonu,hbratasab,salAm,atena,lmA,tasAtfowu,mAsAdag,Damarawu,Trat,zalAqi,HqEdga,HastamAmA,wAstnA,study
.hzbo,tssr,ybalT,TanAkr,yhonAl,HamatA,tamazagaba,Hikonomi,HqEdga,atena,hidatu,qaTAyna,mAragAgaT,Hadis,manfas,HqEnqsqasE,darag,mahonu,milinya,study
darag,mahonu,milinya,b.hEr,b.hErasabocnA,.hzbo,dEmokrAsiyAwi,tssr,ybalT,atena,dh,mAsawagad,taDamara,Trat,yAgolab,zaman,miho,HandAnd,SASAmanEnA,study
salaTana,saw,hAyl,mAfrA,kulu,HastawAxHo,mAbarakatu,Hamalkta,HqEnqsqAsE,atena,maqaTal,Hindustri,zarf,salaTana,saw,hayl,HqETra,mAswagad,NaroDak,strengthen
makatal,tanasA,HErtrA,sda,taSAla,HamArAC,ylqu,sda,guzo,atena,talay,HityoPyA,bzA,tAdiyA,Tru,HaqabAbal,tagabi,HayAyAz,Hsosta,study
polisi,tgbarA,kAsqANahuA,xu.hufE,`AlAmA,gl,fta,kliniko,Hagalglo,atena,cgrocA,mikatala,HamatA,HqEz,ymarA,hAgarA,Hikonomi,polisi,wsbsb,study
mAzagADA,bEt,tasabasaba,gabi,mahonu,masriyA,bEtu,HsrA,laTa,atena,`Amatu,TaqlAlA,miliyo,br,gabi,masabsab,Haqdo,HsarA,mahonu,study
