Lcontext10,Lcontext9,Lcontext8,Lcontext7,Lcontext6,Lcontex5,Lcontext4,Lcontext3,Lcontext2,Lcontext1,target word,Rcontext1,Rcontext2,Rcontext3,Rcontext4,Rcontext5,Rcontext6,Rcontext7,Rcontext8,Rcontext9,Rcontext10,class
talAlafu,mAstAwaqiyA,tAsabalA,HalAmA,musnA,nagar,taqabAyu,minA,zAnu,yAhl,tanasA,`AlAmA,liqAra,HqEskamicl,mAla,Tru,musa,mAstAwaqiyA,linasAsAnA,Hadis,xar,stand
Doro,guanE,qrbu,gmgamA,tanasu,HihHadEg,hAlAfi,tamalakata,krkr,hAlAfi,tanasA,gl,gAzETo,qadma,mazagabA,tkkl,Haydala,yATagb,mAsraDA,yhEnE,tz,stand
HamatA,Hay,hakimnatA,tta,falAC,qorACna,tazabAnanu,slTAnA,linaTquA,tanasubA,tanasA,Halam,mangs,maTto,miyAsTlA,mil,Hayna,fukarA,HqEmboqAqlA,hxAnA,sAyrAru,stand
TaqamEtA,tmhar,masaTatu,HagbAbu,mayAz,cAl,tkl,dngAyo,zuriyA,noru,tanasA,tanasta,HakAbAbi,safru,mimalakatA,HakAl,TyAqE,maqrabu,Hama,yAhl,turisto,stand
yAgalagalutnA,raZ,bAnku,prEzidA,maho,saru,l`ul,sagad,tafari,hAlAfinatA,tanasA,mnCo,hAlAfinatA,tanasu,bAnku,prEzidA,TuratA,qarA,warA,Taqomu,srA,stand
kll,talay,marE,botA,HasaTAT,tayAyAza,ntibAwocnA,srA,hAlAfi,slTA,tanasA,matAsarAcawnA,makasasA,tAwas,tamasAsAy,zEnA,dabub,kll,qadmo,hawAsA,ntibA,stand
Hayna,sayTA,HqEndAwAqara,Habra,saru,mangs,TalA,maho,mAgAlaT,tATqa,tanasA,kulA,lk,HqEndAnta,saw,liyATafA,tasalafa,yhE,CgAgA,dbAb,srA,stand
wadiyA,mabrA,TafAnA,filmu,kAstro,bq,Halu,skrinu,tamalkA,CbCabA,tanasA,kAstro,tadanqa,sAyAbaqu,mAyAwqu,tkaSA,kAstro,dangaT,bla,zor,Halu,cause
minibAsu,gabto,taqamaTa,fari,mangada,zm,gAzETaNo,yzA,Hadis,HababA,tanasA,naCuA,minibAs,fituA,Hawtobus,hEda,gadal,mangad,frhA,yac,dAr,stand
maqoTab,ynorbnAl,cgrocA,zho,Hakal,zho,gzuf,HakAl,HqElakAla,blA,tanasA,gundA,HqEndAnho,maTanqaq,tagabi,Hsr,naqalnA,Hsr,yAza,wT,maTA,stand
mnd,mawasa,mAlcla,HqErAs,Cok,blA,tanAgara,taqoTA,tagAdama,zalA,tanasA,qaT,blA,qoma,kflu,df,CalamA,CalamA,HafTTA,daqiqA,xaT,stand
manoru,tAwaqa,nagar,masqalu,masaqaluA,HaltagaNa,Hsosta,qan,t`gs,mot,tanasA,tablo,HakAbAbi,hzb,tAya,mnCo,ynAgarAlu,yat,darsA,maTA,TayaqA,stand
HandAnd,wayzAzr,hma,takomAtro,sgasA,huAway,faTAri,damo,yAci,gAstrikE,tanasA,ylAlu,dmxA,qlAxE,gurA,nafu,Halfo,Halfo,naC,kini,ywTAlu,stand
twldo,bAlafa,trakA,HqEsrAHElA,Hamata,mhra,tabatanu,zArE,HqEsrAHEl,mot,tanasA,dras,Halam,HqEytA,HagarA,motA,HalqolA,HqEngdi,sda,Hagaro,noru,stand
mAyAwq,biTanaqaq,ybaDawAl,silu,danagaT,HazAwntuA,balu,warAD,silu,maqamaCA,tanasA,Hakbro,SaNanA,wadiyA,HandA,yAhl,DarikA,yAzu,waTAto,gabu,wayAlA,cause
HawropA,bdr,qaws,mAwTAtnA,Hikonomi,mAsAdag,`Ala,mato,drSA,mAbarka,tanasA,takasata,Hasfari,HsrA,HaTna,maqraf,biliyo,yuro,mAnqasAqas,mAsabA,zagabA,stand
mil,saw,naTala,mAsAdad,Damara,xara,saw,HadagA,saw,zar,tanasA,sfA,tasfAfA,maTA,zaman,zaman,saTawnA,qadma,sAnnaqAnA,sAnzagAD,saw,stand
markabo,wgiyA,darasu,tAlAq,britAnyA,wAgAlA,qasaqasa,Hayqar,hayla,mAHqEbal,tanasA,spA,tAlAlAq,markabo,HangalAtA,markabaNocu,quTTr,honu,dras,HanastaNocu,HqEngliz,cause
HanastaNocu,HqEngliz,markabo,madu,Hayna,mAHqEbal,lb,tanqasAqasu,wr,wr,tanasA,HamErikA,nxxr,sttAy,dakAmA,HityoPyA,raDmu,huAy,haws,maqTA,Hamrra,stand
polatikA,r`yota,`Ala,HaqTACA,Halamakatalu,pArti,lAynatnA,pArti,HambAgananna,HqEkatalAla,tanasA,dEmokrAsi,TAras,HaydiyoloDi,yzo,qaTala,cgru,yKE,r`yota,`Ala,maHsara,stand
HqEndAla,HqEqabalAla,hano,ndr,dnq,polatikA,tantANna,qrbu,mangs,magalbaT,tanasA,mil,bAstalAlafa,TnA,tab,gax,xhuf,bAqaraba,wdAsE,ngusAwi,mangs,stand
blA,warada,lbuA,HadrsA,HaynE,tasawara,Calamab,TawA,HasrA,mamulAtu,tanasA,dAga,stwaTA,bAga,TabakuA,msrAq,bq,Hala,Sqb,mawTA,Damara,cause
flsfnA,lAys,mafrad,HqEdafrAla,HqEnazihnA,TyAqE,CnqlAtE,HaqACalub,sa`AtE,HayahunA,tanasA,dAgos,yAla,tip,saTcA,tasanAbatku,dAgos,yAla,sn,HqEndAtlu,gudA,stand
qanA,lDtuA,tAdiyA,HElzAbET,kocrE,tabAla,gAzETa,mAdrag,cAl,mAla,tanasA,lboladu,gaxabAhry,faDa,qan,Hamst,qan,mASASAl,Halam,zorE,HqEgabAla,cause
HqEra,Dambar,Suk,HalacA,wagagtA,dAbsA,bEtamaqdas,sawnatuA,yzA,wadaqa,tanasA,CaraqA,xahay,HadnAqi,yAlhonku,yKa,xahay,naTAqi,takulA,CaraqA,sabsAbi,stand
HambAgana,mari,mtAdarga,dgAf,zArE,dras,sAyzAnaf,qaTala,bAhrEy,taqAwmo,tanasA,zEguacuA,tAnknA,matrayas,damssA,xaT,HqEndtAdarglA,sAHudi,HarabiyA,stgAbznA,sAHudi,stand
mitAwaqa,HanxArAwi,dhna,linaxAxar,mAycl,`l,yAla,dhna,HabuArA,HarAgfa,tanasA,HqEni,biliyEnaro,balA,HqEskamATA,yAdarsa,`Ayna,dhna,HasAmra,yAwqu,qan,stand
gabto,taqamaTa,fari,mangada,zm,minibAsuA,gAzETaNo,yzA,Hadis,HababA,tanasA,naCuA,minibAs,fituA,Hawtobus,hEda,gadal,mangad,frhA,yac,dAr,stand
zArE,lEli,zihHqEdaru,HalA,HqEgziHab.hEr,`Am,lEli,maTto,yTaru,maTta,tanasA,hid,nagar,mnagr,qAl,tAdargAla,Hala,`Am,nagA,tanaHsA,HahyAytu,cause
maTta,tanaHsA,hid,nagar,mnagr,qAl,tAdargAla,Hala,`Am,nagA,tanasA,HahyAytu,Cno,mo`Ab,Halaqo,hEda,hEda,HqEgziHab.hEr,taquaTA,HqEgziHab.hEr,malHak,stand
HasAdaduHa,HqEgziHab.hEr,saTa,rstu,mdr,HqEsrAHEl,HqEndAdaraga,HaTafuHa,sfrA,taqamaTu,tanasA,zarEd,fafA,taSAgaru,Hala,zarEd,fafA,taSAgar,zarEd,fafA,taSAgar,cause
maqo,Hayclu,taragamu,honu,TalAtocA,ySaSAlu,nagar,makAkalA,kAlATafA,Halho,tanasA,.hzbu,qads,hm,HqEsrAHEl,nagar,Hala,nagar,makAkalA,tATafu,dras,cause
mAdrag,Damr,gilgAmE,Cok,smA,guabaz,gbi,HqEdarnA,naga,TuAt,tanasA,flmiyA,yqaTlAl,HqErA,balu,xaD,TaTu,wAlu,gTmiyA,zrzr,yAwaru,stand
CrA,mAg,yfalgu,maglax,HaTbqa,naqfawAl,gAdAfi,maTAl,nafT,Hangba,tanasA,tATAqi,kulA,Sggru,mangs,HqEmna,maTqas,tTq,maftA,fqAda,HqEndAlhonu,stand
ti,darasabA,Snfa,sdst,quTr,fantA,mAncE,stbAl,HalaqA,fargusa,tanasA,fotogrAf,mAsdagaf,HqEDE,yAgaNa,mil,maglaCA,sarAC,sanbtuAl,qd,sAlTaqs,stand
yTaqamubA,wanbar,taqamTa,rEdiyo,maganA,yAz,HalgA,gAda,ln,mAstAwaSA,tanasA,tanasA,kflu,gdgdA,xa.hay,stgabA,yAsAynA,zanbAbA,`Ayna,takl,msl,stand
nguHsu,zaman,qara,daraDA,mASqolqol,Damara,darg,waqt,mamaraqiyA,gAwA,tanasA,fotogrAf,sAlo,mAgECA,mahonu,qara,Hi.hHadEg,zaman,lunA,masal,HabAbAlo,stand
wASa,maCaraSA,Harafta,nagar,yAlq,smE,fanqluA,naqis,maqamaCA,zala,tanasA,gAla,CbCabA,CobE,ragaTu,HadArASu,HqEngdi,HqEgzEr,yAsAyA,takabarA,HanbAbyA,stand
mugAbE,naC,gabarE,marE,naTaqu,dhA,Tqur,gabarE,HakafAflAla,bla,tanasA,marE,Tqur,dhA,gabarE,Haldarasa,mugAbE,bEtasabocnA,qrb,wadADocA,qara,cause
mASASAl,bA`d,HagarA,nkarAtatu,mAla,HayAskEd,dhna,HagarA,mATfA,qurTaNna,tanasA,mangHstA,sEto,wandocnA,waTAto,tawAldo,TEnA,mabtA,mAskabar,nqasAqasu,yAsfalgA,stand
qabrA,`la,mStu,sa`A,mot,tanasu,tablo,tawarA,ynAgarAlu,mot,tanasA,samAy,talAku,mal`k,mAdras,gal,t`gs,krstnA,smuA,msla,fqr,stand
hono,zalaqa,yKa,Hagalglo,`Ayna,HasgarAmi,mibAl,daraDA,mogta,tElE,tanasA,mAlatA,Halqara,qdma,kfyA,kArd,mamulA,macagar,Damar,qada,Hagalgloto,stand
Tga,maho,znbAlE,Hadisu,milini,mAswagad,hbratnA,Handna,srA,tATqo,tanasA,nurowu,mASASAlnA,hywatu,malawaT,micl,tanAgrawAl,miliniyEmu,mAdrag,zonu,HakAbAbi,cause
bAl,lidamaT,cl,lEla,mahonu,nagar,tctocAcawnA,sm,mATfA,zamacA,tanasA,gudAyo,tawasna,qaru,bAlamahonA,yAzu,zamacA,ybalT,maradA,qari,tctocA,stand
mAswagaDA,tayAyzo,nasA,Hsna,mgbAr,cgr,mAswagad,taHsarA,trAnspor,zarf,tanasA,TyAqE,mkr,bEtu,tasaTa,mlA,katamA,trAnspor,polisi,maHsara,mAdrag,stand
masAsalu,mal`k,yAla,zaman,xAfu,HastayAya,bAlabE,gabru,tAraqa,rmuAl,tanasA,gudAyo,max.hafu,qadAmi,huAl,taqayara,max.hafu,mAta,Hasfalaga,max.hafu,CbT,stand
frd,hnd,frd,bEt,gudAyA,quAC,mawsadu,taquArAC,Tafto,TyAqE,tanasA,proDaktu,hAlAfi,mlA,HalA,gnbAtA,ganzab,mtAbadra,hnd,kubAnyAwocuA,tasmAmta,stand
mibAlu,naCo,ytarkAlu,HawstrAlyA,HabroDyAno,HawstrAlyA,naCo,makarA,yAyubA,tAriko,tanasA,hagarAtu,maHswA`tna,falu,makara,.hzbo,Halu,hagaritu,HqEndtAdg,hab,mAc,stand
flsfnA,yAza,wagu,lifata,gabA,lAqa,HsrA,manAgar,cAl,ymaslaNAl,tanasA,hasAbo,mAsradA,brhAnu,TnA,tagaNu,r`yota,`Ala,mAsAyA,honu,Cmq,stand
darAsi,tamasga,gabrE,gla,tArik,max.haf,HamuAmuAtA,HanagAgAri,mahonu,smA,tanasA,sawu,tArik,Hsos,`Ama,tAtama,falAsfo,gubAHE,lbolad,max.haf,magbiyA,stand
mnd,darsbA,cAlu,nagar,macAl,HaqAtA,HqEwna,lnSaSaws,HqEnclAla,TyAqE,tanasA,HqEwna,HqEwna,maSa,HaycAl,tnAntu,tArikA,gow,glTlT,blomawTA,Hala,stand
HsarA,snTabq,musnA,HsarA,tafaTara,Had,`Al,tamalakata,guAdaNocE,CawAtA,tanasA,wadADA,zandro,Had,bAydo,Hala,grA,magA,gabtuAchuAl,Haydal,bAydo,stand
zaman,hunEtA,malas,bla,`Ala,hzb,hywat,markab,maslanawAl,markab,tanasA,sunAmi,yAlu,hAsAb,mA`balo,matu,HangalAtawAtAl,dngATE,frhA,rAda,lac,stand
hxax,masaratAwi,cgrocA,taTaqA,masaratAwi,cgro,sAlho,fil,tamalkAco,sark,tanasA,TAlu,gudAyo,tamalkA,fil,sari,wAnA,x.hfa,bEtu,Hadis,HababA,stand
x.hfa,bEtu,Hadis,HababA,mAdrag,nqasAqas,HikonomiyAwinA,polatikAwi,`AlAmA,yzo,tanasA,HigAd,yKE,sltu,gCto,mAsqara,lmA,mAsfAfA,law,`AlAmA,mAsAkA,stand
Dunadi,HasfalAgi,frd,bEt,maksas,micAl,galxawAl,wlo,Habal,mimalaka,tanasA,TyAqE,nagar,mAlaqu,dAr,dnbaru,taTanto,HakafAfal,Hsr`Atu,Cmr,mazagADatu,stand
mAyAlfbatnA,wAnA,mangad,HaTagab,makinA,Hagalglo,mAqomiyA,Haydala,pArking,krkr,tanasA,HsrA,mafTar,makarAkariyA,yqarbAl,wAnA,nagar,HasfaxAminA,.hg,HarqAqi,gudAy,stand
masAriyA,Habna,slto,mazargA,gnNuna,HagbAbocu,tamarACnA,sAbi,mAdrag,yzo,tanasA,`AlAmA,taqadA,HastasAsab,mAsrax,hAlAfina,taTlobatAl,bAlamuyA,srA,lika,miclbAcawu,stand
.hg,mAskabar,bAl,tawasada,.hgAwi,HqErmDA,glasabocu,yAzu,taqanAqA,polatikA,tanasA,tanasA,tawasada,mAsmasal,hasata,propogAndA,manzA,ygaNAlu,hagarA,taragAgaTa,.hgAwi,stand
`AlAmA,mAyAwlu,yKE,bakfu,lbonA,lku,cgru,HslTanA,yfalgAl,mAla,tanasA,naTb,`Aynatu,cgr,mafaTar,bawAnaNna,Taqasa,xara,SbrtaNna,.hgu,mknyAtu,stand
HqEmna,takatAyo,bagadAmu,manakosA,taqasaqasa,taqAwmo,yATATAla,HaDandA,bAlA,sawu,tanasA,TyAqE,bamAla,tanasA,taqAwmo,takatlo,korporESnu,wAnA,dAyrEktar,`AbAy,fta,stand
HqEtaganabu,baHityoPyA,tElEviZ,batnAntnA,zEnA,HqEwaDA,mS,studiyo,tagaNta,bagadAmu,tanasA,TyAqE,mlA,saTu,wAnA,dAyrEktaru,`AbAy,bagadAmunA,baskuAr,proDaktu,sdst,stand
baHaksumnA,bamaqalE,bagadAmu,manakosA,taqasaqasa,taqAwmo,yATATAla,HaDandA,bAlA,sawu,tanasA,TyAqE,bamAla,taqAwmo,takatlo,korporESnu,wAnA,dAyrEktar,`AbAy,fta,hAlAfi,stand
yAwaTA,ganzab,HqEndEtnA,minaTaq,nbratu,ganabA,waCi,miwasd,ministru,mlA,tanasA,naTb,bAlnA,mis,bEt,biHsarunA,bAl,mistu,mAzAwar,bifalg,baliz,stand
hAyla,HslAsE,zaman,takAhEdu,Hamax,HqEnqsqAsE,lyuna,qANa,.hwa.hA,yzo,tanasA,bab.hEr,tamaHsarata,gaTar,tTq,tgl,Hamax,HamAxi,talayanA,HqEwnatA,taganazaba,stand
HandAnd,HastayAya,baHabAbAlu,grA,qada,.hga,mangHsttu,Hi.hHadEg,manaSA,yzo,tanasA,polatikA,mar,maHsara,Hadrgua,maraqaqu,bahulatu,Hi.hHadEg,HamarAro,HabAbAl,.hgAwi,stand
baHi.hHadEg,HamarAr,HabAlA,lyuna,tafaTara,Tornatu,batayAyAza,mahonunu,baHi.hHadEg,HamarAr,tanasA,HamarAru,gorA,fala,lyuna,Tornatu,`AlAmA,mawasa,tayAyAza,bASAgar,hEd,stand
tc,dulA,Tanakara,brhAnu,nagA,mrCA,Hsosta,HamArAC,HaydiyoloDi,yzo,tanasA,HidEpA,liqamanbar,ldatu,HayAlE,mawanDal,mrCA,wzgbu,bataTuATuAfa,waqt,baraka,stand
bazalala,xara,musnA,HaquA,yAsAdarabA,sgA,galx,baHqErgT,baHandAndocu,badgAmi,tanasA,HastayAya,HityoPyA,musnA,xadA,nac,mAla,ft.hawi,silu,bagr,Tayqu,stand
bazalala,xara,musnA,HaquA,yAsAdarabA,sgA,galx,baHqErgT,baHandAndocu,badgAmi,tanasA,HastayAya,musnA,xadA,nac,mAla,ft.hawi,silu,bagr,Tayqu,HqEN,stand
baHamArNAnA,baHqEngliz,tazagADta,mamAryA,maxA.hf,b.hErasabocnA,.hzbo,quAnquA,babAlamuyA,taragomu,tanasA,tmhrt,ministEr,tmhrt,ministEr,yAwaTA,b.hErAwi,tmhrtnA,HslTanA,polisi,b.hErasabocnA,stand
Hadrga,malakatu,Habyo,maqalbas,yAskatala,cgr,HityoPyA,baHaxE,hAyla,HslAsE,tanasA,kAti,Habyo,badarg,bamaTalafu,krkr,HakAl,mahonu,`AmatA,baqo,bawatAdarAwi,cause
maswA`tna,yKE,HaydiyoloDi,maTto,faTra,nagar,HawalyA,HakAbAbi,yAla,wzgb,tanasA,Hada,HawalyA,Hsr`Ata,tmhrtu,litAy,HagarA,tasmAmi,Hsr`Ata,tmhrt,sA`udi,stand
.hzb,salAmnA,dahnna,maTabaq,hAymAno,gudAy,TAlqA,ligabA,baHqErgT,hAymAno,tanasA,.hasAb,lyuna,mangHstnnA,.hzb,salAm,dahnna,HadagA,TluAl,mAla,cAla,stand
qan,bAwaTA,hbratasab,nagarawnnA,HsarA,nagar,ragAgaTa,mahEd,ySAlAl,zm,tanasA,warE,mAgobdad,Habro,maguAz,.hzba,muslimu,grgr,maru,HandAnd,sawu,stand
HqEhlnA,duqE,taTAla,HqEsE,tAksnA,tar,Hovar,tAks,zArE,Damro,tanasA,ganzabnA,Hikonomi,lmA,ministEr,ministEru,mAmSA,HityoPyA,zEnA,Hagalglo,lAka,stand
xhfa,bEt,hAza,sAmnt,HamErikA,yAtl,katamA,manoriyA,HapArtmantA,HqEndAlu,tanasA,HqEsA,hywatA,lAlafa,Hamst,HityoPyA,los,HanDalas,gaNa,HityoPyA,qonslA,stand
maglaCA,msgAnA,sosa,tAdAginA,Handi,waTA,HityoPyA,hywat,qaTafa,HqEsA,tanasA,HqEskA,bAytAwaq,HqEsAtu,mATfA,qadmo,darso,tamA,HqEsA,HadagA,makalAkayA,cause
kAtolikA,bEtakrstyAnnA,HityoPyA,makAnaHiyasusbEtakrstyA,haymAno,HabAto,haymAno,taquAmA,yqrtA,maTayaq,tanasA,mAramiyA,bEt,gaNutyadarg,bAlaslTAnA,yqrtA,daraglA,Tayaqu,masarat,mahonu,bAlafu,stand
mahonu,ganzabnA,Hikonomi,lmA,ministEr,mAbrAriyA,Datu,TnqAqE,tazagADa,mahonunA,tanasA,tadaraga,dldl,fthAwi,mahonu,Hikonomi,masarat,hono,sAla,mna,zarfu,stand
tkkl,Halamahonu,ldatu,tanAgaru,hAgaritu,bAhar,yAsfalgAtAl,law,taqAwAmi,pArti,tanasA,hAsAb,mAsAkA,HqEnsarAla,yAlu,bAlafu,`AmatA,HityoPyA,gnNunatuA,bAkAhEdacA,HqEnqsqAsE,stand
bAlafu,warA,yAkanAwanA,tagbArA,magamga,qaTAy,HqEnqsqAsE,lmd,mawsd,pArti,tanasA,hAsAb,tawayAyto,hgu,masaratAwi,Hamdo,mamasra,kAhEd,mkr,bEtu,HidEpA,stand
tkkl,Halamahonu,ldatu,tanAgaru,hAgaritu,bAhar,yAsfalgAtAl,law,taqAwAmi,pArti,tanasA,hAsAb,mAsAkA,HqEnsarAla,yAlu,bAlafu,`AmatA,HityoPyA,gnNunatuA,bAkAhEdacA,HqEnqsqAsE,stand
hunEtA,makanAwanu,mzgabA,waqt,marACu,.hzb,marACna,kArd,mawsad,yAsA,tanasA,talaya,mzagabA,waqt,hbratasabunA,polatikA,pArti,`Cu,tanasA,`Ayna,qrEtA,stand
HqEsA,qATalo,gmtu,miliya,br,nbra,fAbrikA,Cs,mATAriyA,kfl,tanasA,HqEsA,zArE,TawAtu,sost,Damro,qanu,sdst,dras,HadagA,maqoTATar,cause
HqEndAmalakata,HawroplAnu,Hayar,mangadu,sahArA,syAmE,yAtl,mulu,mangadaNo,HasAfro,tanasA,HawroplAnu,zArE,TawA,Hadis,HababA,bolE,`Ala,`Aqaf,HawroplA,mArafiyA,stand
gAzETaNna,sm,hga,waT,tagbAr,faxmu,HalunA,yTanqaqu,Hadaru,HakAbAbi,tanasA,drq,gudA,sAyAskatl,quTTr,sr,wAla,honlataraDi,wAnAna,mangs,maTabAbaqiyA,stand
HalubAltA,mahonA,HityoPyA,Hortodoks,tawAhdo,bEtakrstiyA,gadAmnA,zquAlA,tarArA,HakAbAbi,tanasA,sadad,HqEsA,mATfA,bEtakrstiyAnitu,Trat,mAdraguA,zArE,mAmSA,tasaTa,maglaCA,stand
sfarA,tagbArAwi,mAdrag,miliya,qoTaru,HabAlA,yAluA,Hasr,vil,mAhbarA,tanasA,Tmra,faTra,mrCA,matAzab,tanqasAqasu,ygaNAlu,HityoPyA,hadAsE,mAhbar,honu,stand
takanAwanu,HsrA,fta,TnqAqEnA,quTTr,tagabaru,HamarArunA,HabAlAtu,HagarAwi,smEtnA,tanasA,fta,minA,tayAyAza,zEnA,dArfur,tasamArA,zur,HityoPyA,salAm,HaskabAri,stand
xhfa,bEt,hAza,sAmnt,HamErikA,yAtl,katamA,manoriyA,HapArtmantA,HqEndAlu,tanasA,HqEsA,hywatA,lAlafa,Hamst,HityoPyA,los,HanDalas,gaNa,HityoPyA,qonslA,stand
maglaCA,msgAnA,sosa,tAdAginA,Handi,waTA,HityoPyA,hywat,qaTafa,HqEsA,tanasA,HqEskA,bAytAwaq,HqEsAtu,mATfA,qadmo,darso,tamA,HqEsA,HadagA,makalAkayA,cause
zamacA,maqaTalu,`AranA,wddr,yAqaraba,HqECu,tawadAdAri,tagadala,maTaT,bEt,tanasA,grgr,sAbiyA,mahonu,.hgAwi,mangad,takAhEda,mATArA,maragAgaTu,maglaCA,Hamalkto,stand
hunEtA,makanAwanu,mzgabA,waqt,marACu,.hzb,marACna,kArd,mawsad,yAsA,tanasA,talaya,mzagabA,waqt,hbratasabunA,polatikA,pArti,`Cu,tanasA,`Ayna,qrEtA,stand
bAlafu,warA,yAkanAwanA,tagbArA,magamga,qaTAy,HqEnqsqAsE,lmd,mawsd,pArti,tanasA,hAsAb,tawayAyto,hgu,masaratAwi,Hamdo,mamasra,kAhEd,mkr,bEtu,HidEpA,stand
HontAriyo,katamA,HqEnAtocnA,hxAnA,mot,maqanas,saTa,dgAf,maCamar,minor,tanasA,mawsad,gudAyu,wyytnA,wsAnE,yAqaraba,zandro,budn,smnt,HabAl,HagarA,stand
samArA,saw,hAyl,srA,bAhlnA,sna,mgbAr,daraDA,mAsAdag,zarf,tanasA,zagADu,yAlu,Hawda,r`yo,zarfu,Haq,maraDA,saTunA,HqEdga,daraDA,stand
`Ala,nagAgaru,zuriyA,HaqTACA,samA,HastayAya,HabzA,misTirAwi,maraDA,mawTA,tanasA,taqAwmonnA,quTA,galxu,HqEsrA`Elu,TaqlAy,ministr,saTu,HastayAya,yat,TaqlAy,stand
mSg,mimasl,konkri,hnxA,gAdAfi,quTA,targafagafu,HaranguAdE,hgamangstA,TAqasu,tanasA,frdu,mot,silu,tlA,tElEviZ,masko,bq,sAylu,slk,mAksaNo,stand
wasada,hAlAfinatu,migabA,yAltawaTA,prEzida,turE,mangHs,samEnAwi,hagaritu,fil,tanasA,tuwArEg,`Amax,mAbqA,bAlamacAlu,mahonu,dEmokrAsinnA,mangHs,mamaHsra,`AmAxyAnu,yAquAquAmu,stand
gizEyA,wadi,basfAtnA,bataTanAkara,hunEtA,tagabara,migaNa,lmAtAwi,mangHs,flsfnA,tanasA,HascagAri,mahonu,balAy,mangHs,faqAdaNna,lEla,bAlamuyA,galaxu,baHahunu,baHastamAmA,stand
fasasa,Hikonomi,taTaqAmi,daraga,Hikonomi,stqoTATar,sawu,manor,kAlA,gugu,tanasA,Tga,HastasAsabA,bamAla,gabru,HasrA,pArtiyA,lmAtnA,dEmokrAsi,tasAsarunA,linaTATalu,stand
bataCamAri,bayazamad,HazmAdu,bEt,tawasadu,bataCamAri,HsrA,fdA,bEt,mrE,tanasA,miyATafu,riporto,HityoPyA,Camro,Hagaro,zEgocA,libAnos,HqEndAyhEdu,klkalA,mAdragA,stand
.hgu,.hga,mangHstu,batawasana,daraDA,qArannA,trgumo,mac,kfta,slAla,tanasA,baHafaxAxa,zEgo,gudA,.hgu,tagbArAwi,bahuAlAnA,.hg,sawu,madANa,Damaru,stand
TyAqE,wanDala,maqCA,.hg,`AlAmA,daraq,wanDal,madANa,SbrtaNna,polatikA,tanasA,yAla,wanDal,SbrtaNna,btwasda,manaSA,polatikA,mAdrag,mfalga,nagar,nagar,stand
mAdrag,mfalga,nagar,nagar,mfalga,nagar,baHamax,HadargawAla,kAla,polatikA,tanasA,yAla,wanDal,nagaro,mAyTATAmu,makarA,polatikA,tanasASna,yAla,drgi,daraq,stand
midars,.hgu,liqaTA,HqEskamo,yAdars,maqCA,Hala,liqaTA,nagar,polatikA,tanasA,yAlA,glasabo,honu,drDto,TfA,faxAmina,HqEndAySagAgaru,.hga,mangHstu,maHsara,stand
tabAla,`Ala,Haqaf,sabHawi,drD,miqaTlu,`AmatA,baqi,mgb,bAlamAgNa,tanasA,`Ala,Haqaf,daraDA,miliyo,.hxAnA,HakAlAwi,HqEdga,liqAwas,mAcl,mAstAwaqu,stand
hAyl,mAmanCA,gnbAtA,`qd,fta,gb`AtnA,Haq,maho,cl,HafaxAxa,tanasA,HElEktrik,hAyl,taTaqAmi,gaTar,qabalE,mAdras,cAl,danbaNo,quTr,miliyo,stand
hunEtA,hlinA,mAstAwasE,fta,HaqmnA,mamAr,flAgo,noruA,HqEdlu,TabAbna,tanasA,hlmA,mangad,qara,HandAnd,bAlnDarocE,lbE,bAznmzArE,lDocA,brhA,tamolA,stand
Haydala,hono,malasa,nAgaru,mAstAwaSA,wasada,saw,mAstAwaSA,HawasAsadu,manfas,tanasA,saw,gudAyu,HanSawArro,matargo,cl,fata,yAhl,qn,lbonA,yAnabba,stand
tamalakata,bAqaraba,zagabA,HityoPyA,mangs,mAnA,Hinvastmanto,TankArA,tadarAdAri,mahonu,tanasA,HagarnnA,hzb,gudA,dArg,smmna,Hayfax,Hahunu,waqt,bAlahAbto,HqErSA,stand
yCAwatAlu,stops,HintarnASnAl,HityoPyA,maganzab,blu,stAr,mil,lyu,maTariyA,tanasA,gl,TEnA,taquAmA,raDa,gizEnA,zalAqi,xns,makalAkayA,zadE,masTa,stand
gbxu,far`o,fArsu,nguHs,kAmbisas,lDu,gAbcA,masTa,HqEmbi,mAlatu,tanasA,Torna,takafto,tazagaba,tArik,Hala,yAsA,HafriqA,nagaHstA,Tntu,zaman,stand
takanAwnuAl,`Aynatu,HsrA,takanAwanabA,qaTAnA,somAliyAnA,HErtrA,gaNu,HafrikA,qand,tanasA,HafrikA,qand,lmAtnA,`dga,mAnaqo,honu,cgro,mrmro,takanAwnawAl,mrmrocu,stand
HslTA,mayAzu,rahA,waqt,TankArA,taqAwAmi,hAylo,mAdAkamunA,tazarazaru,mknyAto,tanasA,HisAyAs,mangHs,Tankro,limuAga,cl,taqAwAmi,hAyl,lifaTar,HalcAla,SA`biyA,cause
migaNa,nafs,mATfA,wanDal,taTarTra,polis,quTTr,sr,wAlu,HqEsraNo,tanasA,xab,hywat,mAlafu,mnCo,Hamalakatu,.hararE,kll,polis,komi,gbi,stand
Haby,zamanu,m`manA,Hahunu,maganA,mangad,bAlbalaxaga,zaman,`mnatA,xnA,tanasA,snqA,HqEgrA,warAtnnA,`AmatA,HadkAmi,guzo,Hadrga,rusAlE,midaraga,guzo,stand
taTarTAri,saw,gadluAl,mskrna,saTa,tAwquAl,tanasA,dbdb,tanasto,gadAy,tanasA,fta,gudA,yAdarasa,wadiyA,hkmnA,hospitAl,biwasad,qanA,hywatu,mAlafu,stand
mAlafu,mnCo,tanAgrawAl,klkl,ylAl,HagAfAri,SAw,wazAdar,Haydalu,bluAl,tanasA,HsrA,qaqa,Habra,ysaru,HsrA,bAldarabocu,HabzANocu,waqtu,tagadalu,tarafa,stand
HazagADu,HqEndAtgabA,sil,TbaqA,nagara,TbaqA,mamariyA,taqabla,Tabaqu,wfratA,tanasA,gbi,makinA,magbiyA,limolu,qarA,TbaqA,HasAcA,sa`A,yAci,sb.ha,stand
wdna,srA,HaTna,honuAl,mangs,sanazaru,HandAnd,tcto,mararu,mahonA,tanasA,yAsdanagTAlu,Sbr,TqA,musnA,HadagA,ybsbnAl,tctnA,taqAwmo,stsamu,dangaT,stand
tabAla,tArAmi,kAhu,tamasAsAy,drgi,faxmo,yAwqAl,xaba,HawAki,bAhry,tanasA,HabEtutA,qarbo,yAwqAl,mAramiyA,bEtu,talaya,manqasAqas,naxAnatnA,Hagalglo,yAga,stand
Damro,mAmlak,mafrA,dars,Tg,tafaTro,maTa,yAlafa,maTlA,TlAcA,tanasA,tafaTro,hg,marA,hono,tafaTro,mAwda,mamokar,ZwAZwE,taqArAni,madraSA,stand
biliyo,dolAr,waCi,dArg,HamatA,zalq,Torna,ydArgAl,mil,gmtA,tanasA,cAynAnA,rusiyA,HalamHaqaf,salAm,waku,roytars,mil,r`s,bAqaraba,zagabA,stand
holiwd,Tqur,fil,bAlamuyA,masrA,HqEdl,bAlaslTAnAtnA,fil,kubAnyA,nqatA,tanasA,Tqur,hzb,yAwqu,nagar,lam,sil,Tqur,HamErikA,fil,bAlamuyA,stand
HaznANnA,HasgarAmi,nagarA,prEzidA,sAdA,husE,zaman,HirAq,HsrA,HqETo,tanasA,.hkmnA,doktrE,daraDA,tamaraqu,sawu,HqEndAltamAra,saw,zqta,mamaza,qarabu,stand
yAscl,gnzAbE,mAsfA,HasfalAgi,mahonu,tAmnobatAl,hbratasabu,gnzAbE,mATA,mknyAto,tanasA,TEnA,taquAmA,yAlamaTaqa,hunEtA,HakuwAyA,TEnA,taquA,Hagalglo,flAgo,maCamar,cause
HasAfro,guandar,guAz,HabAy,rahA,gadal,gabA,skAy,HadagA,Hawtobsu,tanasA,HqEsA,tafaqadala,fTna,maSkarkaru,mahonu,HoromiyA,polis,waradA,polis,HazAZ,stand
faranDo,Taqsu,Habra,maho,kAlA,fqr,miho,mATA,mifaTarbA,frhA,tanasA,ySAlAl,mAla,yhE,HadagA,miho,lb,HslTA,maqoya,miTaqasu,zadE,cause
`AmatA,HityoPyA,magzA,b`r,HaTATAl,HaTATAl,yAltamaca,HihHadEg,bazA,mAdnaqA,tanasA,hAq,mafAtA,dAr,dAr,mAlatA,HqEra,hga,mangstu,sAyzanagu,qaTAyocu,stand
Camara,Tabaqo,trAnspor,cgr,HqEndAlabAcawnA,HandAnd,waCi,kisA,mAwTA,migadadu,tanasA,HsrA,malqaq,faqAd,HawTta,gl,TbqnA,HsrA,bAlamuyA,quTr,maqanas,stand
darAsi,HalamAya,galAgAy,taxAfa,xhuf,wAnA,maSkarkariyA,r`sa,gudAyA,Hadrga,tanasA,tagalabAbAC,darAsi,daha,Tqitocu,darAsiyA,staqar,HabzANocu,darAsiyA,gulbatA,polatikA,stand
yAsfalaga,Haby,zamanu,m`manA,Hahunu,maganA,mangad,bAlbalaxaga,`mnatA,xnA,tanasA,snqA,HqEgrA,warAtnnA,`AmatA,HadkAmi,guzo,Hadrga,rusAlE,midaraga,guzo,stand
HagAfAri,SAw,wazAdar,tanasA,HsrA,Habra,ysaru,HsrA,bAldarabocu,HabzANocu,tanasA,tagadalu,gAzETa,sbhA,gabraHqEgziHab.hEr,lyu,b`r,zar,zarAbA,gAzETAnA,max.hE,cause
mktl,HazagADu,HqEndAtgabA,sil,TbaqA,TbaqA,mamariyA,taqabla,Tabaqu,wfratA,tanasA,gbi,makinA,magbiyA,limolu,qarA,HasAcA,sa`A,yAci,sb.ha,wadAD,stand
magalgal,macAlA,galTa,lTu,Hadis,tamAri,mamAr,HqEdl,mAgNatA,kfl,tanasA,HakAbAbi,waTAto,mamAr,HqEdl,sAyAgaNu,maqoyatA,drDtu,yAdaraga,dgAf,HabaratAtA,cause
rqa,wadamigaNa,dilAnA,HawAsA,maguAz,mamAr,ygadadu,tamAri,Haq,mAnas,tanasA,tmhrt,yAquArTu,galTa,mangs,bAdaraga,Trat,waradA,yAzna,`Ama,masanAdo,cause
lDo,mgb,HqETra,tmhrtA,HqEndAyAquArTu,mAgaz,Hamalkata,tamaTATana,mgb,HqETra,tanasA,hxAnAtu,gaTmA,baStA,makalAkal,mahonu,progrAmu,yAsfalga,mgbnA,qusAqus,HamArA,stand
masanAdo,tmhrt,bEt,bAlamanoru,qada,sil,HandAnda,tamAri,Haq,mAnas,tanasA,tmhrtA,yAquArTu,.hbratasab,gnbAtA,gul,dgAf,mAdrag,HqEnqsqAsE,mahonu,galTawAl,cause
miyAquArTu,sEt,tamAri,ganzab,dgAf,yAdarg,maqoyatu,Hamalkata,Haq,mAnas,tanasA,tmharatA,liyAquArTu,Harbto,Hadar,lDo,taqablo,fta,daraDAnA,yunvarsti,stamAra,cause
miyAquArTu,sEt,tamAri,ganzab,dgAf,yAdarg,maqoyatu,Hamalkata,Haq,mAnas,tanasA,tmharatA,liyAquArTu,Harbto,Hadar,lDo,taqablo,fta,daraDAnA,yunvarsti,stamAra,cause
`qd,progrA,bAlamuyA,dinsA,dugumA,HityoPyA,zEnA,Hagalglo,galaxu,cgro,tanasA,madaba,tmhrt,mAgNa,yAlcAlu,sawu,bAlafu,warA,madaba,yAlhona,tmhrt,cause
miTabaq,HqEndris,tanAgrawAl,DDgA,daraDA,tmhar,bEt,Hahunu,mamAriyA,kflo,tanasA,kfl,tamAri,mimAru,tagalTuAl,mangs,sumAlE,kll,tmhrt,masfAfA,saTawu,cause
bibisi,`Ala,Haqaf,sabHawi,drD,miqaTlu,`AmatA,baqi,mgb,bAlamAgNa,tanasA,`Ala,Haqaf,daraDA,miliyo,.hxAnA,HakAlAwi,HqEdga,liqAwas,mAcl,mAstAwaqu,stand
magamga,nora,tax`no,madAsas,Hsostu,Hagaro,tEknik,komitE,quAquA,qdmiyA,tanasA,mawsaduA,quAquAma,galalta,komitE,tafAsas,HagarA,gdbu,linora,cla,tax`no,cause
hAyl,mAmanCA,gnbAtA,`qd,fta,gb`AtnA,Haq,maho,cl,HafaxAxa,tanasA,HElEktrik,hAyl,taTaqAmi,gaTar,qabalE,mAdras,cAl,danbaNo,quTr,miliyo,stand
mil,saw,naTala,mAsAdad,Damara,xara,saw,HadagA,saw,zar,tanasA,sfA,tasfAfA,maTA,saTawnA,qadma,sAnnaqAnA,sAnzagAD,saw,lD,sAylay,stand
hunEtA,hlinA,mAstAwasE,fta,HaqmnA,mamAr,flAgo,noruA,HqEdlu,TabAbna,tanasA,hlmA,mangad,qara,HandAnd,bAlnDarocE,lbE,lDocA,brhA,tamolA,Hadis,stand
tamalakata,bAqaraba,zagabA,HityoPyA,mangs,mAnA,Hinvastmanto,TankArA,tadarAdAri,mahonu,tanasA,HagarnnA,hzb,gudA,dArg,smmna,Hahunu,waqt,bAlahAbto,HqErSA,marEto,cause
Habna,.htma,slto,mazargA,gnNuna,HagbAbocu,tamarACnA,sAbi,mAdrag,yzo,tanasA,`AlAmA,taqadA,HastasAsab,mAsrax,hAlAfina,bAlamuyA,srA,lika,miclbAcawu,masAriyA,stand
mAskabar,bAl,tawasada,.hgAwi,HqErmDA,glasabocu,yAzu,taqanAqA,polatikA,HaquA,tanasA,tawasada,mAsmasal,hasata,propogAndA,manzA,hagarA,taragAgaTa,.hgAwi,polatikA,tgl,stand
biruA,mnTaqa,kompiyutar,fabarak,taHamr,HasaNto,mknyAtu,maDamariyA,kompiyutaro,gzufnatA,tanasA,botA,botA,mAnqasAqas,HadAgA,kompiyutarocu,maTaqa,yAsfaru,mthatnA,sayTAnAwi,HqEsAbE,cause
yAhlu,sab`Awi,mabt,dngAgE,biyz,goDi,lmAdAwi,drgitocnA,huAlAqar,HamalakAkato,tanasA,mabt,Tsato,mitAyu,HasmAru,mAsqara,gnzAbE,mAsCabaCA,srA,taTanAkra,maqaTal,stand
hkmnA,HalutAwi,tax`no,sAdara,mangHs,bAlamuyA,sfA,salaTana,cgru,sfA,tanasA,kAti,HasrA,hospitAl,bAlamuyA,HascagAri,hunEtA,binoru,tawasana,cgru,mAla,cause
wag,mAstawAwaq,fta,TaqamEtA,progrAmu,Tndocu,mAhbarasabAwinA,HikonomiyAwi,hunEtA,yAlamamacAca,tanasA,gAbcA,mafaxa,yAqAtA,madagaf,gAbcA,hEdu,mAdrag,kAhEda,mil,mari,stand
HqEndAla,raSid,`sE,tAks,gabi,migabA,masabsabunA,hbratasabu,gbr,TaqamEtAHawqo,tanasA,gdEtA,waqtu,mawaTA,gbr,makfalu,gabi,HamnA,liCamr,macAlu,HarAtu,stand
saw,lDo,mAhbarAwi,wAstnA,mAragAgaT,lmA,mAfATa,minora,gul,fAydA,tanasA,hAgarA,tafarAraqu,HsrHato,wTEtAmA,bAyhonlA,polisi,qarxa,HsrHa,zargta,nqasAqasu,cause
wAnCA,budnu,Hawtobs,tasanazara,TqA,wddru,HanAkAhid,mAla,wddru,mAglalu,tanasA,HafrikA,HqEgr,kuAs,konfEdErE,budnu,zandrownA,miqaTla,`Ama,mikAhEdu,HafrikA,stand
HabaratA,HafaxAxamnA,wTE,matAyatu,hab,HsrA,zuriyA,Harso,Hadaru,yAsA,tanasA,rbrb,tasfA,saCi,mahonunnA,Trat,mAsqaTal,HaCr,tarAqotu,HakAbAbi,yAgagmu,stand
yAlA,HagarA,HqEndAlu,Hamatu,sahArA,bAlu,HagarA,gaNu,HqEnAto,walid,tanasA,hlfa,tawasada,nAmunA,TnA,Hamst,Hama,gaNu,hxAnA,mot,budn,stand
zamacA,maqaTalu,`AranA,wddr,yAqaraba,HqECu,tawadAdAri,tagadala,maTaT,bEt,tanasA,grgr,sAbiyA,mahonu,.hgAwi,mangad,takAhEda,mATArA,maragAgaTu,maglaCA,Hamalkto,stand
galaxa,tamasaratabA,ft,ministEr,Hama,HoromiyAnA,bEnSAngul,gumz,HagorAbA,waradA,tanasA,gC,tasAtafu,glasabo,zar,mATfA,wanDal,Camro,Hamst,wanDalo,ks,cause
gAzETAwi,maglaCA,Hakla,HandAnd,HakAbAbi,yAlu,maTana,cgro,gnzAbE,mAnas,tanasA,tabla,tafaTaru,HqEndAlhonuba,tAzAbi,budnu,HabAlA,tagaNubA,mrCA,TAbiyA,mato,cause
dgAfo,yAdarg,dAyrEktaru,yhunnA,HakAbAbi,whA,HqETra,makasatu,cgr,gaTama,tanasA,proDaktu,yTanAqaqAl,tablo,tAqada,mazagyatu,qari,HsrA,qalAl,mahonu,maCi,stand
Tq,HqEwn,mAdrag,tkura,saTto,faTA,wTnA,HikonomiyAwi,`dga,qorTo,tanasA,hagarA,hzb,lmA,HqEnqsqAsE,frEyAmA,mAdrag,yAscl,fta,bqA,maganbAtu,stand
mAya,HalcAla,makinA,walal,lDu,tAqafa,nqa,HqErmDA,takafata,nqatu,tanasA,naDi,mamalka,hzb,hab,hab,HagbasbAsocu,qanA,law,hzbAwi,zEmA,stand
Hanmalas,silu,mamhrAnu,slk,yAgaNanA,HandAnd,r`sAna,mamhrAnu,HsrA,HadmA,tanasA,tmhrt,maquAraTu,hunEtA,mAstakAkalnA,maCi,saNo,mamhrAnu,HsrA,gabatA,malasu,stand
fasA,gnNuna,tkkla,mangad,mAskEd,yAsclu,tubo,lAyfaTarulA,masmar,mknyAto,tanasA,gudA,darasa,zar,fasA,tkkla,fTnatnA,maTa,wadasEtuA,bl,mAskEd,cause
zarfu,gaNa,mnzArE,mAsAdag,cgro,cgro,qodA,TrA,TrA,maguAdal,tanasA,TrE,qodA,mAsga,tamokara,qodAnA,lETo,TrA,maguAdal,mato,HqEnssA,stand
Damro,bAryA,ngd,HamaTAT,mamalas,HandAnd,naCo,tasAsAtA,HafriqA,HqEwuqa,tanasA,Tayaqu,TyAqE,rlinu,wakilA,ylmA,hAylamikAHEl,maxahAfu,darAsi,honu,Darma,stand
tlAlq,mrCA,qaTAnA,marAC,dmx,liyAga,tanasA,qaTAnA,kASanafa,pArti,tanasA,manbar,qaTAnA,hulataNAnatu,botA,mayAz,HazmAmAmiyA,kAy,gaNawu,zabta,dEmokrAto,stand
mangs,TrTArE,budn,mrCA,yAwaTA,zagabA,HityoPyA,mangs,hbratu,yAwazAgb,tanasA,zandro,mrCA,matAzab,hagaritu,gaNa,hbratu,budn,minA,tamalakata,HityoPyA,cause
yfA,zanagA,wadafrd,bEt,mahEdu,mAhbaru,liqamanbar,HikAl,HangElE,proDak,tanasA,kEnyA,hywat,HadagA,gabA,galaxa,mAhbaru,kEnyA,Hityo.dyA,darasa,smmna,stand
tasamArA,HafriqA,hbra,salAm,HaskabAri,hAyl,Smq,tawAgi,misanazar,TqA,tanasA,tal`ko,mAkanAwanu,tagbAru,HqEkl,HqEkl,gaTama,mahonu,hbratu,?,?,stand
HqEslmnA,fEStA,takalakala,mangs,HanxAr,HalyA,budn,tayAyAza,Sari`A,hg,tanasA,takalakala,saw,hunEtA,tAlAq,qan,mazakar,HalamacAlu,talay,somAliyA,noru,cause
drgitu,taquAmu,kominikE,bAlamuyA,`Ali,fAkari,milu,qodA,qala,lyuna,tanasA,klkalA,daragAbA,nEpAlnA,Hityo.dyA,maTu,bEt,HsarAtaNo,?,?,?,stand
HafrikAwi,sEta,HadAri,nAyDEriyAwi,skE,yhunnA,mAma,frAnkfar,sEta,HadArina,tanasA,tagodA,nAyDEriyAwi,cm,mAla,hga,waT,sawu,zwwr,sAbiyA,HadagA,stand
darag,naxA,tmhrt,`dl,saTa,`dl,tasaTa,daraDA,tmhrtA,cgro,tanasA,mifalgu,Tru,daraDA,mAdras,lAlcAlu,sEt,tamAri,HamErikA,gbrasanAy,drD,stand
doktarna,mA`ragA,SAra,wadi,polatikAwnA,HakAdAmi,zarf,gaTamA,brtu,gfi,tanasA,marAhita,mangs,HangElA,mErkl,wadADna,manfas,bAdaragu,wyy,polatikA,slTAnE,cause
yAkAhidu,hagaro,maqabalA,biyAstAwqu,qAlA,HalamaTabaqA,hbratu,prEzida,ZAn,ping,tanasA,hbratu,britAnyA,libiyA,makr,naga,TarA,sbsabA,mAykAfal,ZAn,ping,cause
HalAsAnE,wAtArA,HabiDA,bEtamangs,mag,diplomAsiyA,Trat,bilu,bAgbo,HqEmbitaNna,tanasA,HqEsA,hagaritu,maragAgA,sAyclu,maCaraSA,HalAsAnE,wAtArA,dagAfi,honu,HamAxiyA,stand
hunEtA,ysaT,frAnkfar,Hityo.dyA,quAnquA,ysaTu,doktar,gEtE,galA,mknyAto,tanasA,lElocu,tamo,Hityo.dyA,TnA,HsrA,tadAkama,bimaTA,hamburg,yunivarsiti,TnkArE,cause
bAla,Tru,yAlhona,masarata,lmA,cgrnA,baqi,yAlhona,tmhrt,Haqrbo,tanasA,Hagaro,Halam,Haqafu,mr,taTaqAmi,lihonu,HalcAlu,bAlamuyA,HagalAlax,milu,stand
mabto,mahonu,hagar,hagar,mgb,magtA,bEtasaboC,cgr,maTA,san,tanasA,HandAnd,hagaritu,nawAri,qan,HandE,mamagab,tagadadu,mgb,mAgNa,masaratAwi,stand
dnbar,quTTru,mATbaq,HafriqA,sdataNo,HawropA,gabu,mangad,Tababa,hEduAl,tanasA,kAlafu,`AmatA,wadi,HawropA,darsa,sdata,quTr,qanasa,HafriqA,HawropA,cause
HakAbAbi,gaNa,dAdAb,sdataNo,maTalayA,TAbiyA,waqtu,miyAstanAgda,sdataNo,bzA,tanasA,`Ala,maTalayA,TAbiyA,sost,mato,samAnyA,saw,HityoPyA,drq,kATaqA,stand
sAwdi,taguAdalu,drgi,sAwdi,mangs,HakrAri,HqEslmnA,wAhAbiz,r`yo,taTayAqi,tanasA,maskara,TqA,TAlu,sAwdi,tawalADo,maho,Tabab,yAhl,?,?,cause
tazagADa,hono,vlu,mAhbarasab,HandAnd,mabt,tamuAgAco,taqAwmo,kAsamu,hgu,tanasA,tAnzAnyA,yugAndA,kEnyA,zArE,dras,xara,Sbr,hg,`Ala,Haqafu,stand
.hzb,Haf,tanaTqo,tawasada,HonA,gAbo,mifaxama,sab`Awi,mabt,ragaTA,tanasA,hagar,`Abiy,spor,wddr,mAstanAgad,bAltaga,HqEgr,kuAs,budn,dagAfi,stand
HandAndo,bAlamawsadu,gdyA,HqEskA,soryA,sawu,qaTala,gdyA,liyAsqoma,yAsAfr,tanasA,turk,dnbar,gaNu,soryAwyAnu,sdataNo,HqEDA,HaTAmra,maqamaT,mAyfalgu,galaxu,cause
niZar,dalal,hEdu,krstnA,HqEmna,takatAyo,bAlafu,HsAmntA,tamAytu,qaw,tanasA,Habuna,pitar,HEbEdEro,maru,Hsr`Ata,xalo,saw,Habunu,m`manA,kAkAhEdu,stand
HawroPA,mASagAgaru,srA,tabAbaru,m`rAb,HafriqAwyAnu,HacAwocA,tbbrA,ganzab,kokEy,tanasA,qalAlu,mAygama,kokEy,maTa,m`rAb,HafriqA,hbu`,SyAC,`Am,ton,cause
yhunnA,HanA,talk,nAgaru,skEtAmA,TankArA,yhunnA,tasfA,linora,mknyAto,tanasA,bago,HastasAsab,HaCr,yAgaNa,soriyAwi,salAm,yAlu,sawu,Hamaxu,yAbaqA,cause
mamhrAnnA,dANo,damoz,tmhrt,bEto,hunEtA,bATaqAlAy,nuro,hunEtA,tabalASa,tanasA,HEnrikE,rozA,Tor,hAylu,dgomA,tasaTa,yAla,hunEtA,HaTbqa,Tor,stand
taTAla,tal`ko,bqA,godala,mangHs,prEzidantu,HslTA,mAwrad,hAlAfinatu,marakab,tanasA,HqEHaHa,magAbi,`Am,Damro,qaTAyocu,rmDA,Hadis,danb,waTA,dras,cause
Hadis,HababA,yunivarsiti,flsfnA,tmhrt,digri,tamaraqa,waTAtu,HakAl,gudAtaNnatE,tanasA,HqEskA,srA,mAgNa,HalcAlku,sil,mrEtu,gudAyu,malakatA,sarAta,mAhbarAwi,cause
grAs,hAyAl,mangHs,yAl,HqEHsrAHEl,`Ala,salAm,HsgA,maTAl,gTmA,tanasA,HqEHsrAHEl,hagar,minstEr,grAs,wadahagar,HqEndAygabu,`gadA,HqEHsrAHEl,mangHs,tAzAbi,cause
ganzab,minstr,HamErikA,tafokAkAriyA,HanxAr,mTAnE,hab,mhur,HafriqAwinatAcawnA,sEtnatA,tanasA,`Ala,lmAtnA,bdr,saCi,drD,`Ala,bAnk,maru,falagu,Tqito,stand
HawropA,hbra,HawropA,hbra,turk,yAkl,hagar,taqablo,maquAquA,cl,tanasA,maDamariyA,Sangal,ngd,tssr,HqEndAlA,norwEy,Hayna,taqabAyna,flAgoto,yArakA,stand
